Rank,Molecule,Candidate Type,Related Receptor,GPR62,GPR61,GPR135,MT2,5-HT6,GPCRLigNet Score,ML Prediction,Experimental Validation,Evidence Level,Evidence Sentence,Priority Score,Literature Score,Receptor Relevance,Database,Year,PMID,PMCID,Journal,Authors,DOI,Article Title,PubMed Link,PMC Link,PubChem CID,SMILES,Paper Count,Interpretation,Recommended Next Step,Article Link
1,5-(Nonyloxy)Tryptamine,Close/related orphan GPCR candidate,GPR61,No,Yes,No,No,No,0.9802038669586182,High,Direct receptor evidence,B,Overexpression of Orphan Receptor GPR61 Increases cAMP Levels upon Forskolin Stimulation in HEK293 Cells: in vitro and in silico Validation of 5-(Nonyloxy)Tryptamine as a Low-Affinity Inverse Agonist.,0.8556325135231019,3,0.85,PubMed,2019,31352450,,Pharmacology,Kozielewicz P; Grafton G; Sajkowska-Kozielewicz JJ; Barnes NM,10.1159/000501926,Overexpression of Orphan Receptor GPR61 Increases cAMP Levels upon Forskolin Stimulation in HEK293 Cells: in vitro and in silico Validation of 5-(Nonyloxy)Tryptamine as a Low-Affinity Inverse Agonist.,https://pubmed.ncbi.nlm.nih.gov/31352450/,,1797,CCCCCCCCCOC1=CC2=C(C=C1)NC=C2CCN,1,5-(Nonyloxy)Tryptamine has experimental receptor evidence involving GPR61 and is being evaluated as a possible GPR62 candidate.,Prioritize for GPR62 binding/signaling assay,https://pubmed.ncbi.nlm.nih.gov/31352450/
2,luzindole,MT2-related exploratory candidate,MT2 receptor,No,No,No,Yes,No,0.9529802799224854,High,Unvalidated,E,,0.8444371819496155,68,0.5,PubMed,2026,42166832,,Cryobiology,Jiang SN; Zhang X; Si LN; Wei M; Wei XH; Wang YW; Sun TC; Yang SH; Chen ZH; Cheng LY,10.1016/j.cryobiol.2026.105645,Protective effects of melatonin on mouse ovarian tissue against oxidative stress and ferroptosis may involve the MT1 receptor.,https://pubmed.ncbi.nlm.nih.gov/42166832/,,122162,CC(=O)NCCC1=C(NC2=CC=CC=C21)CC3=CC=CC=C3,23,luzindole currently has an ML prediction but requires stronger receptor-specific literature validation.,Literature validation needed before experimental priority,https://pubmed.ncbi.nlm.nih.gov/42166832/
2,luzindole,MT2-related exploratory candidate,MT2 receptor,No,No,No,Yes,No,0.9529802799224854,High,Unvalidated,E,,0.8444371819496155,68,0.5,PubMed + PMC,2026,42118091,PMC13165690,FASEB journal : official publication of the Federation of American Societies for Experimental Biology,Pyanova A; Kalentchuk VU; Serebryakov VN; Schubert R,10.1096/fj.202601214R,Orchestration of PKC-Mediated Inhibition and Calcium Release-Mediated Activation of BK Currents in Rat Vascular Smooth Muscle Cells by Melatonin Confers a BK-Channel-Dependent Restraint on Melatonin-Induced Vasocontraction.,https://pubmed.ncbi.nlm.nih.gov/42118091/,https://pmc.ncbi.nlm.nih.gov/articles/PMC13165690/,122162,CC(=O)NCCC1=C(NC2=CC=CC=C21)CC3=CC=CC=C3,23,luzindole currently has an ML prediction but requires stronger receptor-specific literature validation.,Literature validation needed before experimental priority,https://pubmed.ncbi.nlm.nih.gov/42118091/
2,luzindole,MT2-related exploratory candidate,MT2 receptor,No,No,No,Yes,No,0.9529802799224854,High,Unvalidated,E,,0.8444371819496155,68,0.5,PubMed + PMC,2025,40871079,PMC12389105,Pharmaceutics,Gauthereau-Torres MY; Martínez-Guillen JS; Cervantes-Durán C; Gutiérrez-García CJ; Godínez-Hernández D; Aguilera Méndez A; Ortega-Varela LF,10.3390/pharmaceutics17081057,Preclinical Assessment of a Metformin-Melatonin Combination: Antinociceptive Synergism.,https://pubmed.ncbi.nlm.nih.gov/40871079/,https://pmc.ncbi.nlm.nih.gov/articles/PMC12389105/,122162,CC(=O)NCCC1=C(NC2=CC=CC=C21)CC3=CC=CC=C3,23,luzindole currently has an ML prediction but requires stronger receptor-specific literature validation.,Literature validation needed before experimental priority,https://pubmed.ncbi.nlm.nih.gov/40871079/
2,luzindole,MT2-related exploratory candidate,MT2 receptor,No,No,No,Yes,No,0.9529802799224854,High,Unvalidated,E,,0.8444371819496155,68,0.5,PubMed + PMC,2025,40801619,PMC12345928,Cells,Miranda-Riestra A; Estrada-Reyes R; Constantino-Jonapa LA; Argueta J; Oikawa-Sala J; Reséndiz-Gachús MA; Albarrán-Gaona D; Benítez-King G,10.3390/cells14151187,Enhanced Modulation of CaMKII in Mouse Hippocampus by an Antidepressant-like Dose of Melatonin/Ketamine Combination.,https://pubmed.ncbi.nlm.nih.gov/40801619/,https://pmc.ncbi.nlm.nih.gov/articles/PMC12345928/,122162,CC(=O)NCCC1=C(NC2=CC=CC=C21)CC3=CC=CC=C3,23,luzindole currently has an ML prediction but requires stronger receptor-specific literature validation.,Literature validation needed before experimental priority,https://pubmed.ncbi.nlm.nih.gov/40801619/
2,luzindole,MT2-related exploratory candidate,MT2 receptor,No,No,No,Yes,No,0.9529802799224854,High,Unvalidated,E,,0.8444371819496155,68,0.5,PubMed,2025,39537039,,The Journal of nutritional biochemistry,Kilinc E; Torun IE; Baranoglu Kilinc Y; Töre F,10.1016/j.jnutbio.2024.109800,Proposed receptor-mediated mechanisms of melatonin in nitroglycerin-induced migraine-like hyperalgesic conditions in rats.,https://pubmed.ncbi.nlm.nih.gov/39537039/,,122162,CC(=O)NCCC1=C(NC2=CC=CC=C21)CC3=CC=CC=C3,23,luzindole currently has an ML prediction but requires stronger receptor-specific literature validation.,Literature validation needed before experimental priority,https://pubmed.ncbi.nlm.nih.gov/39537039/
2,luzindole,MT2-related exploratory candidate,MT2 receptor,No,No,No,Yes,No,0.9529802799224854,High,Unvalidated,E,,0.8444371819496155,68,0.5,PubMed + PMC,2023,37834395,PMC10573520,International journal of molecular sciences,Möller JKS; Linowiecka K; Gagat M; Brożyna AA; Foksiński M; Wolnicka-Glubisz A; Pyza E; Reiter RJ; Tulic MK; Slominski AT; Steinbrink K; Kleszczyński K,10.3390/ijms241914947,Melanogenesis Is Directly Affected by Metabolites of Melatonin in Human Melanoma Cells.,https://pubmed.ncbi.nlm.nih.gov/37834395/,https://pmc.ncbi.nlm.nih.gov/articles/PMC10573520/,122162,CC(=O)NCCC1=C(NC2=CC=CC=C21)CC3=CC=CC=C3,23,luzindole currently has an ML prediction but requires stronger receptor-specific literature validation.,Literature validation needed before experimental priority,https://pubmed.ncbi.nlm.nih.gov/37834395/
2,luzindole,MT2-related exploratory candidate,MT2 receptor,No,No,No,Yes,No,0.9529802799224854,High,Unvalidated,E,,0.8444371819496155,68,0.5,PubMed,2023,37742475,,Biochemical and biophysical research communications,Dong S; Kifune T; Kato H; Wang L; Kong J; Hirofuji Y; Sun X; Sato H; Ito Y; Kato TA; Sakai Y; Ohga S; Fukumoto S; Masuda K,10.1016/j.bbrc.2023.09.050,Effects of melatonin on dopaminergic neuron development via IP3-mediated mitochondrial Ca2+ regulation in autism spectrum disorder.,https://pubmed.ncbi.nlm.nih.gov/37742475/,,122162,CC(=O)NCCC1=C(NC2=CC=CC=C21)CC3=CC=CC=C3,23,luzindole currently has an ML prediction but requires stronger receptor-specific literature validation.,Literature validation needed before experimental priority,https://pubmed.ncbi.nlm.nih.gov/37742475/
2,luzindole,MT2-related exploratory candidate,MT2 receptor,No,No,No,Yes,No,0.9529802799224854,High,Unvalidated,E,,0.8444371819496155,68,0.5,PubMed,2023,37717795,,Free radical biology & medicine,Ma SJ; Li C; Yan C; Liu N; Jiang GY; Yang HR; Yan HC; Li JY; Liu HL; Gao C,10.1016/j.freeradbiomed.2023.09.012,Melatonin alleviates early brain injury by inhibiting the NRF2-mediated ferroptosis pathway after subarachnoid hemorrhage.,https://pubmed.ncbi.nlm.nih.gov/37717795/,,122162,CC(=O)NCCC1=C(NC2=CC=CC=C21)CC3=CC=CC=C3,23,luzindole currently has an ML prediction but requires stronger receptor-specific literature validation.,Literature validation needed before experimental priority,https://pubmed.ncbi.nlm.nih.gov/37717795/
2,luzindole,MT2-related exploratory candidate,MT2 receptor,No,No,No,Yes,No,0.9529802799224854,High,Unvalidated,E,,0.8444371819496155,68,0.5,PubMed + PMC,2023,37569306,PMC10419066,International journal of molecular sciences,Durkina AV; Szeiffova Bacova B; Bernikova OG; Gonotkov MA; Sedova KA; Cuprova J; Vaykshnorayte MA; Diez ER; Prado NJ; Azarov JE,10.3390/ijms241511931,Blockade of Melatonin Receptors Abolishes Its Antiarrhythmic Effect and Slows Ventricular Conduction in Rat Hearts.,https://pubmed.ncbi.nlm.nih.gov/37569306/,https://pmc.ncbi.nlm.nih.gov/articles/PMC10419066/,122162,CC(=O)NCCC1=C(NC2=CC=CC=C21)CC3=CC=CC=C3,23,luzindole currently has an ML prediction but requires stronger receptor-specific literature validation.,Literature validation needed before experimental priority,https://pubmed.ncbi.nlm.nih.gov/37569306/
2,luzindole,MT2-related exploratory candidate,MT2 receptor,No,No,No,Yes,No,0.9529802799224854,High,Unvalidated,E,,0.8444371819496155,68,0.5,PubMed,2023,37394096,,Life sciences,Vicente JM; Lescano CH; Bordin S; Mónica FZ; Gobbi G; Anhê GF,10.1016/j.lfs.2023.121906,Agomelatine inhibits platelet aggregation through melatonin receptor-dependent and independent mechanisms.,https://pubmed.ncbi.nlm.nih.gov/37394096/,,122162,CC(=O)NCCC1=C(NC2=CC=CC=C21)CC3=CC=CC=C3,23,luzindole currently has an ML prediction but requires stronger receptor-specific literature validation.,Literature validation needed before experimental priority,https://pubmed.ncbi.nlm.nih.gov/37394096/
2,luzindole,MT2-related exploratory candidate,MT2 receptor,No,No,No,Yes,No,0.9529802799224854,High,Unvalidated,E,,0.8444371819496155,68,0.5,PubMed + PMC,2023,36982863,PMC10051954,International journal of molecular sciences,Li KL; Shan SW; Lin FY; Ling CY; Wong NW; Li HL; Han W; To CH; Do CW,10.3390/ijms24065789,Regulation of Aqueous Humor Secretion by Melatonin in Porcine Ciliary Epithelium.,https://pubmed.ncbi.nlm.nih.gov/36982863/,https://pmc.ncbi.nlm.nih.gov/articles/PMC10051954/,122162,CC(=O)NCCC1=C(NC2=CC=CC=C21)CC3=CC=CC=C3,23,luzindole currently has an ML prediction but requires stronger receptor-specific literature validation.,Literature validation needed before experimental priority,https://pubmed.ncbi.nlm.nih.gov/36982863/
2,luzindole,MT2-related exploratory candidate,MT2 receptor,No,No,No,Yes,No,0.9529802799224854,High,Unvalidated,E,,0.8444371819496155,68,0.5,PubMed + PMC,2023,36799176,PMC9942260,Molecular medicine reports,Wang X; Wang W; Zhang R; Ma B; Ni L; Feng H; Liu C,10.3892/mmr.2023.12958,Melatonin attenuates high glucose‑induced endothelial cell pyroptosis by activating the Nrf2 pathway to inhibit NLRP3 inflammasome activation.,https://pubmed.ncbi.nlm.nih.gov/36799176/,https://pmc.ncbi.nlm.nih.gov/articles/PMC9942260/,122162,CC(=O)NCCC1=C(NC2=CC=CC=C21)CC3=CC=CC=C3,23,luzindole currently has an ML prediction but requires stronger receptor-specific literature validation.,Literature validation needed before experimental priority,https://pubmed.ncbi.nlm.nih.gov/36799176/
2,luzindole,MT2-related exploratory candidate,MT2 receptor,No,No,No,Yes,No,0.9529802799224854,High,Unvalidated,E,,0.8444371819496155,68,0.5,PubMed,2023,36592515,,Theriogenology,Ma J; Wang J; Hu S; Li Y; Zhang Y; Yang Y; Yang C; Huo S; Yang Y; Zhaxi Y; Luo W,10.1016/j.theriogenology.2022.12.036,Effects of melatonin on development and hormone secretion of sheep theca cells in vitro.,https://pubmed.ncbi.nlm.nih.gov/36592515/,,122162,CC(=O)NCCC1=C(NC2=CC=CC=C21)CC3=CC=CC=C3,23,luzindole currently has an ML prediction but requires stronger receptor-specific literature validation.,Literature validation needed before experimental priority,https://pubmed.ncbi.nlm.nih.gov/36592515/
2,luzindole,MT2-related exploratory candidate,MT2 receptor,No,No,No,Yes,No,0.9529802799224854,High,Unvalidated,E,,0.8444371819496155,68,0.5,PubMed,2022,36018566,,Reproduction in domestic animals = Zuchthygiene,Ge W; Duan H; Zeng J; Zhao X; Li J; Hu J,10.1111/rda.14237,Melatonin protects sheep endometrial epithelial cells against lipopolysaccharide-induced inflammation in vitro.,https://pubmed.ncbi.nlm.nih.gov/36018566/,,122162,CC(=O)NCCC1=C(NC2=CC=CC=C21)CC3=CC=CC=C3,23,luzindole currently has an ML prediction but requires stronger receptor-specific literature validation.,Literature validation needed before experimental priority,https://pubmed.ncbi.nlm.nih.gov/36018566/
2,luzindole,MT2-related exploratory candidate,MT2 receptor,No,No,No,Yes,No,0.9529802799224854,High,Unvalidated,E,,0.8444371819496155,68,0.5,PubMed,2022,35932205,,Animal science journal = Nihon chikusan Gakkaiho,Wang W; Lv J; Duan H; Ding Z; Zeng J; Lv C; Hu J; Zhang Y; Zhao X,10.1111/asj.13760,"Regulatory role of melatonin on epidermal growth factor receptor, Type I collagen α1 chain, and caveolin 1 in granulosa cells of sheep antral follicles.",https://pubmed.ncbi.nlm.nih.gov/35932205/,,122162,CC(=O)NCCC1=C(NC2=CC=CC=C21)CC3=CC=CC=C3,23,luzindole currently has an ML prediction but requires stronger receptor-specific literature validation.,Literature validation needed before experimental priority,https://pubmed.ncbi.nlm.nih.gov/35932205/
2,luzindole,MT2-related exploratory candidate,MT2 receptor,No,No,No,Yes,No,0.9529802799224854,High,Unvalidated,E,,0.8444371819496155,68,0.5,PubMed + PMC,2022,35795373,PMC9251177,Frontiers in cardiovascular medicine,Li SJ; Cheng WL; Kao YH; Chung CC; Trang NN; Chen YJ,10.3389/fcvm.2022.885293,Melatonin Inhibits NF-κB/CREB/Runx2 Signaling and Alleviates Aortic Valve Calcification.,https://pubmed.ncbi.nlm.nih.gov/35795373/,https://pmc.ncbi.nlm.nih.gov/articles/PMC9251177/,122162,CC(=O)NCCC1=C(NC2=CC=CC=C21)CC3=CC=CC=C3,23,luzindole currently has an ML prediction but requires stronger receptor-specific literature validation.,Literature validation needed before experimental priority,https://pubmed.ncbi.nlm.nih.gov/35795373/
2,luzindole,MT2-related exploratory candidate,MT2 receptor,No,No,No,Yes,No,0.9529802799224854,High,Unvalidated,E,,0.8444371819496155,68,0.5,PubMed + PMC,2022,35682961,PMC9181011,International journal of molecular sciences,Fernández-Alegre E; Lacalle E; Soriano-Úbeda C; González-Montaña JR; Domínguez JC; Casao A; Martínez-Pastor F,10.3390/ijms23116284,Bos taurus and Cervus elaphus as Non-Seasonal/Seasonal Models for the Role of Melatonin Receptors in the Spermatozoon.,https://pubmed.ncbi.nlm.nih.gov/35682961/,https://pmc.ncbi.nlm.nih.gov/articles/PMC9181011/,122162,CC(=O)NCCC1=C(NC2=CC=CC=C21)CC3=CC=CC=C3,23,luzindole currently has an ML prediction but requires stronger receptor-specific literature validation.,Literature validation needed before experimental priority,https://pubmed.ncbi.nlm.nih.gov/35682961/
2,luzindole,MT2-related exploratory candidate,MT2 receptor,No,No,No,Yes,No,0.9529802799224854,High,Unvalidated,E,,0.8444371819496155,68,0.5,PubMed + PMC,2022,35588335,PMC11072751,Cellular and molecular life sciences : CMLS,Singhanat K; Apaijai N; Sumneang N; Maneechote C; Arunsak B; Chunchai T; Chattipakorn SC; Chattipakorn N,10.1007/s00018-022-04330-1,Therapeutic potential of a single-dose melatonin in the attenuation of cardiac ischemia/reperfusion injury in prediabetic obese rats.,https://pubmed.ncbi.nlm.nih.gov/35588335/,https://pmc.ncbi.nlm.nih.gov/articles/PMC11072751/,122162,CC(=O)NCCC1=C(NC2=CC=CC=C21)CC3=CC=CC=C3,23,luzindole currently has an ML prediction but requires stronger receptor-specific literature validation.,Literature validation needed before experimental priority,https://pubmed.ncbi.nlm.nih.gov/35588335/
2,luzindole,MT2-related exploratory candidate,MT2 receptor,No,No,No,Yes,No,0.9529802799224854,High,Unvalidated,E,,0.8444371819496155,68,0.5,PubMed + PMC,2022,35455066,PMC9029934,"Life (Basel, Switzerland)",Yapislar H; Haciosmanoglu E; Sarioglu T; Degirmencioglu S; Sogut I; Poteser M; Ekmekcioglu C,10.3390/life12040574,Anti-Inflammatory Effects of Melatonin in Rats with Induced Type 2 Diabetes Mellitus.,https://pubmed.ncbi.nlm.nih.gov/35455066/,https://pmc.ncbi.nlm.nih.gov/articles/PMC9029934/,122162,CC(=O)NCCC1=C(NC2=CC=CC=C21)CC3=CC=CC=C3,23,luzindole currently has an ML prediction but requires stronger receptor-specific literature validation.,Literature validation needed before experimental priority,https://pubmed.ncbi.nlm.nih.gov/35455066/
2,luzindole,MT2-related exploratory candidate,MT2 receptor,No,No,No,Yes,No,0.9529802799224854,High,Unvalidated,E,,0.8444371819496155,68,0.5,PubMed,2022,35247789,,Tissue & cell,Yapislar H; Haciosmanoglu E; Sarioglu T; Ekmekcioglu C,10.1016/j.tice.2022.101763,The melatonin MT2 receptor is involved in the anti-apoptotic effects of melatonin in rats with type 2 diabetes mellitus.,https://pubmed.ncbi.nlm.nih.gov/35247789/,,122162,CC(=O)NCCC1=C(NC2=CC=CC=C21)CC3=CC=CC=C3,23,luzindole currently has an ML prediction but requires stronger receptor-specific literature validation.,Literature validation needed before experimental priority,https://pubmed.ncbi.nlm.nih.gov/35247789/
2,luzindole,MT2-related exploratory candidate,MT2 receptor,No,No,No,Yes,No,0.9529802799224854,High,Unvalidated,E,,0.8444371819496155,68,0.5,PubMed,2022,35179400,,Current eye research,Xu J; Chen P; Zhao G; Wei S; Li Q; Guo C; Cao Q; Wu X; Di G,10.1080/02713683.2021.2022163,Copolymer Micelle-administered Melatonin Ameliorates Hyperosmolarity-induced Ocular Surface Damage through Regulating PINK1-mediated Mitophagy.,https://pubmed.ncbi.nlm.nih.gov/35179400/,,122162,CC(=O)NCCC1=C(NC2=CC=CC=C21)CC3=CC=CC=C3,23,luzindole currently has an ML prediction but requires stronger receptor-specific literature validation.,Literature validation needed before experimental priority,https://pubmed.ncbi.nlm.nih.gov/35179400/
2,luzindole,MT2-related exploratory candidate,MT2 receptor,No,No,No,Yes,No,0.9529802799224854,High,Unvalidated,E,,0.8444371819496155,68,0.5,PubMed,2022,34910685,,Journal of molecular endocrinology,Zhang W; Zhang Z; Peng J; Yang S; Tong D,10.1530/JME-21-0155,Effects of melatonin on the production of GnRH and LH in luteal cells of pregnant sows.,https://pubmed.ncbi.nlm.nih.gov/34910685/,,122162,CC(=O)NCCC1=C(NC2=CC=CC=C21)CC3=CC=CC=C3,23,luzindole currently has an ML prediction but requires stronger receptor-specific literature validation.,Literature validation needed before experimental priority,https://pubmed.ncbi.nlm.nih.gov/34910685/
2,luzindole,MT2-related exploratory candidate,MT2 receptor,No,No,No,Yes,No,0.9529802799224854,High,Unvalidated,E,,0.8444371819496155,68,0.5,PubMed,2022,34642909,,"Reproductive sciences (Thousand Oaks, Calif.)",Barberino RS; Lins TLBG; Monte APO; Gouveia BB; Campinho DSP; Palheta RC; Smitz JEJ; Matos MHT,10.1007/s43032-021-00768-z,Melatonin Attenuates Cyclophosphamide-Induced Primordial Follicle Loss by Interaction with MT1 Receptor and Modulation of PTEN/Akt/FOXO3a Proteins in the Mouse Ovary.,https://pubmed.ncbi.nlm.nih.gov/34642909/,,122162,CC(=O)NCCC1=C(NC2=CC=CC=C21)CC3=CC=CC=C3,23,luzindole currently has an ML prediction but requires stronger receptor-specific literature validation.,Literature validation needed before experimental priority,https://pubmed.ncbi.nlm.nih.gov/34642909/
3,Retinaldehyde,Close/related orphan GPCR candidate,GPR135,No,No,Yes,No,No,0.9044342041015625,High,Unvalidated,E,,0.7813822326660157,3,0.75,PubMed,2014,24503482,,Molecular phylogenetics and evolution,Kakarala KK; Jamil K,10.1016/j.ympev.2014.01.022,Sequence-structure based phylogeny of GPCR Class A Rhodopsin receptors.,https://pubmed.ncbi.nlm.nih.gov/24503482/,,638015,CC1=C(C(CCC1)(C)C)C=CC(=CC=CC(=CC=O)C)C,1,Retinaldehyde currently has an ML prediction but requires stronger receptor-specific literature validation.,Literature validation needed before experimental priority,https://pubmed.ncbi.nlm.nih.gov/24503482/
4,dorsomorphin,MT2-related exploratory candidate,MT2 receptor,No,No,No,Yes,No,0.9938246011734009,High,Unvalidated,E,,0.7769859907627106,3,0.5,PubMed + PMC,2025,40871079,PMC12389105,Pharmaceutics,Gauthereau-Torres MY; Martínez-Guillen JS; Cervantes-Durán C; Gutiérrez-García CJ; Godínez-Hernández D; Aguilera Méndez A; Ortega-Varela LF,10.3390/pharmaceutics17081057,Preclinical Assessment of a Metformin-Melatonin Combination: Antinociceptive Synergism.,https://pubmed.ncbi.nlm.nih.gov/40871079/,https://pmc.ncbi.nlm.nih.gov/articles/PMC12389105/,11524144,C1CCN(CC1)CCOC2=CC=C(C=C2)C3=CN4C(=C(C=N4)C5=CC=NC=C5)N=C3,1,dorsomorphin currently has an ML prediction but requires stronger receptor-specific literature validation.,Literature validation needed before experimental priority,https://pubmed.ncbi.nlm.nih.gov/40871079/
5,SCHEMBL7562664,MT2-related exploratory candidate,MT2 receptor,No,No,No,Yes,No,0.9779346585273743,High,Unvalidated,E,,0.7666575280427933,3,0.5,PubMed,2025,40424842,,Journal of molecular graphics & modelling,Hashemi SMJ; Ghalehnoei H; Barzegar A; Feizi-Dehnayebi M; Akhtari J; Mellati A,10.1016/j.jmgm.2025.109086,In silico discovery of multi-target small molecules and efficient siRNA design to overcome drug resistance in breast cancer via local therapy.,https://pubmed.ncbi.nlm.nih.gov/40424842/,,70130285,CC(CCC(=C(C)C)CCO)C1CCC2C1(CCC3C2CC=C4C3(CCCC4)C)C,1,SCHEMBL7562664 currently has an ML prediction but requires stronger receptor-specific literature validation.,Literature validation needed before experimental priority,https://pubmed.ncbi.nlm.nih.gov/40424842/
6,haloperidol decanoate,MT2-related exploratory candidate,MT2 receptor,No,No,No,Yes,No,0.9746153354644775,High,Indirect/context evidence,D,"High-dose Agomelatine Combined with Haloperidol Decanoate Improves Cognition, Downregulates MT2, Upregulates D5, and Maintains Krüppel-like Factor 9 But Alters Cardiac Electrophysiology.",0.7604999680519104,1,0.5,PubMed,2024,38816228,,The Journal of pharmacology and experimental therapeutics,Abdelmissih S; Abdelgwad M; Ali DME; Negm MSI; Eshra MA; Youssef A,10.1124/jpet.123.002087,"High-dose Agomelatine Combined with Haloperidol Decanoate Improves Cognition, Downregulates MT2, Upregulates D5, and Maintains Krüppel-like Factor 9 But Alters Cardiac Electrophysiology.",https://pubmed.ncbi.nlm.nih.gov/38816228/,,52919,CCCCCCCCCC(=O)OC1(CCN(CC1)CCCC(=O)C2=CC=C(C=C2)F)C3=CC=C(C=C3)Cl,1,"haloperidol decanoate appears in literature related to MT2 receptor, but direct receptor interaction has not been established.",Review full article for direct receptor evidence,https://pubmed.ncbi.nlm.nih.gov/38816228/
7,Sirolimus,5-HT6 exploratory candidate,5-HT6 receptor,No,No,No,No,Yes,0.997548520565033,High,Unvalidated,E,,0.7489065383672715,19,0.25,PubMed,2025,40757510,,Journal of neurochemistry,Mokhtar N; Drop M; Delay L; Rondón LJ; Costerousse L; Chapuy E; Prival L; Lamaty F; Bantreil X; Canale V; Marin P; Zajdel P; Doly S; Courteix C,10.1111/jnc.70179,5-HT6 Receptor Inverse Agonists Modulate Diabetic Neuropathic Pain in Female Rats: Evidence for 5-HT6 Receptor Constitutive Activity.,https://pubmed.ncbi.nlm.nih.gov/40757510/,,5284616,CC1CCC2CC(C(=CC=CC=CC(CC(C(=O)C(C(C(=CC(C(=O)CC(OC(=O)C3CCCCN3C(=O)C(=O)C1(O2)O)C(C)CC4CCC(C(C4)OC)O)C)C)O)OC)C)C)C)OC,6,Sirolimus currently has an ML prediction but requires stronger receptor-specific literature validation.,Literature validation needed before experimental priority,https://pubmed.ncbi.nlm.nih.gov/40757510/
7,Sirolimus,5-HT6 exploratory candidate,5-HT6 receptor,No,No,No,No,Yes,0.997548520565033,High,Unvalidated,E,,0.7489065383672715,19,0.25,PubMed + PMC,2025,40069248,PMC11897353,Scientific reports,Alcaíno JM; Vera G; Almarza G; Lagos CF; Terraza CA; Del Campo A; Recabarren-Gajardo G,10.1038/s41598-025-92755-6,Novel 5-HT6R modulators as mTOR-dependent neuronal autophagy inductors.,https://pubmed.ncbi.nlm.nih.gov/40069248/,https://pmc.ncbi.nlm.nih.gov/articles/PMC11897353/,5284616,CC1CCC2CC(C(=CC=CC=CC(CC(C(=O)C(C(C(=CC(C(=O)CC(OC(=O)C3CCCCN3C(=O)C(=O)C1(O2)O)C(C)CC4CCC(C(C4)OC)O)C)C)O)OC)C)C)C)OC,6,Sirolimus currently has an ML prediction but requires stronger receptor-specific literature validation.,Literature validation needed before experimental priority,https://pubmed.ncbi.nlm.nih.gov/40069248/
7,Sirolimus,5-HT6 exploratory candidate,5-HT6 receptor,No,No,No,No,Yes,0.997548520565033,High,Unvalidated,E,,0.7489065383672715,19,0.25,PubMed + PMC,2023,36830733,PMC9953062,Biomolecules,Mokhtar N; Drop M; Jacquot F; Lamoine S; Chapuy E; Prival L; Aissouni Y; Canale V; Lamaty F; Zajdel P; Marin P; Doly S; Courteix C,10.3390/biom13020364,The Constitutive Activity of Spinal 5-HT6 Receptors Contributes to Diabetic Neuropathic Pain in Rats.,https://pubmed.ncbi.nlm.nih.gov/36830733/,https://pmc.ncbi.nlm.nih.gov/articles/PMC9953062/,5284616,CC1CCC2CC(C(=CC=CC=CC(CC(C(=O)C(C(C(=CC(C(=O)CC(OC(=O)C3CCCCN3C(=O)C(=O)C1(O2)O)C(C)CC4CCC(C(C4)OC)O)C)C)O)OC)C)C)C)OC,6,Sirolimus currently has an ML prediction but requires stronger receptor-specific literature validation.,Literature validation needed before experimental priority,https://pubmed.ncbi.nlm.nih.gov/36830733/
7,Sirolimus,5-HT6 exploratory candidate,5-HT6 receptor,No,No,No,No,Yes,0.997548520565033,High,Unvalidated,E,,0.7489065383672715,19,0.25,PubMed + PMC,2021,34576341,PMC8467191,International journal of molecular sciences,Doucet E; Grychowska K; Zajdel P; Bockaert J; Marin P; Bécamel C,10.3390/ijms221810178,Blockade of Serotonin 5-HT6 Receptor Constitutive Activity Alleviates Cognitive Deficits in a Preclinical Model of Neurofibromatosis Type 1.,https://pubmed.ncbi.nlm.nih.gov/34576341/,https://pmc.ncbi.nlm.nih.gov/articles/PMC8467191/,5284616,CC1CCC2CC(C(=CC=CC=CC(CC(C(=O)C(C(C(=CC(C(=O)CC(OC(=O)C3CCCCN3C(=O)C(=O)C1(O2)O)C(C)CC4CCC(C(C4)OC)O)C)C)O)OC)C)C)C)OC,6,Sirolimus currently has an ML prediction but requires stronger receptor-specific literature validation.,Literature validation needed before experimental priority,https://pubmed.ncbi.nlm.nih.gov/34576341/
7,Sirolimus,5-HT6 exploratory candidate,5-HT6 receptor,No,No,No,No,Yes,0.997548520565033,High,Unvalidated,E,,0.7489065383672715,19,0.25,PubMed,2020,32512114,,Progress in neurobiology,Martin PY; Doly S; Hamieh AM; Chapuy E; Canale V; Drop M; Chaumont-Dubel S; Bantreil X; Lamaty F; Bojarski AJ; Zajdel P; Eschalier A; Marin P; Courteix C,10.1016/j.pneurobio.2020.101846,mTOR activation by constitutively active serotonin6 receptors as new paradigm in neuropathic pain and its treatment.,https://pubmed.ncbi.nlm.nih.gov/32512114/,,5284616,CC1CCC2CC(C(=CC=CC=CC(CC(C(=O)C(C(C(=CC(C(=O)CC(OC(=O)C3CCCCN3C(=O)C(=O)C1(O2)O)C(C)CC4CCC(C(C4)OC)O)C)C)O)OC)C)C)C)OC,6,Sirolimus currently has an ML prediction but requires stronger receptor-specific literature validation.,Literature validation needed before experimental priority,https://pubmed.ncbi.nlm.nih.gov/32512114/
7,Sirolimus,5-HT6 exploratory candidate,5-HT6 receptor,No,No,No,No,Yes,0.997548520565033,High,Unvalidated,E,,0.7489065383672715,19,0.25,PubMed + PMC,2020,32329240,PMC7207164,EMBO molecular medicine,Berthoux C; Hamieh AM; Rogliardo A; Doucet EL; Coudert C; Ango F; Grychowska K; Chaumont-Dubel S; Zajdel P; Maldonado R; Bockaert J; Marin P; Bécamel C,10.15252/emmm.201910605,Early 5-HT6 receptor blockade prevents symptom onset in a model of adolescent cannabis abuse.,https://pubmed.ncbi.nlm.nih.gov/32329240/,https://pmc.ncbi.nlm.nih.gov/articles/PMC7207164/,5284616,CC1CCC2CC(C(=CC=CC=CC(CC(C(=O)C(C(C(=CC(C(=O)CC(OC(=O)C3CCCCN3C(=O)C(=O)C1(O2)O)C(C)CC4CCC(C(C4)OC)O)C)C)O)OC)C)C)C)OC,6,Sirolimus currently has an ML prediction but requires stronger receptor-specific literature validation.,Literature validation needed before experimental priority,https://pubmed.ncbi.nlm.nih.gov/32329240/
8,Prazosin,MT2-related exploratory candidate,MT2 receptor,No,No,No,Yes,Yes,0.9143102169036865,High,Indirect/context evidence,D,Low-dose prazosin in combination with 5-HT6 antagonist PRX-07034 has antipsychotic effects.,0.7433016409873963,12,0.5,PubMed,2025,39537039,,The Journal of nutritional biochemistry,Kilinc E; Torun IE; Baranoglu Kilinc Y; Töre F,10.1016/j.jnutbio.2024.109800,Proposed receptor-mediated mechanisms of melatonin in nitroglycerin-induced migraine-like hyperalgesic conditions in rats.,https://pubmed.ncbi.nlm.nih.gov/39537039/,,4893,COC1=C(C=C2C(=C1)C(=NC(=N2)N3CCN(CC3)C(=O)C4=CC=CO4)N)OC,3,"Prazosin appears in literature related to 5-HT6 receptor, MT2 receptor, but direct receptor interaction has not been established.",Review full article for direct receptor evidence,https://pubmed.ncbi.nlm.nih.gov/39537039/
8,Prazosin,MT2-related exploratory candidate,MT2 receptor,No,No,No,Yes,Yes,0.9143102169036865,High,Indirect/context evidence,D,Low-dose prazosin in combination with 5-HT6 antagonist PRX-07034 has antipsychotic effects.,0.7433016409873963,12,0.5,PubMed + PMC,2023,36982863,PMC10051954,International journal of molecular sciences,Li KL; Shan SW; Lin FY; Ling CY; Wong NW; Li HL; Han W; To CH; Do CW,10.3390/ijms24065789,Regulation of Aqueous Humor Secretion by Melatonin in Porcine Ciliary Epithelium.,https://pubmed.ncbi.nlm.nih.gov/36982863/,https://pmc.ncbi.nlm.nih.gov/articles/PMC10051954/,4893,COC1=C(C=C2C(=C1)C(=NC(=N2)N3CCN(CC3)C(=O)C4=CC=CO4)N)OC,3,"Prazosin appears in literature related to 5-HT6 receptor, MT2 receptor, but direct receptor interaction has not been established.",Review full article for direct receptor evidence,https://pubmed.ncbi.nlm.nih.gov/36982863/
8,Prazosin,MT2-related exploratory candidate,5-HT6 receptor,No,No,No,Yes,Yes,0.9143102169036865,High,Indirect/context evidence,D,Low-dose prazosin in combination with 5-HT6 antagonist PRX-07034 has antipsychotic effects.,0.7433016409873963,12,0.5,PubMed,2015,25429515,,Canadian journal of physiology and pharmacology,Abraham R; Nirogi R; Shinde A; Irupannanavar S,10.1139/cjpp-2014-0254,Low-dose prazosin in combination with 5-HT6 antagonist PRX-07034 has antipsychotic effects.,https://pubmed.ncbi.nlm.nih.gov/25429515/,,4893,COC1=C(C=C2C(=C1)C(=NC(=N2)N3CCN(CC3)C(=O)C4=CC=CO4)N)OC,3,"Prazosin appears in literature related to 5-HT6 receptor, MT2 receptor, but direct receptor interaction has not been established.",Review full article for direct receptor evidence,https://pubmed.ncbi.nlm.nih.gov/25429515/
9,Naloxone,MT2-related exploratory candidate,MT2 receptor,No,No,No,Yes,No,0.9209599494934082,High,Unvalidated,E,,0.7296239671707153,3,0.5,PubMed + PMC,2025,40871079,PMC12389105,Pharmaceutics,Gauthereau-Torres MY; Martínez-Guillen JS; Cervantes-Durán C; Gutiérrez-García CJ; Godínez-Hernández D; Aguilera Méndez A; Ortega-Varela LF,10.3390/pharmaceutics17081057,Preclinical Assessment of a Metformin-Melatonin Combination: Antinociceptive Synergism.,https://pubmed.ncbi.nlm.nih.gov/40871079/,https://pmc.ncbi.nlm.nih.gov/articles/PMC12389105/,5284596,C=CCN1CCC23C4C(=O)CCC2(C1CC5=C3C(=C(C=C5)O)O4)O,1,Naloxone currently has an ML prediction but requires stronger receptor-specific literature validation.,Literature validation needed before experimental priority,https://pubmed.ncbi.nlm.nih.gov/40871079/
10,SB-399885,5-HT6 exploratory candidate,5-HT6 receptor,No,No,No,No,Yes,0.8629044890403748,High,Direct receptor evidence,C,"Characterization of Behavioral, Signaling and Cytokine Alterations in a Rat Neurodevelopmental Model for Schizophrenia, and Their Reversal by the 5-HT6 Receptor Antagonist SB-399885.",0.7213879178762436,49,0.25,PubMed,2025,40885239,,European journal of pharmacology,Salaga M; Binienda A; Canale V; Grychowska K; Soural M; Marin P; Zajdel P,10.1016/j.ejphar.2025.178099,Serotonin type 6 receptor inverse agonists and neutral antagonists inhibit defecation: relevance to intestinal motility disorders.,https://pubmed.ncbi.nlm.nih.gov/40885239/,,6918649,COC1=C(C=C(C=C1)S(=O)(=O)NC2=C(C(=CC(=C2)Cl)Cl)OC)N3CCNCC3,15,SB-399885 has experimental receptor evidence involving 5-HT6 receptor and is being evaluated as a possible GPR62 candidate.,Prioritize for GPR62 binding/signaling assay,https://pubmed.ncbi.nlm.nih.gov/40885239/
10,SB-399885,5-HT6 exploratory candidate,5-HT6 receptor,No,No,No,No,Yes,0.8629044890403748,High,Direct receptor evidence,C,"Characterization of Behavioral, Signaling and Cytokine Alterations in a Rat Neurodevelopmental Model for Schizophrenia, and Their Reversal by the 5-HT6 Receptor Antagonist SB-399885.",0.7213879178762436,49,0.25,PubMed,2023,37783559,,International review of neurobiology,Sharma HS; Feng L; Muresanu DF; Tian ZR; Lafuente JV; Buzoianu AD; Nozari A; Bryukhovetskiy I; Manzhulo I; Wiklund L; Sharma A,10.1016/bs.irn.2023.05.018,Stress induced exacerbation of Alzheimer's disease brain pathology is thwarted by co-administration of nanowired cerebrolysin and monoclonal amyloid beta peptide antibodies with serotonin 5-HT6 receptor antagonist SB-399885.,https://pubmed.ncbi.nlm.nih.gov/37783559/,,6918649,COC1=C(C=C(C=C1)S(=O)(=O)NC2=C(C(=CC(=C2)Cl)Cl)OC)N3CCNCC3,15,SB-399885 has experimental receptor evidence involving 5-HT6 receptor and is being evaluated as a possible GPR62 candidate.,Prioritize for GPR62 binding/signaling assay,https://pubmed.ncbi.nlm.nih.gov/37783559/
10,SB-399885,5-HT6 exploratory candidate,5-HT6 receptor,No,No,No,No,Yes,0.8629044890403748,High,Direct receptor evidence,C,"Characterization of Behavioral, Signaling and Cytokine Alterations in a Rat Neurodevelopmental Model for Schizophrenia, and Their Reversal by the 5-HT6 Receptor Antagonist SB-399885.",0.7213879178762436,49,0.25,PubMed,2023,37776946,,Neuroscience,Márquez LA; Meneses A; Galván EJ,10.1016/j.neuroscience.2023.09.013,5-HT6 Receptors Control GABAergic Transmission and CA1 Pyramidal Cell Output of Dorsal Hippocampus.,https://pubmed.ncbi.nlm.nih.gov/37776946/,,6918649,COC1=C(C=C(C=C1)S(=O)(=O)NC2=C(C(=CC(=C2)Cl)Cl)OC)N3CCNCC3,15,SB-399885 has experimental receptor evidence involving 5-HT6 receptor and is being evaluated as a possible GPR62 candidate.,Prioritize for GPR62 binding/signaling assay,https://pubmed.ncbi.nlm.nih.gov/37776946/
10,SB-399885,5-HT6 exploratory candidate,5-HT6 receptor,No,No,No,No,Yes,0.8629044890403748,High,Direct receptor evidence,C,"Characterization of Behavioral, Signaling and Cytokine Alterations in a Rat Neurodevelopmental Model for Schizophrenia, and Their Reversal by the 5-HT6 Receptor Antagonist SB-399885.",0.7213879178762436,49,0.25,PubMed + PMC,2021,34467765,PMC8474115,Journal of medicinal chemistry,Zajdel P; Grychowska K; Mogilski S; Kurczab R; Satała G; Bugno R; Kos T; Gołębiowska J; Malikowska-Racia N; Nikiforuk A; Chaumont-Dubel S; Bantreil X; Pawłowski M; Martinez J; Subra G; Lamaty F; Marin P; Bojarski AJ; Popik P,10.1021/acs.jmedchem.1c00224,"Structure-Based Design and Optimization of FPPQ, a Dual-Acting 5-HT3 and 5-HT6 Receptor Antagonist with Antipsychotic and Procognitive Properties.",https://pubmed.ncbi.nlm.nih.gov/34467765/,https://pmc.ncbi.nlm.nih.gov/articles/PMC8474115/,6918649,COC1=C(C=C(C=C1)S(=O)(=O)NC2=C(C(=CC(=C2)Cl)Cl)OC)N3CCNCC3,15,SB-399885 has experimental receptor evidence involving 5-HT6 receptor and is being evaluated as a possible GPR62 candidate.,Prioritize for GPR62 binding/signaling assay,https://pubmed.ncbi.nlm.nih.gov/34467765/
10,SB-399885,5-HT6 exploratory candidate,5-HT6 receptor,No,No,No,No,Yes,0.8629044890403748,High,Direct receptor evidence,C,"Characterization of Behavioral, Signaling and Cytokine Alterations in a Rat Neurodevelopmental Model for Schizophrenia, and Their Reversal by the 5-HT6 Receptor Antagonist SB-399885.",0.7213879178762436,49,0.25,PubMed,2019,31586629,,European journal of pharmacology,Hagsäter SM; Lisinski A; Eriksson E,10.1016/j.ejphar.2019.172718,5-HT6 receptor antagonism reduces defecation in rat: A potential treatment strategy for irritable bowel syndrome with diarrhea.,https://pubmed.ncbi.nlm.nih.gov/31586629/,,6918649,COC1=C(C=C(C=C1)S(=O)(=O)NC2=C(C(=CC(=C2)Cl)Cl)OC)N3CCNCC3,15,SB-399885 has experimental receptor evidence involving 5-HT6 receptor and is being evaluated as a possible GPR62 candidate.,Prioritize for GPR62 binding/signaling assay,https://pubmed.ncbi.nlm.nih.gov/31586629/
10,SB-399885,5-HT6 exploratory candidate,5-HT6 receptor,No,No,No,No,Yes,0.8629044890403748,High,Direct receptor evidence,C,"Characterization of Behavioral, Signaling and Cytokine Alterations in a Rat Neurodevelopmental Model for Schizophrenia, and Their Reversal by the 5-HT6 Receptor Antagonist SB-399885.",0.7213879178762436,49,0.25,PubMed,2019,30452930,,Behavioural brain research,Aparicio-Nava L; Tellez R; Gonzalez R; Liy-Salmeron G; Meneses A,10.1016/j.bbr.2018.11.021,Intrahippocampal administration of 5-HT6 receptor drugs on memory consolidation and amnesia protocols.,https://pubmed.ncbi.nlm.nih.gov/30452930/,,6918649,COC1=C(C=C(C=C1)S(=O)(=O)NC2=C(C(=CC(=C2)Cl)Cl)OC)N3CCNCC3,15,SB-399885 has experimental receptor evidence involving 5-HT6 receptor and is being evaluated as a possible GPR62 candidate.,Prioritize for GPR62 binding/signaling assay,https://pubmed.ncbi.nlm.nih.gov/30452930/
10,SB-399885,5-HT6 exploratory candidate,5-HT6 receptor,No,No,No,No,Yes,0.8629044890403748,High,Direct receptor evidence,C,"Characterization of Behavioral, Signaling and Cytokine Alterations in a Rat Neurodevelopmental Model for Schizophrenia, and Their Reversal by the 5-HT6 Receptor Antagonist SB-399885.",0.7213879178762436,49,0.25,PubMed,2018,29502275,,Psychopharmacology,Bokare AM; Bhonde M; Goel R; Nayak Y,10.1007/s00213-018-4866-z,5-HT6 receptor agonist and antagonist modulates ICV-STZ-induced memory impairment in rats.,https://pubmed.ncbi.nlm.nih.gov/29502275/,,6918649,COC1=C(C=C(C=C1)S(=O)(=O)NC2=C(C(=CC(=C2)Cl)Cl)OC)N3CCNCC3,15,SB-399885 has experimental receptor evidence involving 5-HT6 receptor and is being evaluated as a possible GPR62 candidate.,Prioritize for GPR62 binding/signaling assay,https://pubmed.ncbi.nlm.nih.gov/29502275/
10,SB-399885,5-HT6 exploratory candidate,5-HT6 receptor,No,No,No,No,Yes,0.8629044890403748,High,Direct receptor evidence,C,"Characterization of Behavioral, Signaling and Cytokine Alterations in a Rat Neurodevelopmental Model for Schizophrenia, and Their Reversal by the 5-HT6 Receptor Antagonist SB-399885.",0.7213879178762436,49,0.25,PubMed + PMC,2018,29491159,PMC5923087,Journal of virology,Riva L; Song OR; Prentoe J; Helle F; L'homme L; Gattolliat CH; Vandeputte A; Fénéant L; Belouzard S; Baumert TF; Asselah T; Bukh J; Brodin P; Cocquerel L; Rouillé Y; Dubuisson J,10.1128/JVI.01982-17,Identification of Piperazinylbenzenesulfonamides as New Inhibitors of Claudin-1 Trafficking and Hepatitis C Virus Entry.,https://pubmed.ncbi.nlm.nih.gov/29491159/,https://pmc.ncbi.nlm.nih.gov/articles/PMC5923087/,6918649,COC1=C(C=C(C=C1)S(=O)(=O)NC2=C(C(=CC(=C2)Cl)Cl)OC)N3CCNCC3,15,SB-399885 has experimental receptor evidence involving 5-HT6 receptor and is being evaluated as a possible GPR62 candidate.,Prioritize for GPR62 binding/signaling assay,https://pubmed.ncbi.nlm.nih.gov/29491159/
10,SB-399885,5-HT6 exploratory candidate,5-HT6 receptor,No,No,No,No,Yes,0.8629044890403748,High,Direct receptor evidence,C,"Characterization of Behavioral, Signaling and Cytokine Alterations in a Rat Neurodevelopmental Model for Schizophrenia, and Their Reversal by the 5-HT6 Receptor Antagonist SB-399885.",0.7213879178762436,49,0.25,PubMed + PMC,2018,29423817,PMC6096968,Molecular neurobiology,Shortall SE; Negm OH; Fowler M; Fairclough LC; Tighe PJ; Wigmore PM; King MV,10.1007/s12035-018-0940-0,"Characterization of Behavioral, Signaling and Cytokine Alterations in a Rat Neurodevelopmental Model for Schizophrenia, and Their Reversal by the 5-HT6 Receptor Antagonist SB-399885.",https://pubmed.ncbi.nlm.nih.gov/29423817/,https://pmc.ncbi.nlm.nih.gov/articles/PMC6096968/,6918649,COC1=C(C=C(C=C1)S(=O)(=O)NC2=C(C(=CC(=C2)Cl)Cl)OC)N3CCNCC3,15,SB-399885 has experimental receptor evidence involving 5-HT6 receptor and is being evaluated as a possible GPR62 candidate.,Prioritize for GPR62 binding/signaling assay,https://pubmed.ncbi.nlm.nih.gov/29423817/
10,SB-399885,5-HT6 exploratory candidate,5-HT6 receptor,No,No,No,No,Yes,0.8629044890403748,High,Direct receptor evidence,C,"Characterization of Behavioral, Signaling and Cytokine Alterations in a Rat Neurodevelopmental Model for Schizophrenia, and Their Reversal by the 5-HT6 Receptor Antagonist SB-399885.",0.7213879178762436,49,0.25,PubMed,2017,28271324,,Neurochemical research,Bokare AM; Praveenkumar AK; Bhonde M; Nayak Y; Pal R; Goel R,10.1007/s11064-017-2217-9,5-HT6 Receptor Agonist and Antagonist Against β-Amyloid-Peptide-Induced Neurotoxicity in PC-12 Cells.,https://pubmed.ncbi.nlm.nih.gov/28271324/,,6918649,COC1=C(C=C(C=C1)S(=O)(=O)NC2=C(C(=CC(=C2)Cl)Cl)OC)N3CCNCC3,15,SB-399885 has experimental receptor evidence involving 5-HT6 receptor and is being evaluated as a possible GPR62 candidate.,Prioritize for GPR62 binding/signaling assay,https://pubmed.ncbi.nlm.nih.gov/28271324/
10,SB-399885,5-HT6 exploratory candidate,5-HT6 receptor,No,No,No,No,Yes,0.8629044890403748,High,Direct receptor evidence,C,"Characterization of Behavioral, Signaling and Cytokine Alterations in a Rat Neurodevelopmental Model for Schizophrenia, and Their Reversal by the 5-HT6 Receptor Antagonist SB-399885.",0.7213879178762436,49,0.25,PubMed,2015,25932719,,Behavioural pharmacology,Hasebe S; Ago Y; Nishiyama S; Oka S; Hashimoto H; Takuma K; Matsuda T,10.1097/FBP.0000000000000140,Pharmacological profile of encounter-induced hyperactivity in isolation-reared mice.,https://pubmed.ncbi.nlm.nih.gov/25932719/,,6918649,COC1=C(C=C(C=C1)S(=O)(=O)NC2=C(C(=CC(=C2)Cl)Cl)OC)N3CCNCC3,15,SB-399885 has experimental receptor evidence involving 5-HT6 receptor and is being evaluated as a possible GPR62 candidate.,Prioritize for GPR62 binding/signaling assay,https://pubmed.ncbi.nlm.nih.gov/25932719/
10,SB-399885,5-HT6 exploratory candidate,5-HT6 receptor,No,No,No,No,Yes,0.8629044890403748,High,Direct receptor evidence,C,"Characterization of Behavioral, Signaling and Cytokine Alterations in a Rat Neurodevelopmental Model for Schizophrenia, and Their Reversal by the 5-HT6 Receptor Antagonist SB-399885.",0.7213879178762436,49,0.25,PubMed,2015,25863120,,Neuropharmacology,Asaoka N; Nagayasu K; Nishitani N; Yamashiro M; Shirakawa H; Nakagawa T; Kaneko S,10.1016/j.neuropharm.2015.03.032,Olanzapine augments the effect of selective serotonin reuptake inhibitors by suppressing GABAergic inhibition via antagonism of 5-HT₆ receptors in the dorsal raphe nucleus.,https://pubmed.ncbi.nlm.nih.gov/25863120/,,6918649,COC1=C(C=C(C=C1)S(=O)(=O)NC2=C(C(=CC(=C2)Cl)Cl)OC)N3CCNCC3,15,SB-399885 has experimental receptor evidence involving 5-HT6 receptor and is being evaluated as a possible GPR62 candidate.,Prioritize for GPR62 binding/signaling assay,https://pubmed.ncbi.nlm.nih.gov/25863120/
10,SB-399885,5-HT6 exploratory candidate,5-HT6 receptor,No,No,No,No,Yes,0.8629044890403748,High,Direct receptor evidence,C,"Characterization of Behavioral, Signaling and Cytokine Alterations in a Rat Neurodevelopmental Model for Schizophrenia, and Their Reversal by the 5-HT6 Receptor Antagonist SB-399885.",0.7213879178762436,49,0.25,PubMed,2015,25837696,,ACS chemical neuroscience,Brouard JT; Schweimer JV; Houlton R; Burnham KE; Quérée P; Sharp T,10.1021/acschemneuro.5b00061,Pharmacological Evidence for 5-HT6 Receptor Modulation of 5-HT Neuron Firing in Vivo.,https://pubmed.ncbi.nlm.nih.gov/25837696/,,6918649,COC1=C(C=C(C=C1)S(=O)(=O)NC2=C(C(=CC(=C2)Cl)Cl)OC)N3CCNCC3,15,SB-399885 has experimental receptor evidence involving 5-HT6 receptor and is being evaluated as a possible GPR62 candidate.,Prioritize for GPR62 binding/signaling assay,https://pubmed.ncbi.nlm.nih.gov/25837696/
10,SB-399885,5-HT6 exploratory candidate,5-HT6 receptor,No,No,No,No,Yes,0.8629044890403748,High,Direct receptor evidence,C,"Characterization of Behavioral, Signaling and Cytokine Alterations in a Rat Neurodevelopmental Model for Schizophrenia, and Their Reversal by the 5-HT6 Receptor Antagonist SB-399885.",0.7213879178762436,49,0.25,PubMed,2015,25034463,,Molecular neurobiology,Wang L; Lv Y; Deng W; Peng X; Xiao Z; Xi Z; Chen G; Wang X,10.1007/s12035-014-8806-6,5-HT6 Receptor Recruitment of mTOR Modulates Seizure Activity in Epilepsy.,https://pubmed.ncbi.nlm.nih.gov/25034463/,,6918649,COC1=C(C=C(C=C1)S(=O)(=O)NC2=C(C(=CC(=C2)Cl)Cl)OC)N3CCNCC3,15,SB-399885 has experimental receptor evidence involving 5-HT6 receptor and is being evaluated as a possible GPR62 candidate.,Prioritize for GPR62 binding/signaling assay,https://pubmed.ncbi.nlm.nih.gov/25034463/
10,SB-399885,5-HT6 exploratory candidate,5-HT6 receptor,No,No,No,No,Yes,0.8629044890403748,High,Direct receptor evidence,C,"Characterization of Behavioral, Signaling and Cytokine Alterations in a Rat Neurodevelopmental Model for Schizophrenia, and Their Reversal by the 5-HT6 Receptor Antagonist SB-399885.",0.7213879178762436,49,0.25,PubMed + PMC,2014,23954911,PMC3889519,Psychopharmacology,Fijał K; Popik P; Nikiforuk A,10.1007/s00213-013-3234-2,"Co-administration of 5-HT6 receptor antagonists with clozapine, risperidone, and a 5-HT2A receptor antagonist: effects on prepulse inhibition in rats.",https://pubmed.ncbi.nlm.nih.gov/23954911/,https://pmc.ncbi.nlm.nih.gov/articles/PMC3889519/,6918649,COC1=C(C=C(C=C1)S(=O)(=O)NC2=C(C(=CC(=C2)Cl)Cl)OC)N3CCNCC3,15,SB-399885 has experimental receptor evidence involving 5-HT6 receptor and is being evaluated as a possible GPR62 candidate.,Prioritize for GPR62 binding/signaling assay,https://pubmed.ncbi.nlm.nih.gov/23954911/
11,GSK215083,5-HT6 exploratory candidate,5-HT6 receptor,No,No,No,No,Yes,0.968027651309967,High,Direct receptor evidence,C,Human Kinetic Modeling of the 5HT6 PET Radioligand 11C-GSK215083 and Its Utility for Determining Occupancy at Both 5HT6 and 5HT2A Receptors by SB742457 as a Potential Therapeutic Mechanism of Action in Alzheimer Disease.,0.7157179733514786,12,0.25,PubMed,2020,31760336,,Psychiatry research. Neuroimaging,Radhakrishnan R; Matuskey D; Nabulsi N; Gaiser E; Gallezot JD; Henry S; Planeta B; Lin SF; Ropchan J; Huang Y; Carson RE; D'Souza DC,10.1016/j.pscychresns.2019.111007,In vivo 5-HT6 and 5-HT2A receptor availability in antipsychotic treated schizophrenia patients vs. unmedicated healthy humans measured with [11C]GSK215083 PET.,https://pubmed.ncbi.nlm.nih.gov/31760336/,,10172764,CN1CCN(CC1)C2=CC=CC3=CC(=CN=C32)S(=O)(=O)C4=CC=CC(=C4)F,4,GSK215083 has experimental receptor evidence involving 5-HT6 receptor and is being evaluated as a possible GPR62 candidate.,Prioritize for GPR62 binding/signaling assay,https://pubmed.ncbi.nlm.nih.gov/31760336/
11,GSK215083,5-HT6 exploratory candidate,5-HT6 receptor,No,No,No,No,Yes,0.968027651309967,High,Direct receptor evidence,C,Human Kinetic Modeling of the 5HT6 PET Radioligand 11C-GSK215083 and Its Utility for Determining Occupancy at Both 5HT6 and 5HT2A Receptors by SB742457 as a Potential Therapeutic Mechanism of Action in Alzheimer Disease.,0.7157179733514786,12,0.25,PubMed + PMC,2018,29626125,PMC6126437,"Journal of nuclear medicine : official publication, Society of Nuclear Medicine",Radhakrishnan R; Nabulsi N; Gaiser E; Gallezot JD; Henry S; Planeta B; Lin SF; Ropchan J; Williams W; Morris E; D'Souza DC; Huang Y; Carson RE; Matuskey D,10.2967/jnumed.117.206516,Age-Related Change in 5-HT6 Receptor Availability in Healthy Male Volunteers Measured with 11C-GSK215083 PET.,https://pubmed.ncbi.nlm.nih.gov/29626125/,https://pmc.ncbi.nlm.nih.gov/articles/PMC6126437/,10172764,CN1CCN(CC1)C2=CC=CC3=CC(=CN=C32)S(=O)(=O)C4=CC=CC(=C4)F,4,GSK215083 has experimental receptor evidence involving 5-HT6 receptor and is being evaluated as a possible GPR62 candidate.,Prioritize for GPR62 binding/signaling assay,https://pubmed.ncbi.nlm.nih.gov/29626125/
11,GSK215083,5-HT6 exploratory candidate,5-HT6 receptor,No,No,No,No,Yes,0.968027651309967,High,Direct receptor evidence,C,Human Kinetic Modeling of the 5HT6 PET Radioligand 11C-GSK215083 and Its Utility for Determining Occupancy at Both 5HT6 and 5HT2A Receptors by SB742457 as a Potential Therapeutic Mechanism of Action in Alzheimer Disease.,0.7157179733514786,12,0.25,PubMed,2015,26383152,,"Journal of nuclear medicine : official publication, Society of Nuclear Medicine",Parker CA; Rabiner EA; Gunn RN; Searle G; Martarello L; Comley RA; Davy M; Wilson AA; Houle S; Mizrahi R; Laruelle M; Cunningham VJ,10.2967/jnumed.115.162743,Human Kinetic Modeling of the 5HT6 PET Radioligand 11C-GSK215083 and Its Utility for Determining Occupancy at Both 5HT6 and 5HT2A Receptors by SB742457 as a Potential Therapeutic Mechanism of Action in Alzheimer Disease.,https://pubmed.ncbi.nlm.nih.gov/26383152/,,10172764,CN1CCN(CC1)C2=CC=CC3=CC(=CN=C32)S(=O)(=O)C4=CC=CC(=C4)F,4,GSK215083 has experimental receptor evidence involving 5-HT6 receptor and is being evaluated as a possible GPR62 candidate.,Prioritize for GPR62 binding/signaling assay,https://pubmed.ncbi.nlm.nih.gov/26383152/
11,GSK215083,5-HT6 exploratory candidate,5-HT6 receptor,No,No,No,No,Yes,0.968027651309967,High,Direct receptor evidence,C,Human Kinetic Modeling of the 5HT6 PET Radioligand 11C-GSK215083 and Its Utility for Determining Occupancy at Both 5HT6 and 5HT2A Receptors by SB742457 as a Potential Therapeutic Mechanism of Action in Alzheimer Disease.,0.7157179733514786,12,0.25,PubMed,2015,25331460,,European journal of nuclear medicine and molecular imaging,Becker G; Colomb J; Sgambato-Faure V; Tremblay L; Billard T; Zimmer L,10.1007/s00259-014-2936-y,Preclinical evaluation of [18F]2FNQ1P as the first fluorinated serotonin 5-HT6 radioligand for PET imaging.,https://pubmed.ncbi.nlm.nih.gov/25331460/,,10172764,CN1CCN(CC1)C2=CC=CC3=CC(=CN=C32)S(=O)(=O)C4=CC=CC(=C4)F,4,GSK215083 has experimental receptor evidence involving 5-HT6 receptor and is being evaluated as a possible GPR62 candidate.,Prioritize for GPR62 binding/signaling assay,https://pubmed.ncbi.nlm.nih.gov/25331460/
12,PRX-07034,5-HT6 exploratory candidate,5-HT6 receptor,No,No,No,No,Yes,0.9859885573387146,High,Indirect/context evidence,D,Low-dose prazosin in combination with 5-HT6 antagonist PRX-07034 has antipsychotic effects.,0.7153925622701646,6,0.25,PubMed,2015,25429515,,Canadian journal of physiology and pharmacology,Abraham R; Nirogi R; Shinde A; Irupannanavar S,10.1139/cjpp-2014-0254,Low-dose prazosin in combination with 5-HT6 antagonist PRX-07034 has antipsychotic effects.,https://pubmed.ncbi.nlm.nih.gov/25429515/,,23653584,CC(C1=C(C(=CC(=C1)Cl)OC)OC)NC2=C(C=CC(=C2)N3CCNCC3)S(=O)(=O)C.Cl,1,"PRX-07034 appears in literature related to 5-HT6 receptor, but direct receptor interaction has not been established.",Review full article for direct receptor evidence,https://pubmed.ncbi.nlm.nih.gov/25429515/
13,SB699551,5-HT6 exploratory candidate,5-HT6 receptor,No,No,No,No,Yes,0.9950779676437378,High,Unvalidated,E,,0.7153006789684296,3,0.25,PubMed,2019,31233821,,Behavioural brain research,de Assis Brasil ES; Guerino Furini CR; da Silva Rodrigues F; Nachtigall EG; Kielbovicz Behling JA; Saenger BF; Farias CP; de Carvalho Myskiw J; Izquierdo I,10.1016/j.bbr.2019.112055,"The blockade of the serotoninergic receptors 5-HT5A, 5-HT6 and 5-HT7 in the basolateral amygdala, but not in the hippocampus facilitate the extinction of fear memory.",https://pubmed.ncbi.nlm.nih.gov/31233821/,,11983346,CN(C)CCN(CC1=CC=C(C=C1)C2=CC=C(C=C2)CNCCC3=CC=CC=C3)C(=O)CCC4CCCC4.Cl.Cl,1,SB699551 currently has an ML prediction but requires stronger receptor-specific literature validation.,Literature validation needed before experimental priority,https://pubmed.ncbi.nlm.nih.gov/31233821/
14,Dexamethasone,MT2-related exploratory candidate,MT2 receptor,No,No,No,Yes,No,0.9021515846252441,High,Unvalidated,E,,0.7113985300064087,0,0.5,PubMed,2025,40480639,,Brain research,Vasyl R; Haran B; Lahuta T; Liberzon I; Dosenko V,10.1016/j.brainres.2025.149760,Corticosteroid-induced gene expression is attenuated in the hippocampus of mice with model of post-traumatic stress disorder.,https://pubmed.ncbi.nlm.nih.gov/40480639/,,5743,CC1CC2C3CCC4=CC(=O)C=CC4(C3(C(CC2(C1(C(=O)CO)O)C)O)F)C,1,Dexamethasone currently has an ML prediction but requires stronger receptor-specific literature validation.,Literature validation needed before experimental priority,https://pubmed.ncbi.nlm.nih.gov/40480639/
15,PHTPP,MT2-related exploratory candidate,MT2 receptor,No,No,No,Yes,No,0.8973512053489685,High,Unvalidated,E,,0.7102782834768295,1,0.5,PubMed,2022,34971752,,Gene,Duan H; Hu J; Xiao L; Lv J; Zhang Y; Zhao X,10.1016/j.gene.2021.146128,β-Estradiol inhibits melatonin synthesis and melatonin receptor expression in sheep granulosa cells.,https://pubmed.ncbi.nlm.nih.gov/34971752/,,11201035,C1=CC=C(C=C1)C2=NN3C(=CC(=NC3=C2C4=CC=C(C=C4)O)C(F)(F)F)C(F)(F)F,1,PHTPP currently has an ML prediction but requires stronger receptor-specific literature validation.,Literature validation needed before experimental priority,https://pubmed.ncbi.nlm.nih.gov/34971752/
16,N-pentanoyl-2-benzyltryptamine,MT2-related exploratory candidate,MT2 receptor,No,No,No,Yes,No,0.8888981342315674,High,Unvalidated,E,,0.7087837872505188,3,0.5,PubMed,2025,39537039,,The Journal of nutritional biochemistry,Kilinc E; Torun IE; Baranoglu Kilinc Y; Töre F,10.1016/j.jnutbio.2024.109800,Proposed receptor-mediated mechanisms of melatonin in nitroglycerin-induced migraine-like hyperalgesic conditions in rats.,https://pubmed.ncbi.nlm.nih.gov/39537039/,,3467177,CCCCC(=O)NCCC1=C(NC2=CC=CC=C21)CC3=CC=CC=C3,1,N-pentanoyl-2-benzyltryptamine currently has an ML prediction but requires stronger receptor-specific literature validation.,Literature validation needed before experimental priority,https://pubmed.ncbi.nlm.nih.gov/39537039/
17,volinanserin,5-HT6 exploratory candidate,5-HT6 receptor,No,No,No,No,Yes,0.9735018610954285,High,Unvalidated,E,,0.7072762097120285,6,0.25,PubMed + PMC,2014,23954911,PMC3889519,Psychopharmacology,Fijał K; Popik P; Nikiforuk A,10.1007/s00213-013-3234-2,"Co-administration of 5-HT6 receptor antagonists with clozapine, risperidone, and a 5-HT2A receptor antagonist: effects on prepulse inhibition in rats.",https://pubmed.ncbi.nlm.nih.gov/23954911/,https://pmc.ncbi.nlm.nih.gov/articles/PMC3889519/,5311271,COC1=CC=CC(=C1OC)C(C2CCN(CC2)CCC3=CC=C(C=C3)F)O,2,volinanserin currently has an ML prediction but requires stronger receptor-specific literature validation.,Literature validation needed before experimental priority,https://pubmed.ncbi.nlm.nih.gov/23954911/
17,volinanserin,5-HT6 exploratory candidate,5-HT6 receptor,No,No,No,No,Yes,0.9735018610954285,High,Unvalidated,E,,0.7072762097120285,6,0.25,PubMed,2013,25287308,,Acta neuropsychiatrica,Masuda T; Nishikawa H; Inoue T; Toda H; Nakagawa S; Boku S; Koyama T,10.1111/j.1601-5215.2012.00669.x,"5-HT depletion, but not 5-HT1A antagonist, prevents the anxiolytic-like effect of citalopram in rat contextual conditioned fear stress model.",https://pubmed.ncbi.nlm.nih.gov/25287308/,,5311271,COC1=CC=CC(=C1OC)C(C2CCN(CC2)CCC3=CC=C(C=C3)F)O,2,volinanserin currently has an ML prediction but requires stronger receptor-specific literature validation.,Literature validation needed before experimental priority,https://pubmed.ncbi.nlm.nih.gov/25287308/
18,C-Peptide,MT2-related exploratory candidate,MT2 receptor,No,No,No,Yes,No,0.8889027237892151,High,Unvalidated,E,,0.7067867704629899,2,0.5,PubMed + PMC,2024,39180581,PMC12716172,Diabetologia,Lowe WL; Kuang A; Hayes MG; Hivert MF; Scholtens DM,10.1007/s00125-024-06256-8,Genetics of glucose homeostasis in pregnancy and postpartum.,https://pubmed.ncbi.nlm.nih.gov/39180581/,https://pmc.ncbi.nlm.nih.gov/articles/PMC12716172/,16157840,CC(C)CC(C(=O)NC(C)C(=O)NC(CC(C)C)C(=O)NC(CCC(=O)O)C(=O)NCC(=O)NC(CO)C(=O)NC(CC(C)C)C(=O)NC(CCC(=O)N)C(=O)O)NC(=O)C1CCCN1C(=O)C(CCC(=O)N)NC(=O)C(CC(C)C)NC(=O)C(CO)NC(=O)CNC(=O)C(C)NC(=O)CNC(=O)C2CCCN2C(=O)CNC(=O)CNC(=O)CNC(=O)C(CC(C)C)NC(=O)C(CCC(=O)O)NC(=O)C(C(C)C)NC(=O)C(CCC(=O)N)NC(=O)CNC(=O)C(C(C)C)NC(=O)C(CCC(=O)N)NC(=O)C(CC(C)C)NC(=O)C(CC(=O)O)NC(=O)C(CCC(=O)O)NC(=O)C(C)NC(=O)C(CCC(=O)O)N,1,C-Peptide currently has an ML prediction but requires stronger receptor-specific literature validation.,Literature validation needed before experimental priority,https://pubmed.ncbi.nlm.nih.gov/39180581/
19,Doxorubicin,5-HT6 exploratory candidate,5-HT6 receptor,No,No,No,No,Yes,0.9690977334976196,High,Unvalidated,E,,0.6984135267734528,3,0.25,PubMed,2021,33439019,,Journal of medicinal chemistry,Vanda D; Canale V; Chaumont-Dubel S; Kurczab R; Satała G; Koczurkiewicz-Adamczyk P; Krawczyk M; Pietruś W; Blicharz K; Pękala E; Bojarski AJ; Popik P; Marin P; Soural M; Zajdel P,10.1021/acs.jmedchem.0c02009,Imidazopyridine-Based 5-HT6 Receptor Neutral Antagonists: Impact of N1-Benzyl and N1-Phenylsulfonyl Fragments on Different Receptor Conformational States.,https://pubmed.ncbi.nlm.nih.gov/33439019/,,31703,CC1C(C(CC(O1)OC2CC(CC3=C2C(=C4C(=C3O)C(=O)C5=C(C4=O)C(=CC=C5)OC)O)(C(=O)CO)O)N)O,1,Doxorubicin currently has an ML prediction but requires stronger receptor-specific literature validation.,Literature validation needed before experimental priority,https://pubmed.ncbi.nlm.nih.gov/33439019/
20,N-arachidonylglycine,Close/related orphan GPCR candidate,GPR135,No,No,Yes,No,No,0.7752114534378052,Moderate,Unvalidated,E,,0.6973874447345734,3,0.75,PubMed,2014,24503482,,Molecular phylogenetics and evolution,Kakarala KK; Jamil K,10.1016/j.ympev.2014.01.022,Sequence-structure based phylogeny of GPCR Class A Rhodopsin receptors.,https://pubmed.ncbi.nlm.nih.gov/24503482/,,5283389,CCCCCC=CCC=CCC=CCC=CCCCC(=O)NCC(=O)O,1,N-arachidonylglycine currently has an ML prediction but requires stronger receptor-specific literature validation.,Literature validation needed before experimental priority,https://pubmed.ncbi.nlm.nih.gov/24503482/
21,FPPQ,5-HT6 exploratory candidate,5-HT6 receptor,No,No,No,No,Yes,0.9154468774795532,High,Direct receptor evidence,C,Dual 5-HT3 and 5-HT6 Receptor Antagonist FPPQ Normalizes Phencyclidine-Induced Disruption of Brain Oscillatory Activity in Rats.,0.6915404703617096,17,0.25,PubMed + PMC,2022,35022720,PMC9154270,The international journal of neuropsychopharmacology,Castañé A; Cano M; Ruiz-Avila L; Miquel-Rio L; Celada P; Artigas F; Riga MS,10.1093/ijnp/pyac003,Dual 5-HT3 and 5-HT6 Receptor Antagonist FPPQ Normalizes Phencyclidine-Induced Disruption of Brain Oscillatory Activity in Rats.,https://pubmed.ncbi.nlm.nih.gov/35022720/,https://pmc.ncbi.nlm.nih.gov/articles/PMC9154270/,90469115,C1CN(CCN1)C2=NC3=CC=CC=C3C4=C2C=CN4S(=O)(=O)C5=CC=CC(=C5)F,2,FPPQ has experimental receptor evidence involving 5-HT6 receptor and is being evaluated as a possible GPR62 candidate.,Prioritize for GPR62 binding/signaling assay,https://pubmed.ncbi.nlm.nih.gov/35022720/
21,FPPQ,5-HT6 exploratory candidate,5-HT6 receptor,No,No,No,No,Yes,0.9154468774795532,High,Direct receptor evidence,C,Dual 5-HT3 and 5-HT6 Receptor Antagonist FPPQ Normalizes Phencyclidine-Induced Disruption of Brain Oscillatory Activity in Rats.,0.6915404703617096,17,0.25,PubMed + PMC,2021,34467765,PMC8474115,Journal of medicinal chemistry,Zajdel P; Grychowska K; Mogilski S; Kurczab R; Satała G; Bugno R; Kos T; Gołębiowska J; Malikowska-Racia N; Nikiforuk A; Chaumont-Dubel S; Bantreil X; Pawłowski M; Martinez J; Subra G; Lamaty F; Marin P; Bojarski AJ; Popik P,10.1021/acs.jmedchem.1c00224,"Structure-Based Design and Optimization of FPPQ, a Dual-Acting 5-HT3 and 5-HT6 Receptor Antagonist with Antipsychotic and Procognitive Properties.",https://pubmed.ncbi.nlm.nih.gov/34467765/,https://pmc.ncbi.nlm.nih.gov/articles/PMC8474115/,90469115,C1CN(CCN1)C2=NC3=CC=CC=C3C4=C2C=CN4S(=O)(=O)C5=CC=CC(=C5)F,2,FPPQ has experimental receptor evidence involving 5-HT6 receptor and is being evaluated as a possible GPR62 candidate.,Prioritize for GPR62 binding/signaling assay,https://pubmed.ncbi.nlm.nih.gov/34467765/
22,Reboxetine,5-HT6 exploratory candidate,5-HT6 receptor,No,No,No,No,Yes,0.9455323815345764,High,Unvalidated,E,,0.6890960479974747,6,0.25,PubMed,2019,30312638,,Behavioural brain research,Partyka A; Jastrzębska-Więsek M; Antkiewicz-Michaluk L; Michaluk J; Wąsik A; Canale V; Zajdel P; Kołaczkowski M; Wesołowska A,10.1016/j.bbr.2018.10.004,Novel antagonists of 5-HT6 and/or 5-HT7 receptors affect the brain monoamines metabolism and enhance the anti-immobility activity of different antidepressants in rats.,https://pubmed.ncbi.nlm.nih.gov/30312638/,,127151,CCOC1=CC=CC=C1OC(C2CNCCO2)C3=CC=CC=C3,1,Reboxetine currently has an ML prediction but requires stronger receptor-specific literature validation.,Literature validation needed before experimental priority,https://pubmed.ncbi.nlm.nih.gov/30312638/
23,RS 67333,5-HT6 exploratory candidate,5-HT6 receptor,No,No,No,No,Yes,0.9532891511917114,High,Unvalidated,E,,0.6881379482746125,3,0.25,PubMed,2015,26187692,,Behavioural brain research,Quiedeville A; Boulouard M; Hamidouche K; Da Silva Costa-Aze V; Nee G; Rochais C; Dallemagne P; Fabis F; Freret T; Bouet V,10.1016/j.bbr.2015.07.020,Chronic activation of 5-HT4 receptors or blockade of 5-HT6 receptors improve memory performances.,https://pubmed.ncbi.nlm.nih.gov/26187692/,,183782,CCCCN1CCC(CC1)CCC(=O)C2=CC(=C(C=C2OC)N)Cl,1,RS 67333 currently has an ML prediction but requires stronger receptor-specific literature validation.,Literature validation needed before experimental priority,https://pubmed.ncbi.nlm.nih.gov/26187692/
24,3-benzenesulfonyl-8-piperazin-1-ylquinoline,5-HT6 exploratory candidate,5-HT6 receptor,No,No,No,No,Yes,0.8079147338867188,Moderate,Unvalidated,E,,0.6876445770263672,61,0.25,PubMed + PMC,2025,40842345,PMC12520056,"Chemistry (Weinheim an der Bergstrasse, Germany)",Gkanas A; Koutiva M; Katsila T; Bafiti V; Matsoukas MT; Panagiotopoulos V; Bojarski AJ; Gkouvitsas T; Moukas G; Rassias G,10.1002/chem.202500025,Intepirdine Derivatives Possessing Dual 5HT6 Antagonism / HDAC6 Inhibitory Activity.,https://pubmed.ncbi.nlm.nih.gov/40842345/,https://pmc.ncbi.nlm.nih.gov/articles/PMC12520056/,11256720,C1CN(CCN1)C2=CC=CC3=CC(=CN=C32)S(=O)(=O)C4=CC=CC=C4,14,3-benzenesulfonyl-8-piperazin-1-ylquinoline currently has an ML prediction but requires stronger receptor-specific literature validation.,Literature validation needed before experimental priority,https://pubmed.ncbi.nlm.nih.gov/40842345/
24,3-benzenesulfonyl-8-piperazin-1-ylquinoline,5-HT6 exploratory candidate,5-HT6 receptor,No,No,No,No,Yes,0.8079147338867188,Moderate,Unvalidated,E,,0.6876445770263672,61,0.25,PubMed + PMC,2023,37259305,PMC9967858,"Pharmaceuticals (Basel, Switzerland)",Partyka A; Górecka K; Gdula-Argasińska J; Wilczyńska-Zawal N; Jastrzębska-Więsek M; Wesołowska A,10.3390/ph16020154,Selective 5-HT6 Receptor Ligands (Agonist and Antagonist) Show Different Effects on Antipsychotic Drug-Induced Metabolic Dysfunctions in Rats.,https://pubmed.ncbi.nlm.nih.gov/37259305/,https://pmc.ncbi.nlm.nih.gov/articles/PMC9967858/,11256720,C1CN(CCN1)C2=CC=CC3=CC(=CN=C32)S(=O)(=O)C4=CC=CC=C4,14,3-benzenesulfonyl-8-piperazin-1-ylquinoline currently has an ML prediction but requires stronger receptor-specific literature validation.,Literature validation needed before experimental priority,https://pubmed.ncbi.nlm.nih.gov/37259305/
24,3-benzenesulfonyl-8-piperazin-1-ylquinoline,5-HT6 exploratory candidate,5-HT6 receptor,No,No,No,No,Yes,0.8079147338867188,Moderate,Unvalidated,E,,0.6876445770263672,61,0.25,PubMed + PMC,2023,36830678,PMC9953539,Biomolecules,Nirogi R; Jayarajan P; Shinde A; Mohammed AR; Grandhi VR; Benade V; Goyal VK; Abraham R; Jasti V; Cummings J,10.3390/biom13020309,Progress in Investigational Agents Targeting Serotonin-6 Receptors for the Treatment of Brain Disorders.,https://pubmed.ncbi.nlm.nih.gov/36830678/,https://pmc.ncbi.nlm.nih.gov/articles/PMC9953539/,11256720,C1CN(CCN1)C2=CC=CC3=CC(=CN=C32)S(=O)(=O)C4=CC=CC=C4,14,3-benzenesulfonyl-8-piperazin-1-ylquinoline currently has an ML prediction but requires stronger receptor-specific literature validation.,Literature validation needed before experimental priority,https://pubmed.ncbi.nlm.nih.gov/36830678/
24,3-benzenesulfonyl-8-piperazin-1-ylquinoline,5-HT6 exploratory candidate,5-HT6 receptor,No,No,No,No,Yes,0.8079147338867188,Moderate,Unvalidated,E,,0.6876445770263672,61,0.25,PubMed + PMC,2021,34211274,PMC8240864,Neuropsychiatric disease and treatment,Wesołowska A; Rychtyk J; Gdula-Argasińska J; Górecka K; Wilczyńska-Zawal N; Jastrzębska-Więsek M; Partyka A,10.2147/NDT.S309818,Effect of 5-HT6 Receptor Ligands Combined with Haloperidol or Risperidone on Antidepressant-/Anxiolytic-Like Behavior and BDNF Regulation in Hippocampus and Prefrontal Cortex of Rats.,https://pubmed.ncbi.nlm.nih.gov/34211274/,https://pmc.ncbi.nlm.nih.gov/articles/PMC8240864/,11256720,C1CN(CCN1)C2=CC=CC3=CC(=CN=C32)S(=O)(=O)C4=CC=CC=C4,14,3-benzenesulfonyl-8-piperazin-1-ylquinoline currently has an ML prediction but requires stronger receptor-specific literature validation.,Literature validation needed before experimental priority,https://pubmed.ncbi.nlm.nih.gov/34211274/
24,3-benzenesulfonyl-8-piperazin-1-ylquinoline,5-HT6 exploratory candidate,5-HT6 receptor,No,No,No,No,Yes,0.8079147338867188,Moderate,Unvalidated,E,,0.6876445770263672,61,0.25,PubMed + PMC,2021,34095437,PMC8165732,"Alzheimer's & dementia (New York, N. Y.)",Lang FM; Mo Y; Sabbagh M; Solomon P; Boada M; Jones RW; Frisoni GB; Grimmer T; Dubois B; Harnett M; Friedhoff SR; Coslett S; Cummings JL,10.1002/trc2.12136,"Intepirdine as adjunctive therapy to donepezil for mild-to-moderate Alzheimer's disease: A randomized, placebo-controlled, phase 3 clinical trial (MINDSET).",https://pubmed.ncbi.nlm.nih.gov/34095437/,https://pmc.ncbi.nlm.nih.gov/articles/PMC8165732/,11256720,C1CN(CCN1)C2=CC=CC3=CC(=CN=C32)S(=O)(=O)C4=CC=CC=C4,14,3-benzenesulfonyl-8-piperazin-1-ylquinoline currently has an ML prediction but requires stronger receptor-specific literature validation.,Literature validation needed before experimental priority,https://pubmed.ncbi.nlm.nih.gov/34095437/
24,3-benzenesulfonyl-8-piperazin-1-ylquinoline,5-HT6 exploratory candidate,5-HT6 receptor,No,No,No,No,Yes,0.8079147338867188,Moderate,Unvalidated,E,,0.6876445770263672,61,0.25,PubMed,2021,33439019,,Journal of medicinal chemistry,Vanda D; Canale V; Chaumont-Dubel S; Kurczab R; Satała G; Koczurkiewicz-Adamczyk P; Krawczyk M; Pietruś W; Blicharz K; Pękala E; Bojarski AJ; Popik P; Marin P; Soural M; Zajdel P,10.1021/acs.jmedchem.0c02009,Imidazopyridine-Based 5-HT6 Receptor Neutral Antagonists: Impact of N1-Benzyl and N1-Phenylsulfonyl Fragments on Different Receptor Conformational States.,https://pubmed.ncbi.nlm.nih.gov/33439019/,,11256720,C1CN(CCN1)C2=CC=CC3=CC(=CN=C32)S(=O)(=O)C4=CC=CC=C4,14,3-benzenesulfonyl-8-piperazin-1-ylquinoline currently has an ML prediction but requires stronger receptor-specific literature validation.,Literature validation needed before experimental priority,https://pubmed.ncbi.nlm.nih.gov/33439019/
24,3-benzenesulfonyl-8-piperazin-1-ylquinoline,5-HT6 exploratory candidate,5-HT6 receptor,No,No,No,No,Yes,0.8079147338867188,Moderate,Unvalidated,E,,0.6876445770263672,61,0.25,PubMed,2019,31412259,,Brain research,Rychtyk J; Partyka A; Gdula-Argasińska J; Mysłowska K; Wilczyńska N; Jastrzębska-Więsek M; Wesołowska A,10.1016/j.brainres.2019.146375,5-HT6 receptor agonist and antagonist improve memory impairments and hippocampal BDNF signaling alterations induced by MK-801.,https://pubmed.ncbi.nlm.nih.gov/31412259/,,11256720,C1CN(CCN1)C2=CC=CC3=CC(=CN=C32)S(=O)(=O)C4=CC=CC=C4,14,3-benzenesulfonyl-8-piperazin-1-ylquinoline currently has an ML prediction but requires stronger receptor-specific literature validation.,Literature validation needed before experimental priority,https://pubmed.ncbi.nlm.nih.gov/31412259/
24,3-benzenesulfonyl-8-piperazin-1-ylquinoline,5-HT6 exploratory candidate,5-HT6 receptor,No,No,No,No,Yes,0.8079147338867188,Moderate,Unvalidated,E,,0.6876445770263672,61,0.25,PubMed,2018,29848076,,Expert opinion on investigational drugs,Khoury R; Grysman N; Gold J; Patel K; Grossberg GT,10.1080/13543784.2018.1483334,The role of 5 HT6-receptor antagonists in Alzheimer's disease: an update.,https://pubmed.ncbi.nlm.nih.gov/29848076/,,11256720,C1CN(CCN1)C2=CC=CC3=CC(=CN=C32)S(=O)(=O)C4=CC=CC=C4,14,3-benzenesulfonyl-8-piperazin-1-ylquinoline currently has an ML prediction but requires stronger receptor-specific literature validation.,Literature validation needed before experimental priority,https://pubmed.ncbi.nlm.nih.gov/29848076/
24,3-benzenesulfonyl-8-piperazin-1-ylquinoline,5-HT6 exploratory candidate,5-HT6 receptor,No,No,No,No,Yes,0.8079147338867188,Moderate,Unvalidated,E,,0.6876445770263672,61,0.25,PubMed,2018,29291439,,European journal of medicinal chemistry,Vanda D; Soural M; Canale V; Chaumont-Dubel S; Satała G; Kos T; Funk P; Fülöpová V; Lemrová B; Koczurkiewicz P; Pękala E; Bojarski AJ; Popik P; Marin P; Zajdel P,10.1016/j.ejmech.2017.12.053,"Novel non-sulfonamide 5-HT6 receptor partial inverse agonist in a group of imidazo[4,5-b]pyridines with cognition enhancing properties.",https://pubmed.ncbi.nlm.nih.gov/29291439/,,11256720,C1CN(CCN1)C2=CC=CC3=CC(=CN=C32)S(=O)(=O)C4=CC=CC=C4,14,3-benzenesulfonyl-8-piperazin-1-ylquinoline currently has an ML prediction but requires stronger receptor-specific literature validation.,Literature validation needed before experimental priority,https://pubmed.ncbi.nlm.nih.gov/29291439/
24,3-benzenesulfonyl-8-piperazin-1-ylquinoline,5-HT6 exploratory candidate,5-HT6 receptor,No,No,No,No,Yes,0.8079147338867188,Moderate,Unvalidated,E,,0.6876445770263672,61,0.25,PubMed,2017,28253832,,Expert opinion on emerging drugs,Calhoun A; Ko J; Grossberg GT,10.1080/14728214.2017.1293651,Emerging chemical therapies targeting 5-hydroxytryptamine in the treatment of Alzheimer's disease.,https://pubmed.ncbi.nlm.nih.gov/28253832/,,11256720,C1CN(CCN1)C2=CC=CC3=CC(=CN=C32)S(=O)(=O)C4=CC=CC=C4,14,3-benzenesulfonyl-8-piperazin-1-ylquinoline currently has an ML prediction but requires stronger receptor-specific literature validation.,Literature validation needed before experimental priority,https://pubmed.ncbi.nlm.nih.gov/28253832/
24,3-benzenesulfonyl-8-piperazin-1-ylquinoline,5-HT6 exploratory candidate,5-HT6 receptor,No,No,No,No,Yes,0.8079147338867188,Moderate,Unvalidated,E,,0.6876445770263672,61,0.25,PubMed,2016,27100049,,ACS chemical neuroscience,Grychowska K; Satała G; Kos T; Partyka A; Colacino E; Chaumont-Dubel S; Bantreil X; Wesołowska A; Pawłowski M; Martinez J; Marin P; Subra G; Bojarski AJ; Lamaty F; Popik P; Zajdel P,10.1021/acschemneuro.6b00090,"Novel 1H-Pyrrolo[3,2-c]quinoline Based 5-HT6 Receptor Antagonists with Potential Application for the Treatment of Cognitive Disorders Associated with Alzheimer's Disease.",https://pubmed.ncbi.nlm.nih.gov/27100049/,,11256720,C1CN(CCN1)C2=CC=CC3=CC(=CN=C32)S(=O)(=O)C4=CC=CC=C4,14,3-benzenesulfonyl-8-piperazin-1-ylquinoline currently has an ML prediction but requires stronger receptor-specific literature validation.,Literature validation needed before experimental priority,https://pubmed.ncbi.nlm.nih.gov/27100049/
24,3-benzenesulfonyl-8-piperazin-1-ylquinoline,5-HT6 exploratory candidate,5-HT6 receptor,No,No,No,No,Yes,0.8079147338867188,Moderate,Unvalidated,E,,0.6876445770263672,61,0.25,PubMed + PMC,2016,26507195,PMC4710672,Psychopharmacology,Higgs S; Cooper AJ; Barnes NM,10.1007/s00213-015-4112-x,"The 5-HT₂C receptor agonist, lorcaserin, and the 5-HT₆ receptor antagonist, SB-742457, promote satiety; a microstructural analysis of feeding behaviour.",https://pubmed.ncbi.nlm.nih.gov/26507195/,https://pmc.ncbi.nlm.nih.gov/articles/PMC4710672/,11256720,C1CN(CCN1)C2=CC=CC3=CC(=CN=C32)S(=O)(=O)C4=CC=CC=C4,14,3-benzenesulfonyl-8-piperazin-1-ylquinoline currently has an ML prediction but requires stronger receptor-specific literature validation.,Literature validation needed before experimental priority,https://pubmed.ncbi.nlm.nih.gov/26507195/
24,3-benzenesulfonyl-8-piperazin-1-ylquinoline,5-HT6 exploratory candidate,5-HT6 receptor,No,No,No,No,Yes,0.8079147338867188,Moderate,Unvalidated,E,,0.6876445770263672,61,0.25,PubMed,2015,26383152,,"Journal of nuclear medicine : official publication, Society of Nuclear Medicine",Parker CA; Rabiner EA; Gunn RN; Searle G; Martarello L; Comley RA; Davy M; Wilson AA; Houle S; Mizrahi R; Laruelle M; Cunningham VJ,10.2967/jnumed.115.162743,Human Kinetic Modeling of the 5HT6 PET Radioligand 11C-GSK215083 and Its Utility for Determining Occupancy at Both 5HT6 and 5HT2A Receptors by SB742457 as a Potential Therapeutic Mechanism of Action in Alzheimer Disease.,https://pubmed.ncbi.nlm.nih.gov/26383152/,,11256720,C1CN(CCN1)C2=CC=CC3=CC(=CN=C32)S(=O)(=O)C4=CC=CC=C4,14,3-benzenesulfonyl-8-piperazin-1-ylquinoline currently has an ML prediction but requires stronger receptor-specific literature validation.,Literature validation needed before experimental priority,https://pubmed.ncbi.nlm.nih.gov/26383152/
24,3-benzenesulfonyl-8-piperazin-1-ylquinoline,5-HT6 exploratory candidate,5-HT6 receptor,No,No,No,No,Yes,0.8079147338867188,Moderate,Unvalidated,E,,0.6876445770263672,61,0.25,PubMed,2013,24135200,,European journal of pharmacology,Jayarajan P; Nirogi R; Shinde A,10.1016/j.ejphar.2013.10.005,Effect of olanzapine on scopolamine induced deficits in differential reinforcement of low rate 72s (DRL-72s) schedule in rats: involvement of the serotonergic receptors in restoring the deficits.,https://pubmed.ncbi.nlm.nih.gov/24135200/,,11256720,C1CN(CCN1)C2=CC=CC3=CC(=CN=C32)S(=O)(=O)C4=CC=CC=C4,14,3-benzenesulfonyl-8-piperazin-1-ylquinoline currently has an ML prediction but requires stronger receptor-specific literature validation.,Literature validation needed before experimental priority,https://pubmed.ncbi.nlm.nih.gov/24135200/
25,efavirenz,5-HT6 exploratory candidate,5-HT6 receptor,No,No,No,No,Yes,0.9462389349937439,High,Unvalidated,E,,0.6855553077459335,4,0.25,PubMed + PMC,2016,27157251,PMC4914440,Pharmacological research,Dalwadi DA; Kim S; Amdani SM; Chen Z; Huang RQ; Schetz JA,10.1016/j.phrs.2016.04.028,Molecular mechanisms of serotonergic action of the HIV-1 antiretroviral efavirenz.,https://pubmed.ncbi.nlm.nih.gov/27157251/,https://pmc.ncbi.nlm.nih.gov/articles/PMC4914440/,64139,C1CC1C#CC2(C3=C(C=CC(=C3)Cl)NC(=O)O2)C(F)(F)F,1,efavirenz currently has an ML prediction but requires stronger receptor-specific literature validation.,Literature validation needed before experimental priority,https://pubmed.ncbi.nlm.nih.gov/27157251/
26,Haloperidol,5-HT6 exploratory candidate,5-HT6 receptor,No,No,No,No,Yes,0.8926304578781128,High,Indirect/context evidence,D,Effect of 5-HT6 Receptor Ligands Combined with Haloperidol or Risperidone on Antidepressant-/Anxiolytic-Like Behavior and BDNF Regulation in Hippocampus and Prefrontal Cortex of Rats.,0.6847097976207733,21,0.25,PubMed + PMC,2023,37259305,PMC9967858,"Pharmaceuticals (Basel, Switzerland)",Partyka A; Górecka K; Gdula-Argasińska J; Wilczyńska-Zawal N; Jastrzębska-Więsek M; Wesołowska A,10.3390/ph16020154,Selective 5-HT6 Receptor Ligands (Agonist and Antagonist) Show Different Effects on Antipsychotic Drug-Induced Metabolic Dysfunctions in Rats.,https://pubmed.ncbi.nlm.nih.gov/37259305/,https://pmc.ncbi.nlm.nih.gov/articles/PMC9967858/,3559,C1CN(CCC1(C2=CC=C(C=C2)Cl)O)CCCC(=O)C3=CC=C(C=C3)F,4,"Haloperidol appears in literature related to 5-HT6 receptor, but direct receptor interaction has not been established.",Review full article for direct receptor evidence,https://pubmed.ncbi.nlm.nih.gov/37259305/
26,Haloperidol,5-HT6 exploratory candidate,5-HT6 receptor,No,No,No,No,Yes,0.8926304578781128,High,Indirect/context evidence,D,Effect of 5-HT6 Receptor Ligands Combined with Haloperidol or Risperidone on Antidepressant-/Anxiolytic-Like Behavior and BDNF Regulation in Hippocampus and Prefrontal Cortex of Rats.,0.6847097976207733,21,0.25,PubMed + PMC,2021,34211274,PMC8240864,Neuropsychiatric disease and treatment,Wesołowska A; Rychtyk J; Gdula-Argasińska J; Górecka K; Wilczyńska-Zawal N; Jastrzębska-Więsek M; Partyka A,10.2147/NDT.S309818,Effect of 5-HT6 Receptor Ligands Combined with Haloperidol or Risperidone on Antidepressant-/Anxiolytic-Like Behavior and BDNF Regulation in Hippocampus and Prefrontal Cortex of Rats.,https://pubmed.ncbi.nlm.nih.gov/34211274/,https://pmc.ncbi.nlm.nih.gov/articles/PMC8240864/,3559,C1CN(CCC1(C2=CC=C(C=C2)Cl)O)CCCC(=O)C3=CC=C(C=C3)F,4,"Haloperidol appears in literature related to 5-HT6 receptor, but direct receptor interaction has not been established.",Review full article for direct receptor evidence,https://pubmed.ncbi.nlm.nih.gov/34211274/
26,Haloperidol,5-HT6 exploratory candidate,5-HT6 receptor,No,No,No,No,Yes,0.8926304578781128,High,Indirect/context evidence,D,Effect of 5-HT6 Receptor Ligands Combined with Haloperidol or Risperidone on Antidepressant-/Anxiolytic-Like Behavior and BDNF Regulation in Hippocampus and Prefrontal Cortex of Rats.,0.6847097976207733,21,0.25,PubMed,2013,24135200,,European journal of pharmacology,Jayarajan P; Nirogi R; Shinde A,10.1016/j.ejphar.2013.10.005,Effect of olanzapine on scopolamine induced deficits in differential reinforcement of low rate 72s (DRL-72s) schedule in rats: involvement of the serotonergic receptors in restoring the deficits.,https://pubmed.ncbi.nlm.nih.gov/24135200/,,3559,C1CN(CCC1(C2=CC=C(C=C2)Cl)O)CCCC(=O)C3=CC=C(C=C3)F,4,"Haloperidol appears in literature related to 5-HT6 receptor, but direct receptor interaction has not been established.",Review full article for direct receptor evidence,https://pubmed.ncbi.nlm.nih.gov/24135200/
26,Haloperidol,5-HT6 exploratory candidate,5-HT6 receptor,No,No,No,No,Yes,0.8926304578781128,High,Indirect/context evidence,D,Effect of 5-HT6 Receptor Ligands Combined with Haloperidol or Risperidone on Antidepressant-/Anxiolytic-Like Behavior and BDNF Regulation in Hippocampus and Prefrontal Cortex of Rats.,0.6847097976207733,21,0.25,PubMed + PMC,2014,23954911,PMC3889519,Psychopharmacology,Fijał K; Popik P; Nikiforuk A,10.1007/s00213-013-3234-2,"Co-administration of 5-HT6 receptor antagonists with clozapine, risperidone, and a 5-HT2A receptor antagonist: effects on prepulse inhibition in rats.",https://pubmed.ncbi.nlm.nih.gov/23954911/,https://pmc.ncbi.nlm.nih.gov/articles/PMC3889519/,3559,C1CN(CCC1(C2=CC=C(C=C2)Cl)O)CCCC(=O)C3=CC=C(C=C3)F,4,"Haloperidol appears in literature related to 5-HT6 receptor, but direct receptor interaction has not been established.",Review full article for direct receptor evidence,https://pubmed.ncbi.nlm.nih.gov/23954911/
27,PZ-1444,5-HT6 exploratory candidate,5-HT6 receptor,No,No,No,No,Yes,0.9384394288063049,High,Unvalidated,E,,0.6844856287240982,6,0.25,PubMed,2025,40885239,,European journal of pharmacology,Salaga M; Binienda A; Canale V; Grychowska K; Soural M; Marin P; Zajdel P,10.1016/j.ejphar.2025.178099,Serotonin type 6 receptor inverse agonists and neutral antagonists inhibit defecation: relevance to intestinal motility disorders.,https://pubmed.ncbi.nlm.nih.gov/40885239/,,126720440,CCC1=NC2=C(C=CN=C2N1CC3=CC(=CC=C3)F)N4CCNCC4,2,PZ-1444 currently has an ML prediction but requires stronger receptor-specific literature validation.,Literature validation needed before experimental priority,https://pubmed.ncbi.nlm.nih.gov/40885239/
27,PZ-1444,5-HT6 exploratory candidate,5-HT6 receptor,No,No,No,No,Yes,0.9384394288063049,High,Unvalidated,E,,0.6844856287240982,6,0.25,PubMed,2021,33439019,,Journal of medicinal chemistry,Vanda D; Canale V; Chaumont-Dubel S; Kurczab R; Satała G; Koczurkiewicz-Adamczyk P; Krawczyk M; Pietruś W; Blicharz K; Pękala E; Bojarski AJ; Popik P; Marin P; Soural M; Zajdel P,10.1021/acs.jmedchem.0c02009,Imidazopyridine-Based 5-HT6 Receptor Neutral Antagonists: Impact of N1-Benzyl and N1-Phenylsulfonyl Fragments on Different Receptor Conformational States.,https://pubmed.ncbi.nlm.nih.gov/33439019/,,126720440,CCC1=NC2=C(C=CN=C2N1CC3=CC(=CC=C3)F)N4CCNCC4,2,PZ-1444 currently has an ML prediction but requires stronger receptor-specific literature validation.,Literature validation needed before experimental priority,https://pubmed.ncbi.nlm.nih.gov/33439019/
28,"2-ethyl-3-(3-fluorobenzyl)-7-(piperazin-1-yl)-3H-imidazo[4,5-b]pyridine",5-HT6 exploratory candidate,5-HT6 receptor,No,No,No,No,Yes,0.9384394288063049,High,Unvalidated,E,,0.6784856287240982,3,0.25,PubMed,2018,29291439,,European journal of medicinal chemistry,Vanda D; Soural M; Canale V; Chaumont-Dubel S; Satała G; Kos T; Funk P; Fülöpová V; Lemrová B; Koczurkiewicz P; Pękala E; Bojarski AJ; Popik P; Marin P; Zajdel P,10.1016/j.ejmech.2017.12.053,"Novel non-sulfonamide 5-HT6 receptor partial inverse agonist in a group of imidazo[4,5-b]pyridines with cognition enhancing properties.",https://pubmed.ncbi.nlm.nih.gov/29291439/,,126720440,CCC1=NC2=C(C=CN=C2N1CC3=CC(=CC=C3)F)N4CCNCC4,1,"2-ethyl-3-(3-fluorobenzyl)-7-(piperazin-1-yl)-3H-imidazo[4,5-b]pyridine currently has an ML prediction but requires stronger receptor-specific literature validation.",Literature validation needed before experimental priority,https://pubmed.ncbi.nlm.nih.gov/29291439/
29,"5-chloro-2-methyl-3-(1,2,3,6-tetrahydro-4-pyridinyl)-1H-indole hydrochloride",5-HT6 exploratory candidate,5-HT6 receptor,No,No,No,No,Yes,0.9279481768608093,High,Unvalidated,E,,0.6776663149595261,6,0.25,PubMed + PMC,2016,27106213,PMC4939156,Naunyn-Schmiedeberg's archives of pharmacology,Jastrzębska-Więsek M; Siwek A; Partyka A; Antkiewicz-Michaluk L; Michaluk J; Romańska I; Kołaczkowski M; Wesołowska A,10.1007/s00210-016-1245-3,"Study of a mechanism responsible for potential antidepressant activity of EMD 386088, a 5-HT6 partial agonist in rats.",https://pubmed.ncbi.nlm.nih.gov/27106213/,https://pmc.ncbi.nlm.nih.gov/articles/PMC4939156/,56972198,CC1=C(C2=C(N1)C=CC(=C2)Cl)C3=CCNCC3.Cl,2,"5-chloro-2-methyl-3-(1,2,3,6-tetrahydro-4-pyridinyl)-1H-indole hydrochloride currently has an ML prediction but requires stronger receptor-specific literature validation.",Literature validation needed before experimental priority,https://pubmed.ncbi.nlm.nih.gov/27106213/
29,"5-chloro-2-methyl-3-(1,2,3,6-tetrahydro-4-pyridinyl)-1H-indole hydrochloride",5-HT6 exploratory candidate,5-HT6 receptor,No,No,No,No,Yes,0.9279481768608093,High,Unvalidated,E,,0.6776663149595261,6,0.25,PubMed,2013,24145094,,Pharmacological reports : PR,Jastrzębska-Więsek M; Siwek A; Kazek G; Nawieśniak B; Partyka A; Marcinkowska M; Kołaczkowski M; Wesołowska A,10.1016/s1734-1140(13)71081-8,"Partial agonist efficacy of EMD386088, a 5-HT6 receptor ligand, in functional in vitro assays.",https://pubmed.ncbi.nlm.nih.gov/24145094/,,56972198,CC1=C(C2=C(N1)C=CC(=C2)Cl)C3=CCNCC3.Cl,2,"5-chloro-2-methyl-3-(1,2,3,6-tetrahydro-4-pyridinyl)-1H-indole hydrochloride currently has an ML prediction but requires stronger receptor-specific literature validation.",Literature validation needed before experimental priority,https://pubmed.ncbi.nlm.nih.gov/24145094/
30,erythromycin propionate-N-acetylcysteinate,5-HT6 exploratory candidate,5-HT6 receptor,No,No,No,No,Yes,0.937557578086853,High,Unvalidated,E,,0.6739124257564545,1,0.25,PubMed + PMC,2021,33357407,PMC7815944,Stem cell reports,Wang Q; Dong X; Hu T; Qu C; Lu J; Zhou Y; Li J; Pei G,10.1016/j.stemcr.2020.11.015,Constitutive Activity of Serotonin Receptor 6 Regulates Human Cerebral Organoids Formation and Depression-like Behaviors.,https://pubmed.ncbi.nlm.nih.gov/33357407/,https://pmc.ncbi.nlm.nih.gov/articles/PMC7815944/,71276,CCC1C(C(C(C(=O)C(CC(C(C(C(C(C(=O)O1)C)OC2CC(C(C(O2)C)O)(C)OC)C)OC3C(C(CC(O3)C)N(C)C)OC(=O)CC)(C)O)C)C)O)(C)O.CC(=O)NC(CS)C(=O)O,1,erythromycin propionate-N-acetylcysteinate currently has an ML prediction but requires stronger receptor-specific literature validation.,Literature validation needed before experimental priority,https://pubmed.ncbi.nlm.nih.gov/33357407/
31,Ro4368554,5-HT6 exploratory candidate,5-HT6 receptor,No,No,No,No,Yes,0.9228565096855164,High,Unvalidated,E,,0.6683567312955857,3,0.25,PubMed,2020,33086133,,Brain research bulletin,Gyertyán I; Kassai F; Kozma K; Kitka T; Ernyey AJ,10.1016/j.brainresbull.2020.10.014,Procognitive profiling of a serotonin 5-HT6 receptor antagonist in a complex model system in rats: A novel translational approach for clinical prediction.,https://pubmed.ncbi.nlm.nih.gov/33086133/,,6918682,CN1CCN(CC1)C2=CC=CC3=C2NC=C3S(=O)(=O)C4=CC=CC=C4,1,Ro4368554 currently has an ML prediction but requires stronger receptor-specific literature validation.,Literature validation needed before experimental priority,https://pubmed.ncbi.nlm.nih.gov/33086133/
32,"5-chloro-2-methyl-3-(1,2,3,6-tetrahydropyridin-4-yl)-1H-indole",5-HT6 exploratory candidate,5-HT6 receptor,No,No,No,No,Yes,0.9108032584190369,High,Unvalidated,E,,0.660522117972374,3,0.25,PubMed,2013,23542166,,European journal of medicinal chemistry,Mattsson C; Svensson P; Boettcher H; Sonesson C,10.1016/j.ejmech.2013.03.006,"Structure-activity relationship of 5-chloro-2-methyl-3-(1,2,3,6-tetrahydropyridin-4-yl)-1H-indole analogues as 5-HT(6) receptor agonists.",https://pubmed.ncbi.nlm.nih.gov/23542166/,,10131112,CC1=C(C2=C(N1)C=CC(=C2)Cl)C3=CCNCC3,1,"5-chloro-2-methyl-3-(1,2,3,6-tetrahydropyridin-4-yl)-1H-indole currently has an ML prediction but requires stronger receptor-specific literature validation.",Literature validation needed before experimental priority,https://pubmed.ncbi.nlm.nih.gov/23542166/
33,Quetiapine Fumarate,MT2-related exploratory candidate,MT2 receptor,No,No,No,Yes,Yes,0.819708526134491,Moderate,Unvalidated,E,,0.6598105419874192,1,0.5,PubMed + PMC,2024,38842700,PMC11442587,Psychopharmacology,Abdelmissih S; Hosny SA; Elwi HM; Sayed WM; Eshra MA; Shaker OG; Samir NF,10.1007/s00213-024-06619-4,"Chronic Caffeine Consumption, Alone or Combined with Agomelatine or Quetiapine, Reduces the Maximum EEG Peak, As Linked to Cortical Neurodegeneration, Ovarian Estrogen Receptor Alpha, and Melatonin Receptor 2.",https://pubmed.ncbi.nlm.nih.gov/38842700/,https://pmc.ncbi.nlm.nih.gov/articles/PMC11442587/,5281025,C1CN(CCN1CCOCCO)C2=NC3=CC=CC=C3SC4=CC=CC=C42.C1CN(CCN1CCOCCO)C2=NC3=CC=CC=C3SC4=CC=CC=C42.C(=CC(=O)O)C(=O)O,2,Quetiapine Fumarate currently has an ML prediction but requires stronger receptor-specific literature validation.,Literature validation needed before experimental priority,https://pubmed.ncbi.nlm.nih.gov/38842700/
33,Quetiapine Fumarate,MT2-related exploratory candidate,5-HT6 receptor,No,No,No,Yes,Yes,0.819708526134491,Moderate,Unvalidated,E,,0.6598105419874192,1,0.5,PubMed,2020,31760336,,Psychiatry research. Neuroimaging,Radhakrishnan R; Matuskey D; Nabulsi N; Gaiser E; Gallezot JD; Henry S; Planeta B; Lin SF; Ropchan J; Huang Y; Carson RE; D'Souza DC,10.1016/j.pscychresns.2019.111007,In vivo 5-HT6 and 5-HT2A receptor availability in antipsychotic treated schizophrenia patients vs. unmedicated healthy humans measured with [11C]GSK215083 PET.,https://pubmed.ncbi.nlm.nih.gov/31760336/,,5281025,C1CN(CCN1CCOCCO)C2=NC3=CC=CC=C3SC4=CC=CC=C42.C1CN(CCN1CCOCCO)C2=NC3=CC=CC=C3SC4=CC=CC=C42.C(=CC(=O)O)C(=O)O,2,Quetiapine Fumarate currently has an ML prediction but requires stronger receptor-specific literature validation.,Literature validation needed before experimental priority,https://pubmed.ncbi.nlm.nih.gov/31760336/
34,1-benzylpiperidine,5-HT6 exploratory candidate,5-HT6 receptor,No,No,No,No,Yes,0.9021195769309998,High,Unvalidated,E,,0.6548777250051498,3,0.25,PubMed,2016,27560283,,European journal of medicinal chemistry,Więckowska A; Kołaczkowski M; Bucki A; Godyń J; Marcinkowska M; Więckowski K; Zaręba P; Siwek A; Kazek G; Głuch-Lutwin M; Mierzejewski P; Bienkowski P; Sienkiewicz-Jarosz H; Knez D; Wichur T; Gobec S; Malawska B,10.1016/j.ejmech.2016.08.016,"Novel multi-target-directed ligands for Alzheimer's disease: Combining cholinesterase inhibitors and 5-HT6 receptor antagonists. Design, synthesis and biological evaluation.",https://pubmed.ncbi.nlm.nih.gov/27560283/,,76190,C1CCN(CC1)CC2=CC=CC=C2,1,1-benzylpiperidine currently has an ML prediction but requires stronger receptor-specific literature validation.,Literature validation needed before experimental priority,https://pubmed.ncbi.nlm.nih.gov/27560283/
35,Testosterone,MT2-related exploratory candidate,MT2 receptor,No,No,No,Yes,No,0.8014183640480042,Moderate,Unvalidated,E,,0.6479219366312027,1,0.5,PubMed,2025,39823652,,Domestic animal endocrinology,Casao A; Peña-Delgado V; Pérez-Pe R,10.1016/j.domaniend.2025.106916,From spermatogenesis to fertilisation: the role of melatonin on ram spermatozoa.,https://pubmed.ncbi.nlm.nih.gov/39823652/,,6013,CC12CCC3C(C1CCC2O)CCC4=CC(=O)CCC34C,1,Testosterone currently has an ML prediction but requires stronger receptor-specific literature validation.,Literature validation needed before experimental priority,https://pubmed.ncbi.nlm.nih.gov/39823652/
36,1-phenylbenzazepine,5-HT6 exploratory candidate,5-HT6 receptor,No,No,No,No,Yes,0.8779258728027344,High,Direct receptor evidence,C,"Synthesis, pharmacological evaluations, and molecular docking studies on a new 1,3,4,11b-tetrahydro-1H-fluoreno[9,1-cd]azepine framework: Rigidification of D1 receptor selective 1-phenylbenzazepines and discovery of a new 5-HT6 receptor scaffold.",0.6391518173217774,3,0.25,PubMed + PMC,2020,32279445,PMC7442682,Chemical biology & drug design,Giri R; Alberts I; Harding WW,10.1111/cbdd.13691,"Synthesis, pharmacological evaluations, and molecular docking studies on a new 1,3,4,11b-tetrahydro-1H-fluoreno[9,1-cd]azepine framework: Rigidification of D1 receptor selective 1-phenylbenzazepines and discovery of a new 5-HT6 receptor scaffold.",https://pubmed.ncbi.nlm.nih.gov/32279445/,https://pmc.ncbi.nlm.nih.gov/articles/PMC7442682/,20503322,C1=CC=C(C=C1)N2C=CC=CC3=CC=CC=C32,1,1-phenylbenzazepine has experimental receptor evidence involving 5-HT6 receptor and is being evaluated as a possible GPR62 candidate.,Prioritize for GPR62 binding/signaling assay,https://pubmed.ncbi.nlm.nih.gov/32279445/
37,latrepirdine,5-HT6 exploratory candidate,5-HT6 receptor,No,No,No,No,Yes,0.8710102438926697,High,Unvalidated,E,,0.6366566585302353,4,0.25,PubMed + PMC,2023,36830678,PMC9953539,Biomolecules,Nirogi R; Jayarajan P; Shinde A; Mohammed AR; Grandhi VR; Benade V; Goyal VK; Abraham R; Jasti V; Cummings J,10.3390/biom13020309,Progress in Investigational Agents Targeting Serotonin-6 Receptors for the Treatment of Brain Disorders.,https://pubmed.ncbi.nlm.nih.gov/36830678/,https://pmc.ncbi.nlm.nih.gov/articles/PMC9953539/,197033,CC1=CC2=C(C=C1)N(C3=C2CN(CC3)C)CCC4=CN=C(C=C4)C,2,latrepirdine currently has an ML prediction but requires stronger receptor-specific literature validation.,Literature validation needed before experimental priority,https://pubmed.ncbi.nlm.nih.gov/36830678/
37,latrepirdine,5-HT6 exploratory candidate,5-HT6 receptor,No,No,No,No,Yes,0.8710102438926697,High,Unvalidated,E,,0.6366566585302353,4,0.25,PubMed,2018,28856531,,Molecular neurobiology,Strekalova T; Bahzenova N; Trofimov A; Schmitt-Böhrer AG; Markova N; Grigoriev V; Zamoyski V; Serkova T; Redkozubova O; Vinogradova D; Umriukhin A; Fisenko V; Lillesaar C; Shevtsova E; Sokolov V; Aksinenko A; Lesch KP; Bachurin S,10.1007/s12035-017-0745-6,"Pro-neurogenic, Memory-Enhancing and Anti-stress Effects of DF302, a Novel Fluorine Gamma-Carboline Derivative with Multi-target Mechanism of Action.",https://pubmed.ncbi.nlm.nih.gov/28856531/,,197033,CC1=CC2=C(C=C1)N(C3=C2CN(CC3)C)CCC4=CN=C(C=C4)C,2,latrepirdine currently has an ML prediction but requires stronger receptor-specific literature validation.,Literature validation needed before experimental priority,https://pubmed.ncbi.nlm.nih.gov/28856531/
38,Memantine,5-HT6 exploratory candidate,5-HT6 receptor,No,No,No,No,Yes,0.8731172680854797,High,Unvalidated,E,,0.6360262242555619,3,0.25,PubMed,2015,26548316,,Expert opinion on investigational drugs,Wicke K; Haupt A; Bespalov A,10.1517/13543784.2015.1102884,Investigational drugs targeting 5-HT6 receptors for the treatment of Alzheimer's disease.,https://pubmed.ncbi.nlm.nih.gov/26548316/,,4054,CC12CC3CC(C1)(CC(C3)(C2)N)C,1,Memantine currently has an ML prediction but requires stronger receptor-specific literature validation.,Literature validation needed before experimental priority,https://pubmed.ncbi.nlm.nih.gov/26548316/
39,PBI-8192,MT2-related exploratory candidate,MT2 receptor,No,No,No,Yes,No,0.758974015712738,Moderate,Unvalidated,E,,0.6303331102132798,6,0.5,PubMed + PMC,2022,35983281,PMC9380205,ACS pharmacology & translational science,Gbahou F; Levin S; Tikhonova IG; Somalo Barranco G; Izabelle C; Ohana RF; Jockers R,10.1021/acsptsci.2c00096,Luminogenic HiBiT Peptide-Based NanoBRET Ligand Binding Assays for Melatonin Receptors.,https://pubmed.ncbi.nlm.nih.gov/35983281/,https://pmc.ncbi.nlm.nih.gov/articles/PMC9380205/,176516512,CCCC(=O)NCC1=CC=C(C=C1)C2=C(C3=C(N2)C=CC(=N3)OC)CCNC(=O)C,1,PBI-8192 currently has an ML prediction but requires stronger receptor-specific literature validation.,Literature validation needed before experimental priority,https://pubmed.ncbi.nlm.nih.gov/35983281/
40,Bupropion,5-HT6 exploratory candidate,5-HT6 receptor,No,No,No,No,Yes,0.8546305298805237,High,Unvalidated,E,,0.6300098444223404,6,0.25,PubMed,2019,30312638,,Behavioural brain research,Partyka A; Jastrzębska-Więsek M; Antkiewicz-Michaluk L; Michaluk J; Wąsik A; Canale V; Zajdel P; Kołaczkowski M; Wesołowska A,10.1016/j.bbr.2018.10.004,Novel antagonists of 5-HT6 and/or 5-HT7 receptors affect the brain monoamines metabolism and enhance the anti-immobility activity of different antidepressants in rats.,https://pubmed.ncbi.nlm.nih.gov/30312638/,,444,CC(C(=O)C1=CC(=CC=C1)Cl)NC(C)(C)C,1,Bupropion currently has an ML prediction but requires stronger receptor-specific literature validation.,Literature validation needed before experimental priority,https://pubmed.ncbi.nlm.nih.gov/30312638/
41,5-hydroxyethoxy-N-acetyltryptamine,MT2-related exploratory candidate,MT2 receptor,No,No,No,Yes,No,0.7643306255340576,Moderate,Unvalidated,E,,0.6278149065971375,3,0.5,PubMed,2026,41389411,,European journal of medicinal chemistry,Bedini A; Galvani F; Elisi GM; Scalvini L; Mari M; Recchia A; Fernandes PACM; Kinker GS; Lucini V; Scaglione F; Vincenzi F; Varani K; Markus RP; Rivara S; Spadoni G; Mor M,10.1016/j.ejmech.2025.118445,N-Acylaminoethyltetrahydroquinolines: A new class of melatonin receptor ligands with in vivo activity on glioblastoma.,https://pubmed.ncbi.nlm.nih.gov/41389411/,,10849065,CC(=O)NCCC1=CNC2=C1C=C(C=C2)OCCO,1,5-hydroxyethoxy-N-acetyltryptamine currently has an ML prediction but requires stronger receptor-specific literature validation.,Literature validation needed before experimental priority,https://pubmed.ncbi.nlm.nih.gov/41389411/
42,Rotenone,5-HT6 exploratory candidate,5-HT6 receptor,No,No,No,No,Yes,0.8578706383705139,High,Unvalidated,E,,0.6261159149408341,3,0.25,PubMed,2024,38936149,,European journal of medicinal chemistry,Drop M; Koczurkiewicz-Adamczyk P; Bento O; Pietruś W; Satała G; Blicharz-Futera K; Canale V; Grychowska K; Bantreil X; Pękala E; Kurczab R; Bojarski AJ; Chaumont-Dubel S; Marin P; Lamaty F; Zajdel P,10.1016/j.ejmech.2024.116615,5-HT6 receptor neutral antagonists protect astrocytes: A lesson from 2-phenylpyrrole derivatives.,https://pubmed.ncbi.nlm.nih.gov/38936149/,,6758,CC(=C)C1CC2=C(O1)C=CC3=C2OC4COC5=CC(=C(C=C5C4C3=O)OC)OC,1,Rotenone currently has an ML prediction but requires stronger receptor-specific literature validation.,Literature validation needed before experimental priority,https://pubmed.ncbi.nlm.nih.gov/38936149/
43,SB 269970,5-HT6 exploratory candidate,5-HT6 receptor,No,No,No,No,Yes,0.8466910719871521,Moderate,Unvalidated,E,,0.6248491967916489,6,0.25,PubMed,2019,31233821,,Behavioural brain research,de Assis Brasil ES; Guerino Furini CR; da Silva Rodrigues F; Nachtigall EG; Kielbovicz Behling JA; Saenger BF; Farias CP; de Carvalho Myskiw J; Izquierdo I,10.1016/j.bbr.2019.112055,"The blockade of the serotoninergic receptors 5-HT5A, 5-HT6 and 5-HT7 in the basolateral amygdala, but not in the hippocampus facilitate the extinction of fear memory.",https://pubmed.ncbi.nlm.nih.gov/31233821/,,6604889,CC1CCN(CC1)CCC2CCCN2S(=O)(=O)C3=CC=CC(=C3)O,2,SB 269970 currently has an ML prediction but requires stronger receptor-specific literature validation.,Literature validation needed before experimental priority,https://pubmed.ncbi.nlm.nih.gov/31233821/
43,SB 269970,5-HT6 exploratory candidate,5-HT6 receptor,No,No,No,No,Yes,0.8466910719871521,Moderate,Unvalidated,E,,0.6248491967916489,6,0.25,PubMed,2013,25287308,,Acta neuropsychiatrica,Masuda T; Nishikawa H; Inoue T; Toda H; Nakagawa S; Boku S; Koyama T,10.1111/j.1601-5215.2012.00669.x,"5-HT depletion, but not 5-HT1A antagonist, prevents the anxiolytic-like effect of citalopram in rat contextual conditioned fear stress model.",https://pubmed.ncbi.nlm.nih.gov/25287308/,,6604889,CC1CCN(CC1)CCC2CCCN2S(=O)(=O)C3=CC=CC(=C3)O,2,SB 269970 currently has an ML prediction but requires stronger receptor-specific literature validation.,Literature validation needed before experimental priority,https://pubmed.ncbi.nlm.nih.gov/25287308/
44,Fluvoxamine,5-HT6 exploratory candidate,5-HT6 receptor,No,No,No,No,Yes,0.8449462056159973,Moderate,Unvalidated,E,,0.6177150336503983,3,0.25,PubMed,2015,25932719,,Behavioural pharmacology,Hasebe S; Ago Y; Nishiyama S; Oka S; Hashimoto H; Takuma K; Matsuda T,10.1097/FBP.0000000000000140,Pharmacological profile of encounter-induced hyperactivity in isolation-reared mice.,https://pubmed.ncbi.nlm.nih.gov/25932719/,,5324346,COCCCCC(=NOCCN)C1=CC=C(C=C1)C(F)(F)F,1,Fluvoxamine currently has an ML prediction but requires stronger receptor-specific literature validation.,Literature validation needed before experimental priority,https://pubmed.ncbi.nlm.nih.gov/25932719/
45,Aligeron,5-HT6 exploratory candidate,5-HT6 receptor,No,No,No,No,Yes,0.8204567432403564,Moderate,Unvalidated,E,,0.6077968831062317,6,0.25,PubMed,2025,38204222,,Current computer-aided drug design,Vediappan P; Arumugam M; Natarajan R,10.2174/0115734099282836231212064925,"In-silico Design, ADMET Screening, Prime MM-GBSA Binding Free Energy Calculation and MD Simulation of Some Novel Phenothiazines as 5HT6R Antagonists Targeting Alzheimer's Disease.",https://pubmed.ncbi.nlm.nih.gov/38204222/,,166145,C=CCN1CCN(CC1)C(C2=CC=CC=C2)C3=CC=CC=C3,1,Aligeron currently has an ML prediction but requires stronger receptor-specific literature validation.,Literature validation needed before experimental priority,https://pubmed.ncbi.nlm.nih.gov/38204222/
46,1-(phenylsulfonyl)-4-(piperazin-1-yl)-1H-indole,5-HT6 exploratory candidate,5-HT6 receptor,No,No,No,No,Yes,0.8271880745887756,Moderate,Unvalidated,E,,0.6061722484827042,3,0.25,PubMed,2016,27560283,,European journal of medicinal chemistry,Więckowska A; Kołaczkowski M; Bucki A; Godyń J; Marcinkowska M; Więckowski K; Zaręba P; Siwek A; Kazek G; Głuch-Lutwin M; Mierzejewski P; Bienkowski P; Sienkiewicz-Jarosz H; Knez D; Wichur T; Gobec S; Malawska B,10.1016/j.ejmech.2016.08.016,"Novel multi-target-directed ligands for Alzheimer's disease: Combining cholinesterase inhibitors and 5-HT6 receptor antagonists. Design, synthesis and biological evaluation.",https://pubmed.ncbi.nlm.nih.gov/27560283/,,10154392,C1CN(CCN1)C2=CC=CC3=C2C=CN3S(=O)(=O)C4=CC=CC=C4,1,1-(phenylsulfonyl)-4-(piperazin-1-yl)-1H-indole currently has an ML prediction but requires stronger receptor-specific literature validation.,Literature validation needed before experimental priority,https://pubmed.ncbi.nlm.nih.gov/27560283/
47,Amoxapine,5-HT6 exploratory candidate,5-HT6 receptor,No,No,No,No,Yes,0.8087691068649292,Moderate,Unvalidated,E,,0.598199919462204,5,0.25,PubMed + PMC,2017,28694424,PMC5504036,Scientific reports,Li X; Wang Q; Hu T; Wang Y; Zhao J; Lu J; Pei G,10.1038/s41598-017-04144-3,"A tricyclic antidepressant, amoxapine, reduces amyloid-β generation through multiple serotonin receptor 6-mediated targets.",https://pubmed.ncbi.nlm.nih.gov/28694424/,https://pmc.ncbi.nlm.nih.gov/articles/PMC5504036/,2170,C1CN(CCN1)C2=NC3=CC=CC=C3OC4=C2C=C(C=C4)Cl,1,Amoxapine currently has an ML prediction but requires stronger receptor-specific literature validation.,Literature validation needed before experimental priority,https://pubmed.ncbi.nlm.nih.gov/28694424/
48,Tacrine,5-HT6 exploratory candidate,5-HT6 receptor,No,No,No,No,Yes,0.7920169830322266,Moderate,Unvalidated,E,,0.5893110389709473,6,0.25,PubMed,2016,27560283,,European journal of medicinal chemistry,Więckowska A; Kołaczkowski M; Bucki A; Godyń J; Marcinkowska M; Więckowski K; Zaręba P; Siwek A; Kazek G; Głuch-Lutwin M; Mierzejewski P; Bienkowski P; Sienkiewicz-Jarosz H; Knez D; Wichur T; Gobec S; Malawska B,10.1016/j.ejmech.2016.08.016,"Novel multi-target-directed ligands for Alzheimer's disease: Combining cholinesterase inhibitors and 5-HT6 receptor antagonists. Design, synthesis and biological evaluation.",https://pubmed.ncbi.nlm.nih.gov/27560283/,,1935,C1CCC2=NC3=CC=CC=C3C(=C2C1)N,1,Tacrine currently has an ML prediction but requires stronger receptor-specific literature validation.,Literature validation needed before experimental priority,https://pubmed.ncbi.nlm.nih.gov/27560283/
49,Aripiprazole,5-HT6 exploratory candidate,5-HT6 receptor,No,No,No,No,Yes,0.8098500370979309,Moderate,Unvalidated,E,,0.5889025241136551,0,0.25,PubMed,2020,31760336,,Psychiatry research. Neuroimaging,Radhakrishnan R; Matuskey D; Nabulsi N; Gaiser E; Gallezot JD; Henry S; Planeta B; Lin SF; Ropchan J; Huang Y; Carson RE; D'Souza DC,10.1016/j.pscychresns.2019.111007,In vivo 5-HT6 and 5-HT2A receptor availability in antipsychotic treated schizophrenia patients vs. unmedicated healthy humans measured with [11C]GSK215083 PET.,https://pubmed.ncbi.nlm.nih.gov/31760336/,,60795,C1CC(=O)NC2=C1C=CC(=C2)OCCCCN3CCN(CC3)C4=C(C(=CC=C4)Cl)Cl,1,Aripiprazole currently has an ML prediction but requires stronger receptor-specific literature validation.,Literature validation needed before experimental priority,https://pubmed.ncbi.nlm.nih.gov/31760336/
50,THC,5-HT6 exploratory candidate,5-HT6 receptor,No,No,No,No,Yes,0.7892976403236389,Moderate,Unvalidated,E,,0.5875434662103654,6,0.25,PubMed + PMC,2020,32329240,PMC7207164,EMBO molecular medicine,Berthoux C; Hamieh AM; Rogliardo A; Doucet EL; Coudert C; Ango F; Grychowska K; Chaumont-Dubel S; Zajdel P; Maldonado R; Bockaert J; Marin P; Bécamel C,10.15252/emmm.201910605,Early 5-HT6 receptor blockade prevents symptom onset in a model of adolescent cannabis abuse.,https://pubmed.ncbi.nlm.nih.gov/32329240/,https://pmc.ncbi.nlm.nih.gov/articles/PMC7207164/,16078,CCCCCC1=CC(=C2C3C=C(CCC3C(OC2=C1)(C)C)C)O,1,THC currently has an ML prediction but requires stronger receptor-specific literature validation.,Literature validation needed before experimental priority,https://pubmed.ncbi.nlm.nih.gov/32329240/
51,9-tetrahydrocannabinol,5-HT6 exploratory candidate,5-HT6 receptor,No,No,No,No,Yes,0.7892976403236389,Moderate,Unvalidated,E,,0.5815434662103653,3,0.25,PubMed + PMC,2020,32329240,PMC7207164,EMBO molecular medicine,Berthoux C; Hamieh AM; Rogliardo A; Doucet EL; Coudert C; Ango F; Grychowska K; Chaumont-Dubel S; Zajdel P; Maldonado R; Bockaert J; Marin P; Bécamel C,10.15252/emmm.201910605,Early 5-HT6 receptor blockade prevents symptom onset in a model of adolescent cannabis abuse.,https://pubmed.ncbi.nlm.nih.gov/32329240/,https://pmc.ncbi.nlm.nih.gov/articles/PMC7207164/,16078,CCCCCC1=CC(=C2C3C=C(CCC3C(OC2=C1)(C)C)C)O,1,9-tetrahydrocannabinol currently has an ML prediction but requires stronger receptor-specific literature validation.,Literature validation needed before experimental priority,https://pubmed.ncbi.nlm.nih.gov/32329240/
52,Cyclophosphamide,MT2-related exploratory candidate,MT2 receptor,No,No,No,Yes,No,0.682522177696228,Moderate,Unvalidated,E,,0.5746394155025483,3,0.5,PubMed,2022,34642909,,"Reproductive sciences (Thousand Oaks, Calif.)",Barberino RS; Lins TLBG; Monte APO; Gouveia BB; Campinho DSP; Palheta RC; Smitz JEJ; Matos MHT,10.1007/s43032-021-00768-z,Melatonin Attenuates Cyclophosphamide-Induced Primordial Follicle Loss by Interaction with MT1 Receptor and Modulation of PTEN/Akt/FOXO3a Proteins in the Mouse Ovary.,https://pubmed.ncbi.nlm.nih.gov/34642909/,,2907,C1CNP(=O)(OC1)N(CCCl)CCCl,1,Cyclophosphamide currently has an ML prediction but requires stronger receptor-specific literature validation.,Literature validation needed before experimental priority,https://pubmed.ncbi.nlm.nih.gov/34642909/
53,Donepezil,5-HT6 exploratory candidate,5-HT6 receptor,No,No,No,No,Yes,0.7118600010871887,Moderate,Direct receptor evidence,C,The 5-HT6 receptor antagonist idalopirdine potentiates the effects of donepezil on gamma oscillations in the frontal cortex of anesthetized and awake rats without affecting sleep-wake architecture.,0.5732090007066728,24,0.25,PubMed + PMC,2021,34095437,PMC8165732,"Alzheimer's & dementia (New York, N. Y.)",Lang FM; Mo Y; Sabbagh M; Solomon P; Boada M; Jones RW; Frisoni GB; Grimmer T; Dubois B; Harnett M; Friedhoff SR; Coslett S; Cummings JL,10.1002/trc2.12136,"Intepirdine as adjunctive therapy to donepezil for mild-to-moderate Alzheimer's disease: A randomized, placebo-controlled, phase 3 clinical trial (MINDSET).",https://pubmed.ncbi.nlm.nih.gov/34095437/,https://pmc.ncbi.nlm.nih.gov/articles/PMC8165732/,3152,COC1=C(C=C2C(=C1)CC(C2=O)CC3CCN(CC3)CC4=CC=CC=C4)OC,7,Donepezil has experimental receptor evidence involving 5-HT6 receptor and is being evaluated as a possible GPR62 candidate.,Review pharmacology and consider experimental testing,https://pubmed.ncbi.nlm.nih.gov/34095437/
53,Donepezil,5-HT6 exploratory candidate,5-HT6 receptor,No,No,No,No,Yes,0.7118600010871887,Moderate,Direct receptor evidence,C,The 5-HT6 receptor antagonist idalopirdine potentiates the effects of donepezil on gamma oscillations in the frontal cortex of anesthetized and awake rats without affecting sleep-wake architecture.,0.5732090007066728,24,0.25,PubMed,2017,27647493,,Neuropharmacology,Amat-Foraster M; Leiser SC; Herrik KF; Richard N; Agerskov C; Bundgaard C; Bastlund JF; de Jong IEM,10.1016/j.neuropharm.2016.09.017,The 5-HT6 receptor antagonist idalopirdine potentiates the effects of donepezil on gamma oscillations in the frontal cortex of anesthetized and awake rats without affecting sleep-wake architecture.,https://pubmed.ncbi.nlm.nih.gov/27647493/,,3152,COC1=C(C=C2C(=C1)CC(C2=O)CC3CCN(CC3)CC4=CC=CC=C4)OC,7,Donepezil has experimental receptor evidence involving 5-HT6 receptor and is being evaluated as a possible GPR62 candidate.,Review pharmacology and consider experimental testing,https://pubmed.ncbi.nlm.nih.gov/27647493/
53,Donepezil,5-HT6 exploratory candidate,5-HT6 receptor,No,No,No,No,Yes,0.7118600010871887,Moderate,Direct receptor evidence,C,The 5-HT6 receptor antagonist idalopirdine potentiates the effects of donepezil on gamma oscillations in the frontal cortex of anesthetized and awake rats without affecting sleep-wake architecture.,0.5732090007066728,24,0.25,PubMed,2016,27560283,,European journal of medicinal chemistry,Więckowska A; Kołaczkowski M; Bucki A; Godyń J; Marcinkowska M; Więckowski K; Zaręba P; Siwek A; Kazek G; Głuch-Lutwin M; Mierzejewski P; Bienkowski P; Sienkiewicz-Jarosz H; Knez D; Wichur T; Gobec S; Malawska B,10.1016/j.ejmech.2016.08.016,"Novel multi-target-directed ligands for Alzheimer's disease: Combining cholinesterase inhibitors and 5-HT6 receptor antagonists. Design, synthesis and biological evaluation.",https://pubmed.ncbi.nlm.nih.gov/27560283/,,3152,COC1=C(C=C2C(=C1)CC(C2=O)CC3CCN(CC3)CC4=CC=CC=C4)OC,7,Donepezil has experimental receptor evidence involving 5-HT6 receptor and is being evaluated as a possible GPR62 candidate.,Review pharmacology and consider experimental testing,https://pubmed.ncbi.nlm.nih.gov/27560283/
53,Donepezil,5-HT6 exploratory candidate,5-HT6 receptor,No,No,No,No,Yes,0.7118600010871887,Moderate,Direct receptor evidence,C,The 5-HT6 receptor antagonist idalopirdine potentiates the effects of donepezil on gamma oscillations in the frontal cortex of anesthetized and awake rats without affecting sleep-wake architecture.,0.5732090007066728,24,0.25,PubMed,2017,27469080,,The European journal of neuroscience,Kucinski A; de Jong IE; Sarter M,10.1111/ejn.13354,Reducing falls in Parkinson's disease: interactions between donepezil and the 5-HT6 receptor antagonist idalopirdine on falls in a rat model of impaired cognitive control of complex movements.,https://pubmed.ncbi.nlm.nih.gov/27469080/,,3152,COC1=C(C=C2C(=C1)CC(C2=O)CC3CCN(CC3)CC4=CC=CC=C4)OC,7,Donepezil has experimental receptor evidence involving 5-HT6 receptor and is being evaluated as a possible GPR62 candidate.,Review pharmacology and consider experimental testing,https://pubmed.ncbi.nlm.nih.gov/27469080/
53,Donepezil,5-HT6 exploratory candidate,5-HT6 receptor,No,No,No,No,Yes,0.7118600010871887,Moderate,Direct receptor evidence,C,The 5-HT6 receptor antagonist idalopirdine potentiates the effects of donepezil on gamma oscillations in the frontal cortex of anesthetized and awake rats without affecting sleep-wake architecture.,0.5732090007066728,24,0.25,PubMed,2016,27039041,,Neuropharmacology,Herrik KF; Mørk A; Richard N; Bundgaard C; Bastlund JF; de Jong IEM,10.1016/j.neuropharm.2016.03.043,The 5-HT6 receptor antagonist idalopirdine potentiates the effects of acetylcholinesterase inhibition on neuronal network oscillations and extracellular acetylcholine levels in the rat dorsal hippocampus.,https://pubmed.ncbi.nlm.nih.gov/27039041/,,3152,COC1=C(C=C2C(=C1)CC(C2=O)CC3CCN(CC3)CC4=CC=CC=C4)OC,7,Donepezil has experimental receptor evidence involving 5-HT6 receptor and is being evaluated as a possible GPR62 candidate.,Review pharmacology and consider experimental testing,https://pubmed.ncbi.nlm.nih.gov/27039041/
53,Donepezil,5-HT6 exploratory candidate,5-HT6 receptor,No,No,No,No,Yes,0.7118600010871887,Moderate,Direct receptor evidence,C,The 5-HT6 receptor antagonist idalopirdine potentiates the effects of donepezil on gamma oscillations in the frontal cortex of anesthetized and awake rats without affecting sleep-wake architecture.,0.5732090007066728,24,0.25,PubMed,2014,25297016,,The Lancet. Neurology,Wilkinson D; Windfeld K; Colding-Jørgensen E,10.1016/S1474-4422(14)70198-X,"Safety and efficacy of idalopirdine, a 5-HT6 receptor antagonist, in patients with moderate Alzheimer's disease (LADDER): a randomised, double-blind, placebo-controlled phase 2 trial.",https://pubmed.ncbi.nlm.nih.gov/25297016/,,3152,COC1=C(C=C2C(=C1)CC(C2=O)CC3CCN(CC3)CC4=CC=CC=C4)OC,7,Donepezil has experimental receptor evidence involving 5-HT6 receptor and is being evaluated as a possible GPR62 candidate.,Review pharmacology and consider experimental testing,https://pubmed.ncbi.nlm.nih.gov/25297016/
53,Donepezil,5-HT6 exploratory candidate,5-HT6 receptor,No,No,No,No,Yes,0.7118600010871887,Moderate,Direct receptor evidence,C,The 5-HT6 receptor antagonist idalopirdine potentiates the effects of donepezil on gamma oscillations in the frontal cortex of anesthetized and awake rats without affecting sleep-wake architecture.,0.5732090007066728,24,0.25,PubMed,2013,24135200,,European journal of pharmacology,Jayarajan P; Nirogi R; Shinde A,10.1016/j.ejphar.2013.10.005,Effect of olanzapine on scopolamine induced deficits in differential reinforcement of low rate 72s (DRL-72s) schedule in rats: involvement of the serotonergic receptors in restoring the deficits.,https://pubmed.ncbi.nlm.nih.gov/24135200/,,3152,COC1=C(C=C2C(=C1)CC(C2=O)CC3CCN(CC3)CC4=CC=CC=C4)OC,7,Donepezil has experimental receptor evidence involving 5-HT6 receptor and is being evaluated as a possible GPR62 candidate.,Review pharmacology and consider experimental testing,https://pubmed.ncbi.nlm.nih.gov/24135200/
54,Clozapine,5-HT6 exploratory candidate,5-HT6 receptor,No,No,No,No,Yes,0.7433640956878662,Moderate,Indirect/context evidence,D,"Co-administration of 5-HT6 receptor antagonists with clozapine, risperidone, and a 5-HT2A receptor antagonist: effects on prepulse inhibition in rats.",0.563686662197113,9,0.25,PubMed + PMC,2014,23954911,PMC3889519,Psychopharmacology,Fijał K; Popik P; Nikiforuk A,10.1007/s00213-013-3234-2,"Co-administration of 5-HT6 receptor antagonists with clozapine, risperidone, and a 5-HT2A receptor antagonist: effects on prepulse inhibition in rats.",https://pubmed.ncbi.nlm.nih.gov/23954911/,https://pmc.ncbi.nlm.nih.gov/articles/PMC3889519/,135398737,CN1CCN(CC1)C2=NC3=C(C=CC(=C3)Cl)NC4=CC=CC=C42,2,"Clozapine appears in literature related to 5-HT6 receptor, but direct receptor interaction has not been established.",Review full article for direct receptor evidence,https://pubmed.ncbi.nlm.nih.gov/23954911/
54,Clozapine,5-HT6 exploratory candidate,5-HT6 receptor,No,No,No,No,Yes,0.7433640956878662,Moderate,Indirect/context evidence,D,"Co-administration of 5-HT6 receptor antagonists with clozapine, risperidone, and a 5-HT2A receptor antagonist: effects on prepulse inhibition in rats.",0.563686662197113,9,0.25,PubMed,2013,23479455,,"Journal of psychopharmacology (Oxford, England)",Nikiforuk A; Fijał K; Potasiewicz A; Popik P; Kos T,10.1177/0269881113480991,"The 5-hydroxytryptamine (serotonin) receptor 6 agonist EMD 386088 ameliorates ketamine-induced deficits in attentional set shifting and novel object recognition, but not in the prepulse inhibition in rats.",https://pubmed.ncbi.nlm.nih.gov/23479455/,,135398737,CN1CCN(CC1)C2=NC3=C(C=CC(=C3)Cl)NC4=CC=CC=C42,2,"Clozapine appears in literature related to 5-HT6 receptor, but direct receptor interaction has not been established.",Review full article for direct receptor evidence,https://pubmed.ncbi.nlm.nih.gov/23479455/
55,Tryptophan,5-HT6 exploratory candidate,5-HT6 receptor,No,No,No,No,Yes,0.7616071105003357,Moderate,Unvalidated,E,,0.5595446218252182,1,0.25,PubMed + PMC,2019,30883547,PMC6438579,PLoS biology,Teng LL; Lu GL; Chiou LC; Lin WS; Cheng YY; Hsueh TE; Huang YC; Hwang NH; Yeh JW; Liao RM; Fan SZ; Yen JH; Fu TF; Tsai TF; Wu MS; Wang PY,10.1371/journal.pbio.2007097,Serotonin receptor HTR6-mediated mTORC1 signaling regulates dietary restriction-induced memory enhancement.,https://pubmed.ncbi.nlm.nih.gov/30883547/,https://pmc.ncbi.nlm.nih.gov/articles/PMC6438579/,6305,C1=CC=C2C(=C1)C(=CN2)CC(C(=O)O)N,1,Tryptophan currently has an ML prediction but requires stronger receptor-specific literature validation.,Literature validation needed before experimental priority,https://pubmed.ncbi.nlm.nih.gov/30883547/
56,CPPQ,5-HT6 exploratory candidate,5-HT6 receptor,No,No,No,No,Yes,0.7214867472648621,Moderate,Unvalidated,E,,0.5554663857221604,12,0.25,PubMed,2025,40885239,,European journal of pharmacology,Salaga M; Binienda A; Canale V; Grychowska K; Soural M; Marin P; Zajdel P,10.1016/j.ejphar.2025.178099,Serotonin type 6 receptor inverse agonists and neutral antagonists inhibit defecation: relevance to intestinal motility disorders.,https://pubmed.ncbi.nlm.nih.gov/40885239/,,162656068,CCC1=NC2=C(N1S(=O)(=O)C3=CC(=CC=C3)Cl)C=CN=C2N4CCNCC4,4,CPPQ currently has an ML prediction but requires stronger receptor-specific literature validation.,Literature validation needed before experimental priority,https://pubmed.ncbi.nlm.nih.gov/40885239/
56,CPPQ,5-HT6 exploratory candidate,5-HT6 receptor,No,No,No,No,Yes,0.7214867472648621,Moderate,Unvalidated,E,,0.5554663857221604,12,0.25,PubMed + PMC,2021,34576341,PMC8467191,International journal of molecular sciences,Doucet E; Grychowska K; Zajdel P; Bockaert J; Marin P; Bécamel C,10.3390/ijms221810178,Blockade of Serotonin 5-HT6 Receptor Constitutive Activity Alleviates Cognitive Deficits in a Preclinical Model of Neurofibromatosis Type 1.,https://pubmed.ncbi.nlm.nih.gov/34576341/,https://pmc.ncbi.nlm.nih.gov/articles/PMC8467191/,162656068,CCC1=NC2=C(N1S(=O)(=O)C3=CC(=CC=C3)Cl)C=CN=C2N4CCNCC4,4,CPPQ currently has an ML prediction but requires stronger receptor-specific literature validation.,Literature validation needed before experimental priority,https://pubmed.ncbi.nlm.nih.gov/34576341/
56,CPPQ,5-HT6 exploratory candidate,5-HT6 receptor,No,No,No,No,Yes,0.7214867472648621,Moderate,Unvalidated,E,,0.5554663857221604,12,0.25,PubMed + PMC,2021,34467765,PMC8474115,Journal of medicinal chemistry,Zajdel P; Grychowska K; Mogilski S; Kurczab R; Satała G; Bugno R; Kos T; Gołębiowska J; Malikowska-Racia N; Nikiforuk A; Chaumont-Dubel S; Bantreil X; Pawłowski M; Martinez J; Subra G; Lamaty F; Marin P; Bojarski AJ; Popik P,10.1021/acs.jmedchem.1c00224,"Structure-Based Design and Optimization of FPPQ, a Dual-Acting 5-HT3 and 5-HT6 Receptor Antagonist with Antipsychotic and Procognitive Properties.",https://pubmed.ncbi.nlm.nih.gov/34467765/,https://pmc.ncbi.nlm.nih.gov/articles/PMC8474115/,162656068,CCC1=NC2=C(N1S(=O)(=O)C3=CC(=CC=C3)Cl)C=CN=C2N4CCNCC4,4,CPPQ currently has an ML prediction but requires stronger receptor-specific literature validation.,Literature validation needed before experimental priority,https://pubmed.ncbi.nlm.nih.gov/34467765/
56,CPPQ,5-HT6 exploratory candidate,5-HT6 receptor,No,No,No,No,Yes,0.7214867472648621,Moderate,Unvalidated,E,,0.5554663857221604,12,0.25,PubMed,2021,33439019,,Journal of medicinal chemistry,Vanda D; Canale V; Chaumont-Dubel S; Kurczab R; Satała G; Koczurkiewicz-Adamczyk P; Krawczyk M; Pietruś W; Blicharz K; Pękala E; Bojarski AJ; Popik P; Marin P; Soural M; Zajdel P,10.1021/acs.jmedchem.0c02009,Imidazopyridine-Based 5-HT6 Receptor Neutral Antagonists: Impact of N1-Benzyl and N1-Phenylsulfonyl Fragments on Different Receptor Conformational States.,https://pubmed.ncbi.nlm.nih.gov/33439019/,,162656068,CCC1=NC2=C(N1S(=O)(=O)C3=CC(=CC=C3)Cl)C=CN=C2N4CCNCC4,4,CPPQ currently has an ML prediction but requires stronger receptor-specific literature validation.,Literature validation needed before experimental priority,https://pubmed.ncbi.nlm.nih.gov/33439019/
57,Isoproterenol,Close/related orphan GPCR candidate,GPR135,No,No,Yes,No,No,0.5485492944717407,Low,Unvalidated,E,,0.5520570414066315,4,0.75,PubMed,2018,31038027,,Journal of receptor and signal transduction research,Ruiz-Hernández A; Romero-Nava R; Huang F; Hong E; Villafaña S,10.1080/10799893.2019.1597116,Altered function and expression of the orphan GPR135 at the cardiovascular level in diabetic Wistar rats.,https://pubmed.ncbi.nlm.nih.gov/31038027/,,3779,CC(C)NCC(C1=CC(=C(C=C1)O)O)O,1,Isoproterenol currently has an ML prediction but requires stronger receptor-specific literature validation.,Literature validation needed before experimental priority,https://pubmed.ncbi.nlm.nih.gov/31038027/
58,4-phenyl-2-propionamidotetraline,MT2-related exploratory candidate,MT2 receptor,No,No,No,Yes,No,0.48708274960517883,Low,Unvalidated,E,,0.5416037872433662,59,0.5,PubMed,2026,42166832,,Cryobiology,Jiang SN; Zhang X; Si LN; Wei M; Wei XH; Wang YW; Sun TC; Yang SH; Chen ZH; Cheng LY,10.1016/j.cryobiol.2026.105645,Protective effects of melatonin on mouse ovarian tissue against oxidative stress and ferroptosis may involve the MT1 receptor.,https://pubmed.ncbi.nlm.nih.gov/42166832/,,3976006,CCC(=O)NC1CC(C2=CC=CC=C2C1)C3=CC=CC=C3,20,4-phenyl-2-propionamidotetraline currently has an ML prediction but requires stronger receptor-specific literature validation.,Literature validation needed before experimental priority,https://pubmed.ncbi.nlm.nih.gov/42166832/
58,4-phenyl-2-propionamidotetraline,MT2-related exploratory candidate,MT2 receptor,No,No,No,Yes,No,0.48708274960517883,Low,Unvalidated,E,,0.5416037872433662,59,0.5,PubMed + PMC,2026,42118091,PMC13165690,FASEB journal : official publication of the Federation of American Societies for Experimental Biology,Pyanova A; Kalentchuk VU; Serebryakov VN; Schubert R,10.1096/fj.202601214R,Orchestration of PKC-Mediated Inhibition and Calcium Release-Mediated Activation of BK Currents in Rat Vascular Smooth Muscle Cells by Melatonin Confers a BK-Channel-Dependent Restraint on Melatonin-Induced Vasocontraction.,https://pubmed.ncbi.nlm.nih.gov/42118091/,https://pmc.ncbi.nlm.nih.gov/articles/PMC13165690/,3976006,CCC(=O)NC1CC(C2=CC=CC=C2C1)C3=CC=CC=C3,20,4-phenyl-2-propionamidotetraline currently has an ML prediction but requires stronger receptor-specific literature validation.,Literature validation needed before experimental priority,https://pubmed.ncbi.nlm.nih.gov/42118091/
58,4-phenyl-2-propionamidotetraline,MT2-related exploratory candidate,MT2 receptor,No,No,No,Yes,No,0.48708274960517883,Low,Unvalidated,E,,0.5416037872433662,59,0.5,PubMed + PMC,2025,40871079,PMC12389105,Pharmaceutics,Gauthereau-Torres MY; Martínez-Guillen JS; Cervantes-Durán C; Gutiérrez-García CJ; Godínez-Hernández D; Aguilera Méndez A; Ortega-Varela LF,10.3390/pharmaceutics17081057,Preclinical Assessment of a Metformin-Melatonin Combination: Antinociceptive Synergism.,https://pubmed.ncbi.nlm.nih.gov/40871079/,https://pmc.ncbi.nlm.nih.gov/articles/PMC12389105/,3976006,CCC(=O)NC1CC(C2=CC=CC=C2C1)C3=CC=CC=C3,20,4-phenyl-2-propionamidotetraline currently has an ML prediction but requires stronger receptor-specific literature validation.,Literature validation needed before experimental priority,https://pubmed.ncbi.nlm.nih.gov/40871079/
58,4-phenyl-2-propionamidotetraline,MT2-related exploratory candidate,MT2 receptor,No,No,No,Yes,No,0.48708274960517883,Low,Unvalidated,E,,0.5416037872433662,59,0.5,PubMed,2024,38881434,,Reproduction in domestic animals = Zuchthygiene,Wei CY; Zhang X; Si LN; Shu WH; Jiang SN; Ding PJ; Cheng LY; Sun TC; Yang SH,10.1111/rda.14598,Melatonin activates Nrf2/HO-1 signalling pathway to antagonizes oxidative stress-induced injury via melatonin receptor 1 (MT1) in cryopreserved mice ovarian tissue.,https://pubmed.ncbi.nlm.nih.gov/38881434/,,3976006,CCC(=O)NC1CC(C2=CC=CC=C2C1)C3=CC=CC=C3,20,4-phenyl-2-propionamidotetraline currently has an ML prediction but requires stronger receptor-specific literature validation.,Literature validation needed before experimental priority,https://pubmed.ncbi.nlm.nih.gov/38881434/
58,4-phenyl-2-propionamidotetraline,MT2-related exploratory candidate,MT2 receptor,No,No,No,Yes,No,0.48708274960517883,Low,Unvalidated,E,,0.5416037872433662,59,0.5,PubMed,2024,38750743,,The Science of the total environment,Hong H; Li J; Tong T; Yang T; Wang H; Xu Y; Lin X; Lin J; Liu S; Luo K; Yu Z; Yuan W; Pi H; Zhou Z,10.1016/j.scitotenv.2024.173119,Paraquat disrupts KIF5A-mediated axonal mitochondrial transport in midbrain neurons and its antagonism by melatonin.,https://pubmed.ncbi.nlm.nih.gov/38750743/,,3976006,CCC(=O)NC1CC(C2=CC=CC=C2C1)C3=CC=CC=C3,20,4-phenyl-2-propionamidotetraline currently has an ML prediction but requires stronger receptor-specific literature validation.,Literature validation needed before experimental priority,https://pubmed.ncbi.nlm.nih.gov/38750743/
58,4-phenyl-2-propionamidotetraline,MT2-related exploratory candidate,MT2 receptor,No,No,No,Yes,No,0.48708274960517883,Low,Unvalidated,E,,0.5416037872433662,59,0.5,PubMed,2023,37978917,,ACS chemical neuroscience,Hsieh MC; Lai CY; Lin LT; Chou D; Yeh CM; Cheng JK; Wang HH; Lin KH; Lin TB; Peng HY,10.1021/acschemneuro.3c00616,Melatonin Relieves Paclitaxel-Induced Neuropathic Pain by Regulating pNEK2-Dependent Epigenetic Pathways in DRG Neurons.,https://pubmed.ncbi.nlm.nih.gov/37978917/,,3976006,CCC(=O)NC1CC(C2=CC=CC=C2C1)C3=CC=CC=C3,20,4-phenyl-2-propionamidotetraline currently has an ML prediction but requires stronger receptor-specific literature validation.,Literature validation needed before experimental priority,https://pubmed.ncbi.nlm.nih.gov/37978917/
58,4-phenyl-2-propionamidotetraline,MT2-related exploratory candidate,MT2 receptor,No,No,No,Yes,No,0.48708274960517883,Low,Unvalidated,E,,0.5416037872433662,59,0.5,PubMed + PMC,2023,37834395,PMC10573520,International journal of molecular sciences,Möller JKS; Linowiecka K; Gagat M; Brożyna AA; Foksiński M; Wolnicka-Glubisz A; Pyza E; Reiter RJ; Tulic MK; Slominski AT; Steinbrink K; Kleszczyński K,10.3390/ijms241914947,Melanogenesis Is Directly Affected by Metabolites of Melatonin in Human Melanoma Cells.,https://pubmed.ncbi.nlm.nih.gov/37834395/,https://pmc.ncbi.nlm.nih.gov/articles/PMC10573520/,3976006,CCC(=O)NC1CC(C2=CC=CC=C2C1)C3=CC=CC=C3,20,4-phenyl-2-propionamidotetraline currently has an ML prediction but requires stronger receptor-specific literature validation.,Literature validation needed before experimental priority,https://pubmed.ncbi.nlm.nih.gov/37834395/
58,4-phenyl-2-propionamidotetraline,MT2-related exploratory candidate,MT2 receptor,No,No,No,Yes,No,0.48708274960517883,Low,Unvalidated,E,,0.5416037872433662,59,0.5,PubMed,2024,37739092,,Biochimica et biophysica acta. Molecular basis of disease,Dong Y; Cao X; Huang J; Hu Z; Chen C; Chen M; Long Q; Xu Z; Lv D; Rong Y; Luo S; Wang H; Deng W; Tang B,10.1016/j.bbadis.2023.166887,Melatonin inhibits fibroblast cell functions and hypertrophic scar formation by enhancing autophagy through the MT2 receptor-inhibited PI3K/Akt /mTOR signaling.,https://pubmed.ncbi.nlm.nih.gov/37739092/,,3976006,CCC(=O)NC1CC(C2=CC=CC=C2C1)C3=CC=CC=C3,20,4-phenyl-2-propionamidotetraline currently has an ML prediction but requires stronger receptor-specific literature validation.,Literature validation needed before experimental priority,https://pubmed.ncbi.nlm.nih.gov/37739092/
58,4-phenyl-2-propionamidotetraline,MT2-related exploratory candidate,MT2 receptor,No,No,No,Yes,No,0.48708274960517883,Low,Unvalidated,E,,0.5416037872433662,59,0.5,PubMed,2023,37717795,,Free radical biology & medicine,Ma SJ; Li C; Yan C; Liu N; Jiang GY; Yang HR; Yan HC; Li JY; Liu HL; Gao C,10.1016/j.freeradbiomed.2023.09.012,Melatonin alleviates early brain injury by inhibiting the NRF2-mediated ferroptosis pathway after subarachnoid hemorrhage.,https://pubmed.ncbi.nlm.nih.gov/37717795/,,3976006,CCC(=O)NC1CC(C2=CC=CC=C2C1)C3=CC=CC=C3,20,4-phenyl-2-propionamidotetraline currently has an ML prediction but requires stronger receptor-specific literature validation.,Literature validation needed before experimental priority,https://pubmed.ncbi.nlm.nih.gov/37717795/
58,4-phenyl-2-propionamidotetraline,MT2-related exploratory candidate,MT2 receptor,No,No,No,Yes,No,0.48708274960517883,Low,Unvalidated,E,,0.5416037872433662,59,0.5,PubMed + PMC,2023,37200384,PMC10249807,PLoS pathogens,Huo C; Tang Y; Li X; Han D; Gu Q; Su R; Liu Y; Reiter RJ; Liu G; Hu Y; Yang H,10.1371/journal.ppat.1011406,Melatonin alleviates lung injury in H1N1-infected mice by mast cell inactivation and cytokine storm suppression.,https://pubmed.ncbi.nlm.nih.gov/37200384/,https://pmc.ncbi.nlm.nih.gov/articles/PMC10249807/,3976006,CCC(=O)NC1CC(C2=CC=CC=C2C1)C3=CC=CC=C3,20,4-phenyl-2-propionamidotetraline currently has an ML prediction but requires stronger receptor-specific literature validation.,Literature validation needed before experimental priority,https://pubmed.ncbi.nlm.nih.gov/37200384/
58,4-phenyl-2-propionamidotetraline,MT2-related exploratory candidate,MT2 receptor,No,No,No,Yes,No,0.48708274960517883,Low,Unvalidated,E,,0.5416037872433662,59,0.5,PubMed,2023,36592515,,Theriogenology,Ma J; Wang J; Hu S; Li Y; Zhang Y; Yang Y; Yang C; Huo S; Yang Y; Zhaxi Y; Luo W,10.1016/j.theriogenology.2022.12.036,Effects of melatonin on development and hormone secretion of sheep theca cells in vitro.,https://pubmed.ncbi.nlm.nih.gov/36592515/,,3976006,CCC(=O)NC1CC(C2=CC=CC=C2C1)C3=CC=CC=C3,20,4-phenyl-2-propionamidotetraline currently has an ML prediction but requires stronger receptor-specific literature validation.,Literature validation needed before experimental priority,https://pubmed.ncbi.nlm.nih.gov/36592515/
58,4-phenyl-2-propionamidotetraline,MT2-related exploratory candidate,MT2 receptor,No,No,No,Yes,No,0.48708274960517883,Low,Unvalidated,E,,0.5416037872433662,59,0.5,PubMed + PMC,2022,36362201,PMC9655379,International journal of molecular sciences,Paddenberg E; Forneck A; Widbiller M; Smeda M; Jantsch J; Proff P; Kirschneck C; Schröder A,10.3390/ijms232113397,Impact of Melatonin on RAW264.7 Macrophages during Mechanical Strain.,https://pubmed.ncbi.nlm.nih.gov/36362201/,https://pmc.ncbi.nlm.nih.gov/articles/PMC9655379/,3976006,CCC(=O)NC1CC(C2=CC=CC=C2C1)C3=CC=CC=C3,20,4-phenyl-2-propionamidotetraline currently has an ML prediction but requires stronger receptor-specific literature validation.,Literature validation needed before experimental priority,https://pubmed.ncbi.nlm.nih.gov/36362201/
58,4-phenyl-2-propionamidotetraline,MT2-related exploratory candidate,MT2 receptor,No,No,No,Yes,No,0.48708274960517883,Low,Unvalidated,E,,0.5416037872433662,59,0.5,PubMed + PMC,2022,36271291,PMC9586995,Scientific reports,Ramsay S; Zagorodnyuk V,10.1038/s41598-022-22705-z,Melatonin inhibits muscular-mucosal stretch-sensitive bladder afferents via the MT2 receptors.,https://pubmed.ncbi.nlm.nih.gov/36271291/,https://pmc.ncbi.nlm.nih.gov/articles/PMC9586995/,3976006,CCC(=O)NC1CC(C2=CC=CC=C2C1)C3=CC=CC=C3,20,4-phenyl-2-propionamidotetraline currently has an ML prediction but requires stronger receptor-specific literature validation.,Literature validation needed before experimental priority,https://pubmed.ncbi.nlm.nih.gov/36271291/
58,4-phenyl-2-propionamidotetraline,MT2-related exploratory candidate,MT2 receptor,No,No,No,Yes,No,0.48708274960517883,Low,Unvalidated,E,,0.5416037872433662,59,0.5,PubMed,2022,36018566,,Reproduction in domestic animals = Zuchthygiene,Ge W; Duan H; Zeng J; Zhao X; Li J; Hu J,10.1111/rda.14237,Melatonin protects sheep endometrial epithelial cells against lipopolysaccharide-induced inflammation in vitro.,https://pubmed.ncbi.nlm.nih.gov/36018566/,,3976006,CCC(=O)NC1CC(C2=CC=CC=C2C1)C3=CC=CC=C3,20,4-phenyl-2-propionamidotetraline currently has an ML prediction but requires stronger receptor-specific literature validation.,Literature validation needed before experimental priority,https://pubmed.ncbi.nlm.nih.gov/36018566/
58,4-phenyl-2-propionamidotetraline,MT2-related exploratory candidate,MT2 receptor,No,No,No,Yes,No,0.48708274960517883,Low,Unvalidated,E,,0.5416037872433662,59,0.5,PubMed,2022,35932205,,Animal science journal = Nihon chikusan Gakkaiho,Wang W; Lv J; Duan H; Ding Z; Zeng J; Lv C; Hu J; Zhang Y; Zhao X,10.1111/asj.13760,"Regulatory role of melatonin on epidermal growth factor receptor, Type I collagen α1 chain, and caveolin 1 in granulosa cells of sheep antral follicles.",https://pubmed.ncbi.nlm.nih.gov/35932205/,,3976006,CCC(=O)NC1CC(C2=CC=CC=C2C1)C3=CC=CC=C3,20,4-phenyl-2-propionamidotetraline currently has an ML prediction but requires stronger receptor-specific literature validation.,Literature validation needed before experimental priority,https://pubmed.ncbi.nlm.nih.gov/35932205/
58,4-phenyl-2-propionamidotetraline,MT2-related exploratory candidate,MT2 receptor,No,No,No,Yes,No,0.48708274960517883,Low,Unvalidated,E,,0.5416037872433662,59,0.5,PubMed + PMC,2022,35795373,PMC9251177,Frontiers in cardiovascular medicine,Li SJ; Cheng WL; Kao YH; Chung CC; Trang NN; Chen YJ,10.3389/fcvm.2022.885293,Melatonin Inhibits NF-κB/CREB/Runx2 Signaling and Alleviates Aortic Valve Calcification.,https://pubmed.ncbi.nlm.nih.gov/35795373/,https://pmc.ncbi.nlm.nih.gov/articles/PMC9251177/,3976006,CCC(=O)NC1CC(C2=CC=CC=C2C1)C3=CC=CC=C3,20,4-phenyl-2-propionamidotetraline currently has an ML prediction but requires stronger receptor-specific literature validation.,Literature validation needed before experimental priority,https://pubmed.ncbi.nlm.nih.gov/35795373/
58,4-phenyl-2-propionamidotetraline,MT2-related exploratory candidate,MT2 receptor,No,No,No,Yes,No,0.48708274960517883,Low,Unvalidated,E,,0.5416037872433662,59,0.5,PubMed + PMC,2022,35682961,PMC9181011,International journal of molecular sciences,Fernández-Alegre E; Lacalle E; Soriano-Úbeda C; González-Montaña JR; Domínguez JC; Casao A; Martínez-Pastor F,10.3390/ijms23116284,Bos taurus and Cervus elaphus as Non-Seasonal/Seasonal Models for the Role of Melatonin Receptors in the Spermatozoon.,https://pubmed.ncbi.nlm.nih.gov/35682961/,https://pmc.ncbi.nlm.nih.gov/articles/PMC9181011/,3976006,CCC(=O)NC1CC(C2=CC=CC=C2C1)C3=CC=CC=C3,20,4-phenyl-2-propionamidotetraline currently has an ML prediction but requires stronger receptor-specific literature validation.,Literature validation needed before experimental priority,https://pubmed.ncbi.nlm.nih.gov/35682961/
58,4-phenyl-2-propionamidotetraline,MT2-related exploratory candidate,MT2 receptor,No,No,No,Yes,No,0.48708274960517883,Low,Unvalidated,E,,0.5416037872433662,59,0.5,PubMed + PMC,2022,35588335,PMC11072751,Cellular and molecular life sciences : CMLS,Singhanat K; Apaijai N; Sumneang N; Maneechote C; Arunsak B; Chunchai T; Chattipakorn SC; Chattipakorn N,10.1007/s00018-022-04330-1,Therapeutic potential of a single-dose melatonin in the attenuation of cardiac ischemia/reperfusion injury in prediabetic obese rats.,https://pubmed.ncbi.nlm.nih.gov/35588335/,https://pmc.ncbi.nlm.nih.gov/articles/PMC11072751/,3976006,CCC(=O)NC1CC(C2=CC=CC=C2C1)C3=CC=CC=C3,20,4-phenyl-2-propionamidotetraline currently has an ML prediction but requires stronger receptor-specific literature validation.,Literature validation needed before experimental priority,https://pubmed.ncbi.nlm.nih.gov/35588335/
58,4-phenyl-2-propionamidotetraline,MT2-related exploratory candidate,MT2 receptor,No,No,No,Yes,No,0.48708274960517883,Low,Unvalidated,E,,0.5416037872433662,59,0.5,PubMed,2022,35179400,,Current eye research,Xu J; Chen P; Zhao G; Wei S; Li Q; Guo C; Cao Q; Wu X; Di G,10.1080/02713683.2021.2022163,Copolymer Micelle-administered Melatonin Ameliorates Hyperosmolarity-induced Ocular Surface Damage through Regulating PINK1-mediated Mitophagy.,https://pubmed.ncbi.nlm.nih.gov/35179400/,,3976006,CCC(=O)NC1CC(C2=CC=CC=C2C1)C3=CC=CC=C3,20,4-phenyl-2-propionamidotetraline currently has an ML prediction but requires stronger receptor-specific literature validation.,Literature validation needed before experimental priority,https://pubmed.ncbi.nlm.nih.gov/35179400/
58,4-phenyl-2-propionamidotetraline,MT2-related exploratory candidate,MT2 receptor,No,No,No,Yes,No,0.48708274960517883,Low,Unvalidated,E,,0.5416037872433662,59,0.5,PubMed,2022,34642909,,"Reproductive sciences (Thousand Oaks, Calif.)",Barberino RS; Lins TLBG; Monte APO; Gouveia BB; Campinho DSP; Palheta RC; Smitz JEJ; Matos MHT,10.1007/s43032-021-00768-z,Melatonin Attenuates Cyclophosphamide-Induced Primordial Follicle Loss by Interaction with MT1 Receptor and Modulation of PTEN/Akt/FOXO3a Proteins in the Mouse Ovary.,https://pubmed.ncbi.nlm.nih.gov/34642909/,,3976006,CCC(=O)NC1CC(C2=CC=CC=C2C1)C3=CC=CC=C3,20,4-phenyl-2-propionamidotetraline currently has an ML prediction but requires stronger receptor-specific literature validation.,Literature validation needed before experimental priority,https://pubmed.ncbi.nlm.nih.gov/34642909/
59,Ergolines,5-HT6 exploratory candidate,5-HT6 receptor,No,No,No,No,Yes,0.7178567051887512,Moderate,Unvalidated,E,,0.5351068583726883,3,0.25,PubMed,2014,24878269,,Journal of medicinal chemistry,Krogsgaard-Larsen N; Jensen AA; Schrøder TJ; Christoffersen CT; Kehler J,10.1021/jm5003759,Novel aza-analogous ergoline derived scaffolds as potent serotonin 5-HT₆ and dopamine D₂ receptor ligands.,https://pubmed.ncbi.nlm.nih.gov/24878269/,,6857537,C1CC2C(CC3=CNC4=CC=CC2=C34)NC1,1,Ergolines currently has an ML prediction but requires stronger receptor-specific literature validation.,Literature validation needed before experimental priority,https://pubmed.ncbi.nlm.nih.gov/24878269/
60,hypidone hydrochloride,5-HT6 exploratory candidate,5-HT6 receptor,No,No,No,No,Yes,0.7139524221420288,Moderate,Direct receptor evidence,C,"5-HT6 receptor agonist and memory-enhancing properties of hypidone hydrochloride (YL-0919), a novel 5-HT1A receptor partial agonist and SSRI.",0.5325690743923188,3,0.25,PubMed,2018,29805118,,Neuropharmacology,Chen XF; Jin ZL; Gong Y; Zhao N; Wang XY; Ran YH; Zhang YZ; Zhang LM; Li YF,10.1016/j.neuropharm.2018.05.027,"5-HT6 receptor agonist and memory-enhancing properties of hypidone hydrochloride (YL-0919), a novel 5-HT1A receptor partial agonist and SSRI.",https://pubmed.ncbi.nlm.nih.gov/29805118/,,122412736,C1CN(CCC1(CN2C=CC=CC2=O)O)CC3=CC=CC=C3.Cl,1,hypidone hydrochloride has experimental receptor evidence involving 5-HT6 receptor and is being evaluated as a possible GPR62 candidate.,Review pharmacology and consider experimental testing,https://pubmed.ncbi.nlm.nih.gov/29805118/
61,agomelatine,MT2-related exploratory candidate,MT2 receptor,No,No,No,Yes,No,0.4964980185031891,Low,Direct receptor evidence,C,Agomelatine inhibits platelet aggregation through melatonin receptor-dependent and independent mechanisms.,0.5257237120270729,39,0.5,PubMed + PMC,2026,41731588,PMC13036929,Diabetology & metabolic syndrome,Wen YL; Huang YC; Liao CC; Kao S; Pan KT; Yang HW; To SY; Yeh CB; Kao LT,10.1186/s13098-026-02130-2,Agomelatine and the potential inverse risk of metabolic disorders: a nationwide cohort study with an active comparator design in Taiwan.,https://pubmed.ncbi.nlm.nih.gov/41731588/,https://pmc.ncbi.nlm.nih.gov/articles/PMC13036929/,82148,CC(=O)NCCC1=CC=CC2=C1C=C(C=C2)OC,15,agomelatine has experimental receptor evidence involving MT2 receptor and is being evaluated as a possible GPR62 candidate.,Review pharmacology and consider experimental testing,https://pubmed.ncbi.nlm.nih.gov/41731588/
61,agomelatine,MT2-related exploratory candidate,MT2 receptor,No,No,No,Yes,No,0.4964980185031891,Low,Direct receptor evidence,C,Agomelatine inhibits platelet aggregation through melatonin receptor-dependent and independent mechanisms.,0.5257237120270729,39,0.5,PubMed + PMC,2025,41011705,PMC12472680,"Molecules (Basel, Switzerland)",Żełabowski K; Pichowicz W; Skowron I; Szwach J; Biedka K; Wesołowski M; Błaszczyk K; Ziobro O; Petrov W; Kukula-Koch W; Chłopaś-Konowałek A,10.3390/molecules30183814,"The Efficacy of Melatonergic Receptor Agonists Used in Clinical Practice in Insomnia Treatment: Melatonin, Tasimelteon, Ramelteon, Agomelatine, and Selected Herbs.",https://pubmed.ncbi.nlm.nih.gov/41011705/,https://pmc.ncbi.nlm.nih.gov/articles/PMC12472680/,82148,CC(=O)NCCC1=CC=CC2=C1C=C(C=C2)OC,15,agomelatine has experimental receptor evidence involving MT2 receptor and is being evaluated as a possible GPR62 candidate.,Review pharmacology and consider experimental testing,https://pubmed.ncbi.nlm.nih.gov/41011705/
61,agomelatine,MT2-related exploratory candidate,MT2 receptor,No,No,No,Yes,No,0.4964980185031891,Low,Direct receptor evidence,C,Agomelatine inhibits platelet aggregation through melatonin receptor-dependent and independent mechanisms.,0.5257237120270729,39,0.5,PubMed,2025,40493137,,Neurochemical research,Jadaun MS; Singh P; Gupta S,10.1007/s11064-025-04451-6,"Agonism of MT1 and MT2 Receptor Mitigates Oxidative Insult, Neuroinflammation, and Cerebral Injury in Cadmium Chloride Treated Animals.",https://pubmed.ncbi.nlm.nih.gov/40493137/,,82148,CC(=O)NCCC1=CC=CC2=C1C=C(C=C2)OC,15,agomelatine has experimental receptor evidence involving MT2 receptor and is being evaluated as a possible GPR62 candidate.,Review pharmacology and consider experimental testing,https://pubmed.ncbi.nlm.nih.gov/40493137/
61,agomelatine,MT2-related exploratory candidate,MT2 receptor,No,No,No,Yes,No,0.4964980185031891,Low,Direct receptor evidence,C,Agomelatine inhibits platelet aggregation through melatonin receptor-dependent and independent mechanisms.,0.5257237120270729,39,0.5,PubMed,2024,39655682,,Journal of biochemical and molecular toxicology,Aykora D; Bahar MR; Tanbek K; Öztürk DA; Karaca E; Sandal S; Tekin S,10.1002/jbt.70090,An Experimental Insight Into the Role of Agomelatine in Renal Ischemia/Reperfusion Injury.,https://pubmed.ncbi.nlm.nih.gov/39655682/,,82148,CC(=O)NCCC1=CC=CC2=C1C=C(C=C2)OC,15,agomelatine has experimental receptor evidence involving MT2 receptor and is being evaluated as a possible GPR62 candidate.,Review pharmacology and consider experimental testing,https://pubmed.ncbi.nlm.nih.gov/39655682/
61,agomelatine,MT2-related exploratory candidate,MT2 receptor,No,No,No,Yes,No,0.4964980185031891,Low,Direct receptor evidence,C,Agomelatine inhibits platelet aggregation through melatonin receptor-dependent and independent mechanisms.,0.5257237120270729,39,0.5,PubMed + PMC,2024,38842700,PMC11442587,Psychopharmacology,Abdelmissih S; Hosny SA; Elwi HM; Sayed WM; Eshra MA; Shaker OG; Samir NF,10.1007/s00213-024-06619-4,"Chronic Caffeine Consumption, Alone or Combined with Agomelatine or Quetiapine, Reduces the Maximum EEG Peak, As Linked to Cortical Neurodegeneration, Ovarian Estrogen Receptor Alpha, and Melatonin Receptor 2.",https://pubmed.ncbi.nlm.nih.gov/38842700/,https://pmc.ncbi.nlm.nih.gov/articles/PMC11442587/,82148,CC(=O)NCCC1=CC=CC2=C1C=C(C=C2)OC,15,agomelatine has experimental receptor evidence involving MT2 receptor and is being evaluated as a possible GPR62 candidate.,Review pharmacology and consider experimental testing,https://pubmed.ncbi.nlm.nih.gov/38842700/
61,agomelatine,MT2-related exploratory candidate,MT2 receptor,No,No,No,Yes,No,0.4964980185031891,Low,Direct receptor evidence,C,Agomelatine inhibits platelet aggregation through melatonin receptor-dependent and independent mechanisms.,0.5257237120270729,39,0.5,PubMed,2024,38816228,,The Journal of pharmacology and experimental therapeutics,Abdelmissih S; Abdelgwad M; Ali DME; Negm MSI; Eshra MA; Youssef A,10.1124/jpet.123.002087,"High-dose Agomelatine Combined with Haloperidol Decanoate Improves Cognition, Downregulates MT2, Upregulates D5, and Maintains Krüppel-like Factor 9 But Alters Cardiac Electrophysiology.",https://pubmed.ncbi.nlm.nih.gov/38816228/,,82148,CC(=O)NCCC1=CC=CC2=C1C=C(C=C2)OC,15,agomelatine has experimental receptor evidence involving MT2 receptor and is being evaluated as a possible GPR62 candidate.,Review pharmacology and consider experimental testing,https://pubmed.ncbi.nlm.nih.gov/38816228/
61,agomelatine,MT2-related exploratory candidate,MT2 receptor,No,No,No,Yes,No,0.4964980185031891,Low,Direct receptor evidence,C,Agomelatine inhibits platelet aggregation through melatonin receptor-dependent and independent mechanisms.,0.5257237120270729,39,0.5,PubMed + PMC,2023,38215065,PMC10805256,Physiological research,Kacar E; Tan F; Sahinturk S; Zorlu G; Serhatlioglu I; Bulmus O; Ercan Z; Kelestimur H,10.33549/physiolres.935064,"Modulation of Melatonin Receptors Regulates Reproductive Physiology: The Impact of Agomelatine on the Estrus Cycle, Gestation, Offspring, and Uterine Contractions in Rats.",https://pubmed.ncbi.nlm.nih.gov/38215065/,https://pmc.ncbi.nlm.nih.gov/articles/PMC10805256/,82148,CC(=O)NCCC1=CC=CC2=C1C=C(C=C2)OC,15,agomelatine has experimental receptor evidence involving MT2 receptor and is being evaluated as a possible GPR62 candidate.,Review pharmacology and consider experimental testing,https://pubmed.ncbi.nlm.nih.gov/38215065/
61,agomelatine,MT2-related exploratory candidate,MT2 receptor,No,No,No,Yes,No,0.4964980185031891,Low,Direct receptor evidence,C,Agomelatine inhibits platelet aggregation through melatonin receptor-dependent and independent mechanisms.,0.5257237120270729,39,0.5,PubMed,2024,38009636,,Environmental toxicology,Gelen V; Özkanlar S; Kara A; Yeşildağ A,10.1002/tox.24021,"Citrate-coated silver nanoparticles loaded with agomelatine provide neuronal therapy in acute cerebral ischemia/reperfusion of rats by inhibiting the oxidative stress, endoplasmic reticulum stress, and P2X7 receptor-mediated inflammasome.",https://pubmed.ncbi.nlm.nih.gov/38009636/,,82148,CC(=O)NCCC1=CC=CC2=C1C=C(C=C2)OC,15,agomelatine has experimental receptor evidence involving MT2 receptor and is being evaluated as a possible GPR62 candidate.,Review pharmacology and consider experimental testing,https://pubmed.ncbi.nlm.nih.gov/38009636/
61,agomelatine,MT2-related exploratory candidate,MT2 receptor,No,No,No,Yes,No,0.4964980185031891,Low,Direct receptor evidence,C,Agomelatine inhibits platelet aggregation through melatonin receptor-dependent and independent mechanisms.,0.5257237120270729,39,0.5,PubMed,2023,37394096,,Life sciences,Vicente JM; Lescano CH; Bordin S; Mónica FZ; Gobbi G; Anhê GF,10.1016/j.lfs.2023.121906,Agomelatine inhibits platelet aggregation through melatonin receptor-dependent and independent mechanisms.,https://pubmed.ncbi.nlm.nih.gov/37394096/,,82148,CC(=O)NCCC1=CC=CC2=C1C=C(C=C2)OC,15,agomelatine has experimental receptor evidence involving MT2 receptor and is being evaluated as a possible GPR62 candidate.,Review pharmacology and consider experimental testing,https://pubmed.ncbi.nlm.nih.gov/37394096/
61,agomelatine,MT2-related exploratory candidate,MT2 receptor,No,No,No,Yes,No,0.4964980185031891,Low,Direct receptor evidence,C,Agomelatine inhibits platelet aggregation through melatonin receptor-dependent and independent mechanisms.,0.5257237120270729,39,0.5,PubMed + PMC,2023,36915542,PMC10006472,Heliyon,Gao M; Ma H; Liu T; Cao C; Zheng Z; Tang L; Gu W; Zhang D; Sun H,10.1016/j.heliyon.2023.e14026,Acute toxicity and genotoxicity studies on new melatonergic antidepressant GW117.,https://pubmed.ncbi.nlm.nih.gov/36915542/,https://pmc.ncbi.nlm.nih.gov/articles/PMC10006472/,82148,CC(=O)NCCC1=CC=CC2=C1C=C(C=C2)OC,15,agomelatine has experimental receptor evidence involving MT2 receptor and is being evaluated as a possible GPR62 candidate.,Review pharmacology and consider experimental testing,https://pubmed.ncbi.nlm.nih.gov/36915542/
61,agomelatine,MT2-related exploratory candidate,MT2 receptor,No,No,No,Yes,No,0.4964980185031891,Low,Direct receptor evidence,C,Agomelatine inhibits platelet aggregation through melatonin receptor-dependent and independent mechanisms.,0.5257237120270729,39,0.5,PubMed + PMC,2023,36769183,PMC9918025,International journal of molecular sciences,Cantarini M; Rusciano D; Amato R; Canovai A; Cammalleri M; Monte MD; Minnelli C; Laudadio E; Mobbili G; Giorgini G; Galeazzi R,10.3390/ijms24032863,Structural Basis for Agonistic Activity and Selectivity toward Melatonin Receptors hMT1 and hMT2.,https://pubmed.ncbi.nlm.nih.gov/36769183/,https://pmc.ncbi.nlm.nih.gov/articles/PMC9918025/,82148,CC(=O)NCCC1=CC=CC2=C1C=C(C=C2)OC,15,agomelatine has experimental receptor evidence involving MT2 receptor and is being evaluated as a possible GPR62 candidate.,Review pharmacology and consider experimental testing,https://pubmed.ncbi.nlm.nih.gov/36769183/
61,agomelatine,MT2-related exploratory candidate,MT2 receptor,No,No,No,Yes,No,0.4964980185031891,Low,Direct receptor evidence,C,Agomelatine inhibits platelet aggregation through melatonin receptor-dependent and independent mechanisms.,0.5257237120270729,39,0.5,PubMed + PMC,2022,36263645,PMC9606441,Clinical psychopharmacology and neuroscience : the official scientific journal of the Korean College of Neuropsychopharmacology,Wang CS; Cheng KS; Tang CH; Pai MC; Chen PL; Chien PF,10.9758/cpn.2022.20.4.701,The Effect of Agomelatine in Behavioral and Psychological Symptoms of Dementia.,https://pubmed.ncbi.nlm.nih.gov/36263645/,https://pmc.ncbi.nlm.nih.gov/articles/PMC9606441/,82148,CC(=O)NCCC1=CC=CC2=C1C=C(C=C2)OC,15,agomelatine has experimental receptor evidence involving MT2 receptor and is being evaluated as a possible GPR62 candidate.,Review pharmacology and consider experimental testing,https://pubmed.ncbi.nlm.nih.gov/36263645/
61,agomelatine,MT2-related exploratory candidate,MT2 receptor,No,No,No,Yes,No,0.4964980185031891,Low,Direct receptor evidence,C,Agomelatine inhibits platelet aggregation through melatonin receptor-dependent and independent mechanisms.,0.5257237120270729,39,0.5,PubMed,2023,36097970,,The world journal of biological psychiatry : the official journal of the World Federation of Societies of Biological Psychiatry,Barbosa-Méndez S; Perez-Sánchez G; Salazar-Juárez A,10.1080/15622975.2022.2123954,Agomelatine decreases cocaine-induced locomotor sensitisation and dopamine release in rats.,https://pubmed.ncbi.nlm.nih.gov/36097970/,,82148,CC(=O)NCCC1=CC=CC2=C1C=C(C=C2)OC,15,agomelatine has experimental receptor evidence involving MT2 receptor and is being evaluated as a possible GPR62 candidate.,Review pharmacology and consider experimental testing,https://pubmed.ncbi.nlm.nih.gov/36097970/
61,agomelatine,MT2-related exploratory candidate,MT2 receptor,No,No,No,Yes,No,0.4964980185031891,Low,Direct receptor evidence,C,Agomelatine inhibits platelet aggregation through melatonin receptor-dependent and independent mechanisms.,0.5257237120270729,39,0.5,PubMed + PMC,2021,35153715,PMC8828541,Frontiers in aging neuroscience,Yang XB; Zu HB; Zhao YF; Yao K,10.3389/fnagi.2021.766410,"Agomelatine Prevents Amyloid Plaque Deposition, Tau Phosphorylation, and Neuroinflammation in APP/PS1 Mice.",https://pubmed.ncbi.nlm.nih.gov/35153715/,https://pmc.ncbi.nlm.nih.gov/articles/PMC8828541/,82148,CC(=O)NCCC1=CC=CC2=C1C=C(C=C2)OC,15,agomelatine has experimental receptor evidence involving MT2 receptor and is being evaluated as a possible GPR62 candidate.,Review pharmacology and consider experimental testing,https://pubmed.ncbi.nlm.nih.gov/35153715/
61,agomelatine,MT2-related exploratory candidate,MT2 receptor,No,No,No,Yes,No,0.4964980185031891,Low,Direct receptor evidence,C,Agomelatine inhibits platelet aggregation through melatonin receptor-dependent and independent mechanisms.,0.5257237120270729,39,0.5,PubMed,2022,34886787,,Current molecular pharmacology,Naveed M; Li LD; Sheng G; Du ZW; Zhou YP; Nan S; Zhu MY; Zhang J; Zhou QG,10.2174/1874467214666211209142546,Agomelatine: An Astounding Sui-generis Antidepressant?,https://pubmed.ncbi.nlm.nih.gov/34886787/,,82148,CC(=O)NCCC1=CC=CC2=C1C=C(C=C2)OC,15,agomelatine has experimental receptor evidence involving MT2 receptor and is being evaluated as a possible GPR62 candidate.,Review pharmacology and consider experimental testing,https://pubmed.ncbi.nlm.nih.gov/34886787/
62,Melanins,MT2-related exploratory candidate,MT2 receptor,No,No,No,Yes,No,0.6012611985206604,Low,Unvalidated,E,,0.5218197790384294,3,0.5,PubMed + PMC,2023,37834395,PMC10573520,International journal of molecular sciences,Möller JKS; Linowiecka K; Gagat M; Brożyna AA; Foksiński M; Wolnicka-Glubisz A; Pyza E; Reiter RJ; Tulic MK; Slominski AT; Steinbrink K; Kleszczyński K,10.3390/ijms241914947,Melanogenesis Is Directly Affected by Metabolites of Melatonin in Human Melanoma Cells.,https://pubmed.ncbi.nlm.nih.gov/37834395/,https://pmc.ncbi.nlm.nih.gov/articles/PMC10573520/,6325610,CC1=C2C3=C(C4=CNC5=C(C(=O)C(=O)C(=C45)C3=CN2)C)C(=O)C1=O,1,Melanins currently has an ML prediction but requires stronger receptor-specific literature validation.,Literature validation needed before experimental priority,https://pubmed.ncbi.nlm.nih.gov/37834395/
63,Sulfones,5-HT6 exploratory candidate,5-HT6 receptor,No,No,No,No,Yes,0.6527525782585144,Moderate,Unvalidated,E,,0.5107891758680344,12,0.25,PubMed,2020,32693296,,European journal of medicinal chemistry,Sudoł S; Kucwaj-Brysz K; Kurczab R; Wilczyńska N; Jastrzębska-Więsek M; Satała G; Latacz G; Głuch-Lutwin M; Mordyl B; Żesławska E; Nitek W; Partyka A; Buzun K; Doroz-Płonka A; Wesołowska A; Bielawska A; Handzlik J,10.1016/j.ejmech.2020.112529,"Chlorine substituents and linker topology as factors of 5-HT6R activity for novel highly active 1,3,5-triazine derivatives with procognitive properties in vivo.",https://pubmed.ncbi.nlm.nih.gov/32693296/,,12501714,CC1=CC=C(C=C1)S(=O)(=O)C(=C(C2=CC=CC=C2)Br)C3=CC=CC=C3,4,Sulfones currently has an ML prediction but requires stronger receptor-specific literature validation.,Literature validation needed before experimental priority,https://pubmed.ncbi.nlm.nih.gov/32693296/
63,Sulfones,5-HT6 exploratory candidate,5-HT6 receptor,No,No,No,No,Yes,0.6527525782585144,Moderate,Unvalidated,E,,0.5107891758680344,12,0.25,PubMed + PMC,2019,31817628,PMC6943527,"Molecules (Basel, Switzerland)",Lubelska A; Latacz G; Jastrzębska-Więsek M; Kotańska M; Kurczab R; Partyka A; Marć MA; Wilczyńska D; Doroz-Płonka A; Łażewska D; Wesołowska A; Kieć-Kononowicz K; Handzlik J,10.3390/molecules24244472,"Are the Hydantoin-1,3,5-triazine 5-HT6R Ligands a Hope to a Find New Procognitive and Anti-Obesity Drug? Considerations Based on Primary In Vivo Assays and ADME-Tox Profile In Vitro.",https://pubmed.ncbi.nlm.nih.gov/31817628/,https://pmc.ncbi.nlm.nih.gov/articles/PMC6943527/,12501714,CC1=CC=C(C=C1)S(=O)(=O)C(=C(C2=CC=CC=C2)Br)C3=CC=CC=C3,4,Sulfones currently has an ML prediction but requires stronger receptor-specific literature validation.,Literature validation needed before experimental priority,https://pubmed.ncbi.nlm.nih.gov/31817628/
63,Sulfones,5-HT6 exploratory candidate,5-HT6 receptor,No,No,No,No,Yes,0.6527525782585144,Moderate,Unvalidated,E,,0.5107891758680344,12,0.25,PubMed + PMC,2019,31336820,PMC6678253,International journal of molecular sciences,Latacz G; Lubelska A; Jastrzębska-Więsek M; Partyka A; Marć MA; Satała G; Wilczyńska D; Kotańska M; Więcek M; Kamińska K; Wesołowska A; Kieć-Kononowicz K; Handzlik J,10.3390/ijms20143420,"The 1,3,5-Triazine Derivatives as Innovative Chemical Family of 5-HT6 Serotonin Receptor Agents with Therapeutic Perspectives for Cognitive Impairment.",https://pubmed.ncbi.nlm.nih.gov/31336820/,https://pmc.ncbi.nlm.nih.gov/articles/PMC6678253/,12501714,CC1=CC=C(C=C1)S(=O)(=O)C(=C(C2=CC=CC=C2)Br)C3=CC=CC=C3,4,Sulfones currently has an ML prediction but requires stronger receptor-specific literature validation.,Literature validation needed before experimental priority,https://pubmed.ncbi.nlm.nih.gov/31336820/
63,Sulfones,5-HT6 exploratory candidate,5-HT6 receptor,No,No,No,No,Yes,0.6527525782585144,Moderate,Unvalidated,E,,0.5107891758680344,12,0.25,PubMed,2014,24406060,,Chemical biology & drug design,Hostetler G; Dunn D; McKenna BA; Kopec K; Chatterjee S,10.1111/cbdd.12279,In search of potent 5-HT6 receptor inverse agonists.,https://pubmed.ncbi.nlm.nih.gov/24406060/,,12501714,CC1=CC=C(C=C1)S(=O)(=O)C(=C(C2=CC=CC=C2)Br)C3=CC=CC=C3,4,Sulfones currently has an ML prediction but requires stronger receptor-specific literature validation.,Literature validation needed before experimental priority,https://pubmed.ncbi.nlm.nih.gov/24406060/
64,glutamic acid,MT2-related exploratory candidate,MT2 receptor,No,No,No,Yes,Yes,0.45899078249931335,Low,Unvalidated,E,,0.5013440086245537,39,0.5,PubMed + PMC,2026,42435652,PMC13377451,Redox biology,Dou YN; Wen Y; Huang Y; Wu X; Zhang Z; Wang G; Chao W; Wei D; Lv W; Fei X; Fei Z; Fei F,10.1016/j.redox.2026.104298,Melatonin reprograms antioxidant defenses to suppress ferroptosis via Homer1a/mGluR1-Nrf2/xCT signaling after retinal ischemia-reperfusion.,https://pubmed.ncbi.nlm.nih.gov/42435652/,https://pmc.ncbi.nlm.nih.gov/articles/PMC13377451/,33032,C(CC(=O)O)C(C(=O)O)N,10,glutamic acid currently has an ML prediction but requires stronger receptor-specific literature validation.,Literature validation needed before experimental priority,https://pubmed.ncbi.nlm.nih.gov/42435652/
64,glutamic acid,MT2-related exploratory candidate,5-HT6 receptor,No,No,No,Yes,Yes,0.45899078249931335,Low,Unvalidated,E,,0.5013440086245537,39,0.5,PubMed + PMC,2020,32533466,PMC7340678,Molecular neurobiology,Shortall SE; Brown AM; Newton-Mann E; Dawe-Lane E; Evans C; Fowler M; King MV,10.1007/s12035-020-01938-x,Calbindin Deficits May Underlie Dissociable Effects of 5-HT6 and mGlu7 Antagonists on Glutamate and Cognition in a Dual-Hit Neurodevelopmental Model for Schizophrenia.,https://pubmed.ncbi.nlm.nih.gov/32533466/,https://pmc.ncbi.nlm.nih.gov/articles/PMC7340678/,33032,C(CC(=O)O)C(C(=O)O)N,10,glutamic acid currently has an ML prediction but requires stronger receptor-specific literature validation.,Literature validation needed before experimental priority,https://pubmed.ncbi.nlm.nih.gov/32533466/
64,glutamic acid,MT2-related exploratory candidate,5-HT6 receptor,No,No,No,Yes,Yes,0.45899078249931335,Low,Unvalidated,E,,0.5013440086245537,39,0.5,PubMed,2018,29848076,,Expert opinion on investigational drugs,Khoury R; Grysman N; Gold J; Patel K; Grossberg GT,10.1080/13543784.2018.1483334,The role of 5 HT6-receptor antagonists in Alzheimer's disease: an update.,https://pubmed.ncbi.nlm.nih.gov/29848076/,,33032,C(CC(=O)O)C(C(=O)O)N,10,glutamic acid currently has an ML prediction but requires stronger receptor-specific literature validation.,Literature validation needed before experimental priority,https://pubmed.ncbi.nlm.nih.gov/29848076/
64,glutamic acid,MT2-related exploratory candidate,5-HT6 receptor,No,No,No,Yes,Yes,0.45899078249931335,Low,Unvalidated,E,,0.5013440086245537,39,0.5,PubMed,2018,29778944,,Neuropharmacology,Sun YN; Yao L; Li LB; Wang Y; Du CX; Guo Y; Liu J,10.1016/j.neuropharm.2018.05.016,Activation and blockade of basolateral amygdala 5-HT6 receptor produce anxiolytic-like behaviors in an experimental model of Parkinson's disease.,https://pubmed.ncbi.nlm.nih.gov/29778944/,,33032,C(CC(=O)O)C(C(=O)O)N,10,glutamic acid currently has an ML prediction but requires stronger receptor-specific literature validation.,Literature validation needed before experimental priority,https://pubmed.ncbi.nlm.nih.gov/29778944/
64,glutamic acid,MT2-related exploratory candidate,5-HT6 receptor,No,No,No,Yes,Yes,0.45899078249931335,Low,Unvalidated,E,,0.5013440086245537,39,0.5,PubMed,2017,28711518,,Neuropharmacology,de Jong IEM; Mørk A,10.1016/j.neuropharm.2017.07.010,Antagonism of the 5-HT6 receptor - Preclinical rationale for the treatment of Alzheimer's disease.,https://pubmed.ncbi.nlm.nih.gov/28711518/,,33032,C(CC(=O)O)C(C(=O)O)N,10,glutamic acid currently has an ML prediction but requires stronger receptor-specific literature validation.,Literature validation needed before experimental priority,https://pubmed.ncbi.nlm.nih.gov/28711518/
64,glutamic acid,MT2-related exploratory candidate,5-HT6 receptor,No,No,No,Yes,Yes,0.45899078249931335,Low,Unvalidated,E,,0.5013440086245537,39,0.5,PubMed,2017,28188762,,European journal of pharmacology,Mørk A; Russell RV; de Jong IE; Smagin G,10.1016/j.ejphar.2017.02.010,"Effects of the 5-HT6 receptor antagonist idalopirdine on extracellular levels of monoamines, glutamate and acetylcholine in the rat medial prefrontal cortex.",https://pubmed.ncbi.nlm.nih.gov/28188762/,,33032,C(CC(=O)O)C(C(=O)O)N,10,glutamic acid currently has an ML prediction but requires stronger receptor-specific literature validation.,Literature validation needed before experimental priority,https://pubmed.ncbi.nlm.nih.gov/28188762/
64,glutamic acid,MT2-related exploratory candidate,5-HT6 receptor,No,No,No,Yes,Yes,0.45899078249931335,Low,Unvalidated,E,,0.5013440086245537,39,0.5,PubMed,2016,27424103,,Neuropharmacology,Zhang YM; Zhang L; Wang Y; Sun YN; Guo Y; Du CX; Zhang J; Yao L; Yu SQ; Liu J,10.1016/j.neuropharm.2016.07.014,Activation and blockade of prelimbic 5-HT6 receptors produce different effects on depressive-like behaviors in unilateral 6-hydroxydopamine-induced Parkinson's rats.,https://pubmed.ncbi.nlm.nih.gov/27424103/,,33032,C(CC(=O)O)C(C(=O)O)N,10,glutamic acid currently has an ML prediction but requires stronger receptor-specific literature validation.,Literature validation needed before experimental priority,https://pubmed.ncbi.nlm.nih.gov/27424103/
64,glutamic acid,MT2-related exploratory candidate,5-HT6 receptor,No,No,No,Yes,Yes,0.45899078249931335,Low,Unvalidated,E,,0.5013440086245537,39,0.5,PubMed,2017,27373846,,Pharmacological research,Asselot R; Simon-O'Brien E; Lebourgeois S; Nee G; Delaunay V; Duchatelle P; Bouet V; Dauphin F,10.1016/j.phrs.2016.06.009,Time-dependent impact of glutamatergic modulators on the promnesiant effect of 5-HT6R blockade on mice recognition memory.,https://pubmed.ncbi.nlm.nih.gov/27373846/,,33032,C(CC(=O)O)C(C(=O)O)N,10,glutamic acid currently has an ML prediction but requires stronger receptor-specific literature validation.,Literature validation needed before experimental priority,https://pubmed.ncbi.nlm.nih.gov/27373846/
64,glutamic acid,MT2-related exploratory candidate,5-HT6 receptor,No,No,No,Yes,Yes,0.45899078249931335,Low,Unvalidated,E,,0.5013440086245537,39,0.5,PubMed,2016,27068148,,European journal of pharmacology,Wang HY; Lu CW; Lin TY; Kuo JR; Wang SJ,10.1016/j.ejphar.2016.04.010,WAY208466 inhibits glutamate release at hippocampal nerve terminals.,https://pubmed.ncbi.nlm.nih.gov/27068148/,,33032,C(CC(=O)O)C(C(=O)O)N,10,glutamic acid currently has an ML prediction but requires stronger receptor-specific literature validation.,Literature validation needed before experimental priority,https://pubmed.ncbi.nlm.nih.gov/27068148/
64,glutamic acid,MT2-related exploratory candidate,5-HT6 receptor,No,No,No,Yes,Yes,0.45899078249931335,Low,Unvalidated,E,,0.5013440086245537,39,0.5,PubMed,2015,26044973,,Current pharmaceutical design,de Bruin NM; Kruse CG,10.2174/1381612821666150605112105,5-HT6 Receptor Antagonists: Potential Efficacy for the Treatment of Cognitive Impairment in Schizophrenia.,https://pubmed.ncbi.nlm.nih.gov/26044973/,,33032,C(CC(=O)O)C(C(=O)O)N,10,glutamic acid currently has an ML prediction but requires stronger receptor-specific literature validation.,Literature validation needed before experimental priority,https://pubmed.ncbi.nlm.nih.gov/26044973/
65,ramelteon,MT2-related exploratory candidate,MT2 receptor,No,No,No,Yes,No,0.5351576805114746,Low,Indirect/context evidence,D,Relaxing effect of ramelteon on the uterus of non-pregnant and pregnant rats: Importance of melatonin receptors and BKCa.,0.5008524923324585,14,0.5,PubMed + PMC,2025,41011705,PMC12472680,"Molecules (Basel, Switzerland)",Żełabowski K; Pichowicz W; Skowron I; Szwach J; Biedka K; Wesołowski M; Błaszczyk K; Ziobro O; Petrov W; Kukula-Koch W; Chłopaś-Konowałek A,10.3390/molecules30183814,"The Efficacy of Melatonergic Receptor Agonists Used in Clinical Practice in Insomnia Treatment: Melatonin, Tasimelteon, Ramelteon, Agomelatine, and Selected Herbs.",https://pubmed.ncbi.nlm.nih.gov/41011705/,https://pmc.ncbi.nlm.nih.gov/articles/PMC12472680/,208902,CCC(=O)NCCC1CCC2=C1C3=C(C=C2)OCC3,6,"ramelteon appears in literature related to MT2 receptor, but direct receptor interaction has not been established.",Review full article for direct receptor evidence,https://pubmed.ncbi.nlm.nih.gov/41011705/
65,ramelteon,MT2-related exploratory candidate,MT2 receptor,No,No,No,Yes,No,0.5351576805114746,Low,Indirect/context evidence,D,Relaxing effect of ramelteon on the uterus of non-pregnant and pregnant rats: Importance of melatonin receptors and BKCa.,0.5008524923324585,14,0.5,PubMed,2025,40097132,,European journal of pharmacology,Alasaad KM; Ducza E; Bódi N; Bagyánszki M; Szűcs KF; Schaffer A; Barna T; Gáspár R,10.1016/j.ejphar.2025.177517,Relaxing effect of ramelteon on the uterus of non-pregnant and pregnant rats: Importance of melatonin receptors and BKCa.,https://pubmed.ncbi.nlm.nih.gov/40097132/,,208902,CCC(=O)NCCC1CCC2=C1C3=C(C=C2)OCC3,6,"ramelteon appears in literature related to MT2 receptor, but direct receptor interaction has not been established.",Review full article for direct receptor evidence,https://pubmed.ncbi.nlm.nih.gov/40097132/
65,ramelteon,MT2-related exploratory candidate,MT2 receptor,No,No,No,Yes,No,0.5351576805114746,Low,Indirect/context evidence,D,Relaxing effect of ramelteon on the uterus of non-pregnant and pregnant rats: Importance of melatonin receptors and BKCa.,0.5008524923324585,14,0.5,PubMed,2024,38834160,,"Pharmacology, biochemistry, and behavior",Chen CW; Yeh WL; Charoensaensuk V; Lin C; Yang LY; Xie SY; Lane HY; Lin CH; Wang YW; Tsai CF; Lu DY,10.1016/j.pbb.2024.173794,Ramelteon protects against social defeat stress-associated abnormal behaviors.,https://pubmed.ncbi.nlm.nih.gov/38834160/,,208902,CCC(=O)NCCC1CCC2=C1C3=C(C=C2)OCC3,6,"ramelteon appears in literature related to MT2 receptor, but direct receptor interaction has not been established.",Review full article for direct receptor evidence,https://pubmed.ncbi.nlm.nih.gov/38834160/
65,ramelteon,MT2-related exploratory candidate,MT2 receptor,No,No,No,Yes,No,0.5351576805114746,Low,Indirect/context evidence,D,Relaxing effect of ramelteon on the uterus of non-pregnant and pregnant rats: Importance of melatonin receptors and BKCa.,0.5008524923324585,14,0.5,PubMed + PMC,2023,37340766,PMC10473272,Japanese journal of clinical oncology,Sadahiro R; Hatta K; Yamaguchi T; Masanori E; Matsuda Y; Ogawa A; Iwata Y; Tokoro A; Nakahara R; Hirayama T; Yanai Y; Ogawa Y; Kayano A; Ariyoshi K; Oyamada S; Uchitomi Y; Akechi T; Yamamoto N; Okita N; Yorikane E; Shimada K; Furukawa T; Hashimoto H; Maeda M; Sato T; Sekimoto A; Sasaki C; Saito E; Uezono Y; Matsuoka H,10.1093/jjco/hyad061,"A multi-centre, double-blind, randomized, placebo-controlled trial to evaluate the effectiveness and safety of ramelteon for the prevention of postoperative delirium in elderly cancer patients: a study protocol for JORTC-PON2/J-SUPPORT2103/NCCH2103.",https://pubmed.ncbi.nlm.nih.gov/37340766/,https://pmc.ncbi.nlm.nih.gov/articles/PMC10473272/,208902,CCC(=O)NCCC1CCC2=C1C3=C(C=C2)OCC3,6,"ramelteon appears in literature related to MT2 receptor, but direct receptor interaction has not been established.",Review full article for direct receptor evidence,https://pubmed.ncbi.nlm.nih.gov/37340766/
65,ramelteon,MT2-related exploratory candidate,MT2 receptor,No,No,No,Yes,No,0.5351576805114746,Low,Indirect/context evidence,D,Relaxing effect of ramelteon on the uterus of non-pregnant and pregnant rats: Importance of melatonin receptors and BKCa.,0.5008524923324585,14,0.5,PubMed,2023,37161988,,Neuroreport,Sano M; Iwashita H; Suzuki C; Kawaguchi M; Chiba A,10.1097/WNR.0000000000001911,Effects of melatonin on phosphorylation of memory-related proteins in the hippocampus and the perirhinal cortex in male mice.,https://pubmed.ncbi.nlm.nih.gov/37161988/,,208902,CCC(=O)NCCC1CCC2=C1C3=C(C=C2)OCC3,6,"ramelteon appears in literature related to MT2 receptor, but direct receptor interaction has not been established.",Review full article for direct receptor evidence,https://pubmed.ncbi.nlm.nih.gov/37161988/
65,ramelteon,MT2-related exploratory candidate,MT2 receptor,No,No,No,Yes,No,0.5351576805114746,Low,Indirect/context evidence,D,Relaxing effect of ramelteon on the uterus of non-pregnant and pregnant rats: Importance of melatonin receptors and BKCa.,0.5008524923324585,14,0.5,PubMed + PMC,2022,35075127,PMC8786939,Nature communications,Wang Q; Lu Q; Guo Q; Teng M; Gong Q; Li X; Du Y; Liu Z; Tao Y,10.1038/s41467-022-28111-3,Structural basis of the ligand binding and signaling mechanism of melatonin receptors.,https://pubmed.ncbi.nlm.nih.gov/35075127/,https://pmc.ncbi.nlm.nih.gov/articles/PMC8786939/,208902,CCC(=O)NCCC1CCC2=C1C3=C(C=C2)OCC3,6,"ramelteon appears in literature related to MT2 receptor, but direct receptor interaction has not been established.",Review full article for direct receptor evidence,https://pubmed.ncbi.nlm.nih.gov/35075127/
66,serotonin,MT2-related exploratory candidate,MT2 receptor,No,No,No,Yes,Yes,0.4038478434085846,Low,Direct receptor evidence,C,New Triazine Derivatives as Serotonin 5-HT6 Receptor Ligands.,0.48750109821557996,215,0.5,PubMed,2025,40991085,,Neurochemical research,Guo B; Tang Y; Wang Y; Ma Q; Wang Y; Zhang Y; Gao R,10.1007/s11064-025-04556-y,Banxia Shumi Decoction Improves Sleep and Neural Function in Insomnia Male Rats via BDNF/TrkB/CREB-Dependent Melatonin Signaling Activation.,https://pubmed.ncbi.nlm.nih.gov/40991085/,,5202,C1=CC2=C(C=C1O)C(=CN2)CCN,45,"serotonin has experimental receptor evidence involving 5-HT6 receptor, MT2 receptor and is being evaluated as a possible GPR62 candidate.",Review pharmacology and consider experimental testing,https://pubmed.ncbi.nlm.nih.gov/40991085/
66,serotonin,MT2-related exploratory candidate,5-HT6 receptor,No,No,No,Yes,Yes,0.4038478434085846,Low,Direct receptor evidence,C,New Triazine Derivatives as Serotonin 5-HT6 Receptor Ligands.,0.48750109821557996,215,0.5,PubMed,2026,42316566,,Current Alzheimer research,Saeb L; Abtahi S; Masoudi R; Javadpour A,10.2174/0115672050459074260331053012,Association of Polymorphisms in Genes Involved in Serotonergic Signaling with the Risk of Developing Alzheimer's Disease.,https://pubmed.ncbi.nlm.nih.gov/42316566/,,5202,C1=CC2=C(C=C1O)C(=CN2)CCN,45,"serotonin has experimental receptor evidence involving 5-HT6 receptor, MT2 receptor and is being evaluated as a possible GPR62 candidate.",Review pharmacology and consider experimental testing,https://pubmed.ncbi.nlm.nih.gov/42316566/
66,serotonin,MT2-related exploratory candidate,5-HT6 receptor,No,No,No,Yes,Yes,0.4038478434085846,Low,Direct receptor evidence,C,New Triazine Derivatives as Serotonin 5-HT6 Receptor Ligands.,0.48750109821557996,215,0.5,PubMed,2025,40885239,,European journal of pharmacology,Salaga M; Binienda A; Canale V; Grychowska K; Soural M; Marin P; Zajdel P,10.1016/j.ejphar.2025.178099,Serotonin type 6 receptor inverse agonists and neutral antagonists inhibit defecation: relevance to intestinal motility disorders.,https://pubmed.ncbi.nlm.nih.gov/40885239/,,5202,C1=CC2=C(C=C1O)C(=CN2)CCN,45,"serotonin has experimental receptor evidence involving 5-HT6 receptor, MT2 receptor and is being evaluated as a possible GPR62 candidate.",Review pharmacology and consider experimental testing,https://pubmed.ncbi.nlm.nih.gov/40885239/
66,serotonin,MT2-related exploratory candidate,5-HT6 receptor,No,No,No,Yes,Yes,0.4038478434085846,Low,Direct receptor evidence,C,New Triazine Derivatives as Serotonin 5-HT6 Receptor Ligands.,0.48750109821557996,215,0.5,PubMed,2025,40023605,,The Journal of pharmacology and experimental therapeutics,Zajdel P; Matłoka M; Konieczny J; Kos T; Lammers JC; Cavalco NG; Clark AA; Lenda T; Satała G; Canale V; Grychowska K; Krawczyk M; Nikiforuk A; Partyka A; Jastrzębska-Więsek M; Berghauzen-Maciejewska K; Biała D; Janicka M; Janusz A; Piast R; Mulewski K; Smuga D; Pieczykolan J; Wieczorek M; Moszczyński-Pętkowski R; Dubiel K; Ossowska K; Bojarski AJ; Kamiński K; McCorvy JD; Popik P,10.1016/j.jpet.2024.100055,Simultaneous 5-HT1BR agonist/5-HT6R antagonist action as a potential treatment of Parkinson's disease and its comorbidities.,https://pubmed.ncbi.nlm.nih.gov/40023605/,,5202,C1=CC2=C(C=C1O)C(=CN2)CCN,45,"serotonin has experimental receptor evidence involving 5-HT6 receptor, MT2 receptor and is being evaluated as a possible GPR62 candidate.",Review pharmacology and consider experimental testing,https://pubmed.ncbi.nlm.nih.gov/40023605/
66,serotonin,MT2-related exploratory candidate,5-HT6 receptor,No,No,No,Yes,Yes,0.4038478434085846,Low,Direct receptor evidence,C,New Triazine Derivatives as Serotonin 5-HT6 Receptor Ligands.,0.48750109821557996,215,0.5,PubMed + PMC,2024,39408617,PMC11477289,International journal of molecular sciences,Zaręba P; Drabczyk AK; Wnorowski A; Maj M; Malarz K; Rurka P; Latacz G; Duszyńska B; Ciura K; Greber KE; Boguszewska-Czubara A; Śliwa P; Kuliś J,10.3390/ijms251910287,Low-Basicity 5-HT6 Receptor Ligands from the Group of Cyclic Arylguanidine Derivatives and Their Antiproliferative Activity Evaluation.,https://pubmed.ncbi.nlm.nih.gov/39408617/,https://pmc.ncbi.nlm.nih.gov/articles/PMC11477289/,5202,C1=CC2=C(C=C1O)C(=CN2)CCN,45,"serotonin has experimental receptor evidence involving 5-HT6 receptor, MT2 receptor and is being evaluated as a possible GPR62 candidate.",Review pharmacology and consider experimental testing,https://pubmed.ncbi.nlm.nih.gov/39408617/
66,serotonin,MT2-related exploratory candidate,5-HT6 receptor,No,No,No,Yes,Yes,0.4038478434085846,Low,Direct receptor evidence,C,New Triazine Derivatives as Serotonin 5-HT6 Receptor Ligands.,0.48750109821557996,215,0.5,PubMed,2023,37270968,,Phytomedicine : international journal of phytotherapy and phytopharmacology,Oh DR; Choi C; Kim MJ; Mun BY; Ko H; Oh KN; Jo A; Kim JY; Bae D,10.1016/j.phymed.2023.154871,Antidepressant effects of p-coumaric acid isolated from Vaccinium bracteatum leaves extract on chronic restraint stress mouse model and antagonism of serotonin 6 receptor in vitro.,https://pubmed.ncbi.nlm.nih.gov/37270968/,,5202,C1=CC2=C(C=C1O)C(=CN2)CCN,45,"serotonin has experimental receptor evidence involving 5-HT6 receptor, MT2 receptor and is being evaluated as a possible GPR62 candidate.",Review pharmacology and consider experimental testing,https://pubmed.ncbi.nlm.nih.gov/37270968/
66,serotonin,MT2-related exploratory candidate,5-HT6 receptor,No,No,No,Yes,Yes,0.4038478434085846,Low,Direct receptor evidence,C,New Triazine Derivatives as Serotonin 5-HT6 Receptor Ligands.,0.48750109821557996,215,0.5,PubMed + PMC,2023,36989299,PMC10083584,Proceedings of the National Academy of Sciences of the United States of America,He L; Zhao Q; Qi J; Wang Y; Han W; Chen Z; Cong Y; Wang S,10.1073/pnas.2209917120,Structural insights into constitutive activity of 5-HT6 receptor.,https://pubmed.ncbi.nlm.nih.gov/36989299/,https://pmc.ncbi.nlm.nih.gov/articles/PMC10083584/,5202,C1=CC2=C(C=C1O)C(=CN2)CCN,45,"serotonin has experimental receptor evidence involving 5-HT6 receptor, MT2 receptor and is being evaluated as a possible GPR62 candidate.",Review pharmacology and consider experimental testing,https://pubmed.ncbi.nlm.nih.gov/36989299/
66,serotonin,MT2-related exploratory candidate,5-HT6 receptor,No,No,No,Yes,Yes,0.4038478434085846,Low,Direct receptor evidence,C,New Triazine Derivatives as Serotonin 5-HT6 Receptor Ligands.,0.48750109821557996,215,0.5,PubMed + PMC,2023,36830678,PMC9953539,Biomolecules,Nirogi R; Jayarajan P; Shinde A; Mohammed AR; Grandhi VR; Benade V; Goyal VK; Abraham R; Jasti V; Cummings J,10.3390/biom13020309,Progress in Investigational Agents Targeting Serotonin-6 Receptors for the Treatment of Brain Disorders.,https://pubmed.ncbi.nlm.nih.gov/36830678/,https://pmc.ncbi.nlm.nih.gov/articles/PMC9953539/,5202,C1=CC2=C(C=C1O)C(=CN2)CCN,45,"serotonin has experimental receptor evidence involving 5-HT6 receptor, MT2 receptor and is being evaluated as a possible GPR62 candidate.",Review pharmacology and consider experimental testing,https://pubmed.ncbi.nlm.nih.gov/36830678/
66,serotonin,MT2-related exploratory candidate,5-HT6 receptor,No,No,No,Yes,Yes,0.4038478434085846,Low,Direct receptor evidence,C,New Triazine Derivatives as Serotonin 5-HT6 Receptor Ligands.,0.48750109821557996,215,0.5,PubMed + PMC,2023,36770774,PMC9919591,"Molecules (Basel, Switzerland)",Łażewska D; Więcek M; Satała G; Chałupnik P; Żesławska E; Honkisz-Orzechowska E; Tarasek M; Latacz G; Nitek W; Szymańska E; Handzlik J,10.3390/molecules28031108,New Triazine Derivatives as Serotonin 5-HT6 Receptor Ligands.,https://pubmed.ncbi.nlm.nih.gov/36770774/,https://pmc.ncbi.nlm.nih.gov/articles/PMC9919591/,5202,C1=CC2=C(C=C1O)C(=CN2)CCN,45,"serotonin has experimental receptor evidence involving 5-HT6 receptor, MT2 receptor and is being evaluated as a possible GPR62 candidate.",Review pharmacology and consider experimental testing,https://pubmed.ncbi.nlm.nih.gov/36770774/
66,serotonin,MT2-related exploratory candidate,5-HT6 receptor,No,No,No,Yes,Yes,0.4038478434085846,Low,Direct receptor evidence,C,New Triazine Derivatives as Serotonin 5-HT6 Receptor Ligands.,0.48750109821557996,215,0.5,PubMed,2023,36609825,,Integrative zoology,Gao X; Zhang M; Lin S; Lyu M; Luo X; You W; Ke C,10.1111/1749-4877.12706,Reproduction strategy of nocturnal marine molluscs: running for love.,https://pubmed.ncbi.nlm.nih.gov/36609825/,,5202,C1=CC2=C(C=C1O)C(=CN2)CCN,45,"serotonin has experimental receptor evidence involving 5-HT6 receptor, MT2 receptor and is being evaluated as a possible GPR62 candidate.",Review pharmacology and consider experimental testing,https://pubmed.ncbi.nlm.nih.gov/36609825/
66,serotonin,MT2-related exploratory candidate,5-HT6 receptor,No,No,No,Yes,Yes,0.4038478434085846,Low,Direct receptor evidence,C,New Triazine Derivatives as Serotonin 5-HT6 Receptor Ligands.,0.48750109821557996,215,0.5,PubMed + PMC,2022,36012707,PMC9409043,International journal of molecular sciences,Więckowski K; Szałaj N; Gryzło B; Wichur T; Góral I; Sługocka E; Sniecikowska J; Latacz G; Siwek A; Godyń J; Bucki A; Kołaczkowski M; Więckowska A,10.3390/ijms23169443,"Serotonin 5-HT6 Receptor Ligands and Butyrylcholinesterase Inhibitors Displaying Antioxidant Activity-Design, Synthesis and Biological Evaluation of Multifunctional Agents against Alzheimer's Disease.",https://pubmed.ncbi.nlm.nih.gov/36012707/,https://pmc.ncbi.nlm.nih.gov/articles/PMC9409043/,5202,C1=CC2=C(C=C1O)C(=CN2)CCN,45,"serotonin has experimental receptor evidence involving 5-HT6 receptor, MT2 receptor and is being evaluated as a possible GPR62 candidate.",Review pharmacology and consider experimental testing,https://pubmed.ncbi.nlm.nih.gov/36012707/
66,serotonin,MT2-related exploratory candidate,5-HT6 receptor,No,No,No,Yes,Yes,0.4038478434085846,Low,Direct receptor evidence,C,New Triazine Derivatives as Serotonin 5-HT6 Receptor Ligands.,0.48750109821557996,215,0.5,PubMed + PMC,2022,35022720,PMC9154270,The international journal of neuropsychopharmacology,Castañé A; Cano M; Ruiz-Avila L; Miquel-Rio L; Celada P; Artigas F; Riga MS,10.1093/ijnp/pyac003,Dual 5-HT3 and 5-HT6 Receptor Antagonist FPPQ Normalizes Phencyclidine-Induced Disruption of Brain Oscillatory Activity in Rats.,https://pubmed.ncbi.nlm.nih.gov/35022720/,https://pmc.ncbi.nlm.nih.gov/articles/PMC9154270/,5202,C1=CC2=C(C=C1O)C(=CN2)CCN,45,"serotonin has experimental receptor evidence involving 5-HT6 receptor, MT2 receptor and is being evaluated as a possible GPR62 candidate.",Review pharmacology and consider experimental testing,https://pubmed.ncbi.nlm.nih.gov/35022720/
66,serotonin,MT2-related exploratory candidate,5-HT6 receptor,No,No,No,Yes,Yes,0.4038478434085846,Low,Direct receptor evidence,C,New Triazine Derivatives as Serotonin 5-HT6 Receptor Ligands.,0.48750109821557996,215,0.5,PubMed,2020,32553388,,Journal of affective disorders,Gorlova A; Ortega G; Waider J; Bazhenova N; Veniaminova E; Proshin A; Kalueff AV; Anthony DC; Lesch KP; Strekalova T,10.1016/j.jad.2020.04.014,Stress-induced aggression in heterozygous TPH2 mutant mice is associated with alterations in serotonin turnover and expression of 5-HT6 and AMPA subunit 2A receptors.,https://pubmed.ncbi.nlm.nih.gov/32553388/,,5202,C1=CC2=C(C=C1O)C(=CN2)CCN,45,"serotonin has experimental receptor evidence involving 5-HT6 receptor, MT2 receptor and is being evaluated as a possible GPR62 candidate.",Review pharmacology and consider experimental testing,https://pubmed.ncbi.nlm.nih.gov/32553388/
66,serotonin,MT2-related exploratory candidate,5-HT6 receptor,No,No,No,Yes,Yes,0.4038478434085846,Low,Direct receptor evidence,C,New Triazine Derivatives as Serotonin 5-HT6 Receptor Ligands.,0.48750109821557996,215,0.5,PubMed + PMC,2020,32533466,PMC7340678,Molecular neurobiology,Shortall SE; Brown AM; Newton-Mann E; Dawe-Lane E; Evans C; Fowler M; King MV,10.1007/s12035-020-01938-x,Calbindin Deficits May Underlie Dissociable Effects of 5-HT6 and mGlu7 Antagonists on Glutamate and Cognition in a Dual-Hit Neurodevelopmental Model for Schizophrenia.,https://pubmed.ncbi.nlm.nih.gov/32533466/,https://pmc.ncbi.nlm.nih.gov/articles/PMC7340678/,5202,C1=CC2=C(C=C1O)C(=CN2)CCN,45,"serotonin has experimental receptor evidence involving 5-HT6 receptor, MT2 receptor and is being evaluated as a possible GPR62 candidate.",Review pharmacology and consider experimental testing,https://pubmed.ncbi.nlm.nih.gov/32533466/
66,serotonin,MT2-related exploratory candidate,5-HT6 receptor,No,No,No,Yes,Yes,0.4038478434085846,Low,Direct receptor evidence,C,New Triazine Derivatives as Serotonin 5-HT6 Receptor Ligands.,0.48750109821557996,215,0.5,PubMed + PMC,2020,32279445,PMC7442682,Chemical biology & drug design,Giri R; Alberts I; Harding WW,10.1111/cbdd.13691,"Synthesis, pharmacological evaluations, and molecular docking studies on a new 1,3,4,11b-tetrahydro-1H-fluoreno[9,1-cd]azepine framework: Rigidification of D1 receptor selective 1-phenylbenzazepines and discovery of a new 5-HT6 receptor scaffold.",https://pubmed.ncbi.nlm.nih.gov/32279445/,https://pmc.ncbi.nlm.nih.gov/articles/PMC7442682/,5202,C1=CC2=C(C=C1O)C(=CN2)CCN,45,"serotonin has experimental receptor evidence involving 5-HT6 receptor, MT2 receptor and is being evaluated as a possible GPR62 candidate.",Review pharmacology and consider experimental testing,https://pubmed.ncbi.nlm.nih.gov/32279445/
66,serotonin,MT2-related exploratory candidate,5-HT6 receptor,No,No,No,Yes,Yes,0.4038478434085846,Low,Direct receptor evidence,C,New Triazine Derivatives as Serotonin 5-HT6 Receptor Ligands.,0.48750109821557996,215,0.5,PubMed + PMC,2020,31587366,PMC7031542,Journal of clinical laboratory analysis,Wu X; Qiu F; Wang Z; Liu B; Qi X,10.1002/jcla.23042,Correlation of 5-HTR6 gene polymorphism with vestibular migraine.,https://pubmed.ncbi.nlm.nih.gov/31587366/,https://pmc.ncbi.nlm.nih.gov/articles/PMC7031542/,5202,C1=CC2=C(C=C1O)C(=CN2)CCN,45,"serotonin has experimental receptor evidence involving 5-HT6 receptor, MT2 receptor and is being evaluated as a possible GPR62 candidate.",Review pharmacology and consider experimental testing,https://pubmed.ncbi.nlm.nih.gov/31587366/
66,serotonin,MT2-related exploratory candidate,5-HT6 receptor,No,No,No,Yes,Yes,0.4038478434085846,Low,Direct receptor evidence,C,New Triazine Derivatives as Serotonin 5-HT6 Receptor Ligands.,0.48750109821557996,215,0.5,PubMed,2019,31586629,,European journal of pharmacology,Hagsäter SM; Lisinski A; Eriksson E,10.1016/j.ejphar.2019.172718,5-HT6 receptor antagonism reduces defecation in rat: A potential treatment strategy for irritable bowel syndrome with diarrhea.,https://pubmed.ncbi.nlm.nih.gov/31586629/,,5202,C1=CC2=C(C=C1O)C(=CN2)CCN,45,"serotonin has experimental receptor evidence involving 5-HT6 receptor, MT2 receptor and is being evaluated as a possible GPR62 candidate.",Review pharmacology and consider experimental testing,https://pubmed.ncbi.nlm.nih.gov/31586629/
66,serotonin,MT2-related exploratory candidate,5-HT6 receptor,No,No,No,Yes,Yes,0.4038478434085846,Low,Direct receptor evidence,C,New Triazine Derivatives as Serotonin 5-HT6 Receptor Ligands.,0.48750109821557996,215,0.5,PubMed,2019,31233821,,Behavioural brain research,de Assis Brasil ES; Guerino Furini CR; da Silva Rodrigues F; Nachtigall EG; Kielbovicz Behling JA; Saenger BF; Farias CP; de Carvalho Myskiw J; Izquierdo I,10.1016/j.bbr.2019.112055,"The blockade of the serotoninergic receptors 5-HT5A, 5-HT6 and 5-HT7 in the basolateral amygdala, but not in the hippocampus facilitate the extinction of fear memory.",https://pubmed.ncbi.nlm.nih.gov/31233821/,,5202,C1=CC2=C(C=C1O)C(=CN2)CCN,45,"serotonin has experimental receptor evidence involving 5-HT6 receptor, MT2 receptor and is being evaluated as a possible GPR62 candidate.",Review pharmacology and consider experimental testing,https://pubmed.ncbi.nlm.nih.gov/31233821/
66,serotonin,MT2-related exploratory candidate,5-HT6 receptor,No,No,No,Yes,Yes,0.4038478434085846,Low,Direct receptor evidence,C,New Triazine Derivatives as Serotonin 5-HT6 Receptor Ligands.,0.48750109821557996,215,0.5,PubMed,2019,31162703,,Archiv der Pharmazie,Marcinkowska M; Bucki A; Panek D; Siwek A; Fajkis N; Bednarski M; Zygmunt M; Godyń J; Del Rio Valdivieso A; Kotańska M; Kołaczkowski M; Więckowska A,10.1002/ardp.201900041,"Anti-Alzheimer's multitarget-directed ligands with serotonin 5-HT6 antagonist, butyrylcholinesterase inhibitory, and antioxidant activity.",https://pubmed.ncbi.nlm.nih.gov/31162703/,,5202,C1=CC2=C(C=C1O)C(=CN2)CCN,45,"serotonin has experimental receptor evidence involving 5-HT6 receptor, MT2 receptor and is being evaluated as a possible GPR62 candidate.",Review pharmacology and consider experimental testing,https://pubmed.ncbi.nlm.nih.gov/31162703/
66,serotonin,MT2-related exploratory candidate,5-HT6 receptor,No,No,No,Yes,Yes,0.4038478434085846,Low,Direct receptor evidence,C,New Triazine Derivatives as Serotonin 5-HT6 Receptor Ligands.,0.48750109821557996,215,0.5,PubMed + PMC,2019,30883547,PMC6438579,PLoS biology,Teng LL; Lu GL; Chiou LC; Lin WS; Cheng YY; Hsueh TE; Huang YC; Hwang NH; Yeh JW; Liao RM; Fan SZ; Yen JH; Fu TF; Tsai TF; Wu MS; Wang PY,10.1371/journal.pbio.2007097,Serotonin receptor HTR6-mediated mTORC1 signaling regulates dietary restriction-induced memory enhancement.,https://pubmed.ncbi.nlm.nih.gov/30883547/,https://pmc.ncbi.nlm.nih.gov/articles/PMC6438579/,5202,C1=CC2=C(C=C1O)C(=CN2)CCN,45,"serotonin has experimental receptor evidence involving 5-HT6 receptor, MT2 receptor and is being evaluated as a possible GPR62 candidate.",Review pharmacology and consider experimental testing,https://pubmed.ncbi.nlm.nih.gov/30883547/
66,serotonin,MT2-related exploratory candidate,5-HT6 receptor,No,No,No,Yes,Yes,0.4038478434085846,Low,Direct receptor evidence,C,New Triazine Derivatives as Serotonin 5-HT6 Receptor Ligands.,0.48750109821557996,215,0.5,PubMed,2019,30609433,,Drug research,Sari CC; Gunduz O; Ulugol A,10.1055/a-0817-5464,Spinal Serotonin and 5HT6 Receptor Levels During Development of Neuropathy and Influence of Blockade of these Receptors on Thermal Hyperalgesia in Diabetic Mice.,https://pubmed.ncbi.nlm.nih.gov/30609433/,,5202,C1=CC2=C(C=C1O)C(=CN2)CCN,45,"serotonin has experimental receptor evidence involving 5-HT6 receptor, MT2 receptor and is being evaluated as a possible GPR62 candidate.",Review pharmacology and consider experimental testing,https://pubmed.ncbi.nlm.nih.gov/30609433/
66,serotonin,MT2-related exploratory candidate,5-HT6 receptor,No,No,No,Yes,Yes,0.4038478434085846,Low,Direct receptor evidence,C,New Triazine Derivatives as Serotonin 5-HT6 Receptor Ligands.,0.48750109821557996,215,0.5,PubMed + PMC,2017,28931427,PMC5607612,Alzheimer's research & therapy,Hu L; Wang B; Zhang Y,10.1186/s13195-017-0304-4,Serotonin 5-HT6 receptors affect cognition in a mouse model of Alzheimer's disease by regulating cilia function.,https://pubmed.ncbi.nlm.nih.gov/28931427/,https://pmc.ncbi.nlm.nih.gov/articles/PMC5607612/,5202,C1=CC2=C(C=C1O)C(=CN2)CCN,45,"serotonin has experimental receptor evidence involving 5-HT6 receptor, MT2 receptor and is being evaluated as a possible GPR62 candidate.",Review pharmacology and consider experimental testing,https://pubmed.ncbi.nlm.nih.gov/28931427/
66,serotonin,MT2-related exploratory candidate,5-HT6 receptor,No,No,No,Yes,Yes,0.4038478434085846,Low,Direct receptor evidence,C,New Triazine Derivatives as Serotonin 5-HT6 Receptor Ligands.,0.48750109821557996,215,0.5,PubMed + PMC,2017,28681593,PMC5547219,Molecules and cells,Rahman MA; Kim H; Lee KH; Yun HM; Hong JH; Kim Y; Choo H; Park M; Rhim H,10.14348/molcells.2017.0080,5-Hydroxytryptamine 6 Receptor (5-HT6R)-Mediated Morphological Changes via RhoA-Dependent Pathways.,https://pubmed.ncbi.nlm.nih.gov/28681593/,https://pmc.ncbi.nlm.nih.gov/articles/PMC5547219/,5202,C1=CC2=C(C=C1O)C(=CN2)CCN,45,"serotonin has experimental receptor evidence involving 5-HT6 receptor, MT2 receptor and is being evaluated as a possible GPR62 candidate.",Review pharmacology and consider experimental testing,https://pubmed.ncbi.nlm.nih.gov/28681593/
66,serotonin,MT2-related exploratory candidate,5-HT6 receptor,No,No,No,Yes,Yes,0.4038478434085846,Low,Direct receptor evidence,C,New Triazine Derivatives as Serotonin 5-HT6 Receptor Ligands.,0.48750109821557996,215,0.5,PubMed,2017,28628851,,Pharmacological reports : PR,Pineda-Farias JB; Barragán-Iglesias P; Valdivieso-Sánchez A; Rodríguez-Silverio J; Flores-Murrieta FJ; Granados-Soto V; Rocha-González HI,10.1016/j.pharep.2017.04.001,Spinal 5-HT4 and 5-HT6 receptors contribute to the maintenance of neuropathic pain in rats.,https://pubmed.ncbi.nlm.nih.gov/28628851/,,5202,C1=CC2=C(C=C1O)C(=CN2)CCN,45,"serotonin has experimental receptor evidence involving 5-HT6 receptor, MT2 receptor and is being evaluated as a possible GPR62 candidate.",Review pharmacology and consider experimental testing,https://pubmed.ncbi.nlm.nih.gov/28628851/
66,serotonin,MT2-related exploratory candidate,5-HT6 receptor,No,No,No,Yes,Yes,0.4038478434085846,Low,Direct receptor evidence,C,New Triazine Derivatives as Serotonin 5-HT6 Receptor Ligands.,0.48750109821557996,215,0.5,PubMed,2017,28188762,,European journal of pharmacology,Mørk A; Russell RV; de Jong IE; Smagin G,10.1016/j.ejphar.2017.02.010,"Effects of the 5-HT6 receptor antagonist idalopirdine on extracellular levels of monoamines, glutamate and acetylcholine in the rat medial prefrontal cortex.",https://pubmed.ncbi.nlm.nih.gov/28188762/,,5202,C1=CC2=C(C=C1O)C(=CN2)CCN,45,"serotonin has experimental receptor evidence involving 5-HT6 receptor, MT2 receptor and is being evaluated as a possible GPR62 candidate.",Review pharmacology and consider experimental testing,https://pubmed.ncbi.nlm.nih.gov/28188762/
66,serotonin,MT2-related exploratory candidate,5-HT6 receptor,No,No,No,Yes,Yes,0.4038478434085846,Low,Direct receptor evidence,C,New Triazine Derivatives as Serotonin 5-HT6 Receptor Ligands.,0.48750109821557996,215,0.5,PubMed + PMC,2017,28117458,PMC5259792,Scientific reports,González-Vera JA; Medina RA; Martín-Fontecha M; Gonzalez A; de la Fuente T; Vázquez-Villa H; García-Cárceles J; Botta J; McCormick PJ; Benhamú B; Pardo L; López-Rodríguez ML,10.1038/srep41293,A new serotonin 5-HT6 receptor antagonist with procognitive activity - Importance of a halogen bond interaction to stabilize the binding.,https://pubmed.ncbi.nlm.nih.gov/28117458/,https://pmc.ncbi.nlm.nih.gov/articles/PMC5259792/,5202,C1=CC2=C(C=C1O)C(=CN2)CCN,45,"serotonin has experimental receptor evidence involving 5-HT6 receptor, MT2 receptor and is being evaluated as a possible GPR62 candidate.",Review pharmacology and consider experimental testing,https://pubmed.ncbi.nlm.nih.gov/28117458/
66,serotonin,MT2-related exploratory candidate,5-HT6 receptor,No,No,No,Yes,Yes,0.4038478434085846,Low,Direct receptor evidence,C,New Triazine Derivatives as Serotonin 5-HT6 Receptor Ligands.,0.48750109821557996,215,0.5,PubMed,2016,27616337,,Brain research,Liu KC; Li JY; Xie W; Li LB; Zhang J; Du CX; Zhang YM; Tan HH; Wang HS; Zhang L,10.1016/j.brainres.2016.09.009,Activation and blockade of serotonin6 receptors in the dorsal hippocampus enhance T maze and hole-board performance in a unilateral 6-hydroxydopamine rat model of Parkinson's disease.,https://pubmed.ncbi.nlm.nih.gov/27616337/,,5202,C1=CC2=C(C=C1O)C(=CN2)CCN,45,"serotonin has experimental receptor evidence involving 5-HT6 receptor, MT2 receptor and is being evaluated as a possible GPR62 candidate.",Review pharmacology and consider experimental testing,https://pubmed.ncbi.nlm.nih.gov/27616337/
66,serotonin,MT2-related exploratory candidate,5-HT6 receptor,No,No,No,Yes,Yes,0.4038478434085846,Low,Direct receptor evidence,C,New Triazine Derivatives as Serotonin 5-HT6 Receptor Ligands.,0.48750109821557996,215,0.5,PubMed + PMC,2016,27581523,PMC5007490,Scientific reports,Yun HM; Park KR; Hong JT; Kim EC,10.1038/srep30985,Peripheral serotonin-mediated system suppresses bone development and regeneration via serotonin 6 G-protein-coupled receptor.,https://pubmed.ncbi.nlm.nih.gov/27581523/,https://pmc.ncbi.nlm.nih.gov/articles/PMC5007490/,5202,C1=CC2=C(C=C1O)C(=CN2)CCN,45,"serotonin has experimental receptor evidence involving 5-HT6 receptor, MT2 receptor and is being evaluated as a possible GPR62 candidate.",Review pharmacology and consider experimental testing,https://pubmed.ncbi.nlm.nih.gov/27581523/
66,serotonin,MT2-related exploratory candidate,5-HT6 receptor,No,No,No,Yes,Yes,0.4038478434085846,Low,Direct receptor evidence,C,New Triazine Derivatives as Serotonin 5-HT6 Receptor Ligands.,0.48750109821557996,215,0.5,PubMed + PMC,2016,27157251,PMC4914440,Pharmacological research,Dalwadi DA; Kim S; Amdani SM; Chen Z; Huang RQ; Schetz JA,10.1016/j.phrs.2016.04.028,Molecular mechanisms of serotonergic action of the HIV-1 antiretroviral efavirenz.,https://pubmed.ncbi.nlm.nih.gov/27157251/,https://pmc.ncbi.nlm.nih.gov/articles/PMC4914440/,5202,C1=CC2=C(C=C1O)C(=CN2)CCN,45,"serotonin has experimental receptor evidence involving 5-HT6 receptor, MT2 receptor and is being evaluated as a possible GPR62 candidate.",Review pharmacology and consider experimental testing,https://pubmed.ncbi.nlm.nih.gov/27157251/
66,serotonin,MT2-related exploratory candidate,5-HT6 receptor,No,No,No,Yes,Yes,0.4038478434085846,Low,Direct receptor evidence,C,New Triazine Derivatives as Serotonin 5-HT6 Receptor Ligands.,0.48750109821557996,215,0.5,PubMed,2016,26560738,,"Chemistry (Weinheim an der Bergstrasse, Germany)",Gamo AM; González-Vera JA; Rueda-Zubiaurre A; Alonso D; Vázquez-Villa H; Martín-Couce L; Palomares Ó; López JA; Martín-Fontecha M; Benhamú B; López-Rodríguez ML; Ortega-Gutiérrez S,10.1002/chem.201503101,Chemoproteomic Approach to Explore the Target Profile of GPCR ligands: Application to 5-HT1A and 5-HT6 Receptors.,https://pubmed.ncbi.nlm.nih.gov/26560738/,,5202,C1=CC2=C(C=C1O)C(=CN2)CCN,45,"serotonin has experimental receptor evidence involving 5-HT6 receptor, MT2 receptor and is being evaluated as a possible GPR62 candidate.",Review pharmacology and consider experimental testing,https://pubmed.ncbi.nlm.nih.gov/26560738/
66,serotonin,MT2-related exploratory candidate,5-HT6 receptor,No,No,No,Yes,Yes,0.4038478434085846,Low,Direct receptor evidence,C,New Triazine Derivatives as Serotonin 5-HT6 Receptor Ligands.,0.48750109821557996,215,0.5,PubMed + PMC,2015,26449188,PMC4694947,Oncotarget,Yun HM; Park KR; Kim EC; Kim S; Hong JT,10.18632/oncotarget.5777,Serotonin 6 receptor controls Alzheimer's disease and depression.,https://pubmed.ncbi.nlm.nih.gov/26449188/,https://pmc.ncbi.nlm.nih.gov/articles/PMC4694947/,5202,C1=CC2=C(C=C1O)C(=CN2)CCN,45,"serotonin has experimental receptor evidence involving 5-HT6 receptor, MT2 receptor and is being evaluated as a possible GPR62 candidate.",Review pharmacology and consider experimental testing,https://pubmed.ncbi.nlm.nih.gov/26449188/
66,serotonin,MT2-related exploratory candidate,5-HT6 receptor,No,No,No,Yes,Yes,0.4038478434085846,Low,Direct receptor evidence,C,New Triazine Derivatives as Serotonin 5-HT6 Receptor Ligands.,0.48750109821557996,215,0.5,PubMed,2015,26099069,,Journal of medicinal chemistry,Karila D; Freret T; Bouet V; Boulouard M; Dallemagne P; Rochais C,10.1021/acs.jmedchem.5b00179,Therapeutic Potential of 5-HT6 Receptor Agonists.,https://pubmed.ncbi.nlm.nih.gov/26099069/,,5202,C1=CC2=C(C=C1O)C(=CN2)CCN,45,"serotonin has experimental receptor evidence involving 5-HT6 receptor, MT2 receptor and is being evaluated as a possible GPR62 candidate.",Review pharmacology and consider experimental testing,https://pubmed.ncbi.nlm.nih.gov/26099069/
66,serotonin,MT2-related exploratory candidate,5-HT6 receptor,No,No,No,Yes,Yes,0.4038478434085846,Low,Direct receptor evidence,C,New Triazine Derivatives as Serotonin 5-HT6 Receptor Ligands.,0.48750109821557996,215,0.5,PubMed,2015,26027065,,Nihon shinkei seishin yakurigaku zasshi = Japanese journal of psychopharmacology,Nakagawa T; Nagayasu K; Kaneko S,,[Utility of organotypic raphe slice cultures to investigate the effects of psychotropic drugs on the function of serotoninergic neurons].,https://pubmed.ncbi.nlm.nih.gov/26027065/,,5202,C1=CC2=C(C=C1O)C(=CN2)CCN,45,"serotonin has experimental receptor evidence involving 5-HT6 receptor, MT2 receptor and is being evaluated as a possible GPR62 candidate.",Review pharmacology and consider experimental testing,https://pubmed.ncbi.nlm.nih.gov/26027065/
66,serotonin,MT2-related exploratory candidate,5-HT6 receptor,No,No,No,Yes,Yes,0.4038478434085846,Low,Direct receptor evidence,C,New Triazine Derivatives as Serotonin 5-HT6 Receptor Ligands.,0.48750109821557996,215,0.5,PubMed + PMC,2015,25934037,PMC4457577,Neuroscience,Eskenazi D; Brodsky M; Neumaier JF,10.1016/j.neuroscience.2015.04.046,Deconstructing 5-HT6 receptor effects on striatal circuit function.,https://pubmed.ncbi.nlm.nih.gov/25934037/,https://pmc.ncbi.nlm.nih.gov/articles/PMC4457577/,5202,C1=CC2=C(C=C1O)C(=CN2)CCN,45,"serotonin has experimental receptor evidence involving 5-HT6 receptor, MT2 receptor and is being evaluated as a possible GPR62 candidate.",Review pharmacology and consider experimental testing,https://pubmed.ncbi.nlm.nih.gov/25934037/
66,serotonin,MT2-related exploratory candidate,5-HT6 receptor,No,No,No,Yes,Yes,0.4038478434085846,Low,Direct receptor evidence,C,New Triazine Derivatives as Serotonin 5-HT6 Receptor Ligands.,0.48750109821557996,215,0.5,PubMed,2015,25932719,,Behavioural pharmacology,Hasebe S; Ago Y; Nishiyama S; Oka S; Hashimoto H; Takuma K; Matsuda T,10.1097/FBP.0000000000000140,Pharmacological profile of encounter-induced hyperactivity in isolation-reared mice.,https://pubmed.ncbi.nlm.nih.gov/25932719/,,5202,C1=CC2=C(C=C1O)C(=CN2)CCN,45,"serotonin has experimental receptor evidence involving 5-HT6 receptor, MT2 receptor and is being evaluated as a possible GPR62 candidate.",Review pharmacology and consider experimental testing,https://pubmed.ncbi.nlm.nih.gov/25932719/
66,serotonin,MT2-related exploratory candidate,5-HT6 receptor,No,No,No,Yes,Yes,0.4038478434085846,Low,Direct receptor evidence,C,New Triazine Derivatives as Serotonin 5-HT6 Receptor Ligands.,0.48750109821557996,215,0.5,PubMed,2015,25863120,,Neuropharmacology,Asaoka N; Nagayasu K; Nishitani N; Yamashiro M; Shirakawa H; Nakagawa T; Kaneko S,10.1016/j.neuropharm.2015.03.032,Olanzapine augments the effect of selective serotonin reuptake inhibitors by suppressing GABAergic inhibition via antagonism of 5-HT₆ receptors in the dorsal raphe nucleus.,https://pubmed.ncbi.nlm.nih.gov/25863120/,,5202,C1=CC2=C(C=C1O)C(=CN2)CCN,45,"serotonin has experimental receptor evidence involving 5-HT6 receptor, MT2 receptor and is being evaluated as a possible GPR62 candidate.",Review pharmacology and consider experimental testing,https://pubmed.ncbi.nlm.nih.gov/25863120/
66,serotonin,MT2-related exploratory candidate,5-HT6 receptor,No,No,No,Yes,Yes,0.4038478434085846,Low,Direct receptor evidence,C,New Triazine Derivatives as Serotonin 5-HT6 Receptor Ligands.,0.48750109821557996,215,0.5,PubMed,2015,25837696,,ACS chemical neuroscience,Brouard JT; Schweimer JV; Houlton R; Burnham KE; Quérée P; Sharp T,10.1021/acschemneuro.5b00061,Pharmacological Evidence for 5-HT6 Receptor Modulation of 5-HT Neuron Firing in Vivo.,https://pubmed.ncbi.nlm.nih.gov/25837696/,,5202,C1=CC2=C(C=C1O)C(=CN2)CCN,45,"serotonin has experimental receptor evidence involving 5-HT6 receptor, MT2 receptor and is being evaluated as a possible GPR62 candidate.",Review pharmacology and consider experimental testing,https://pubmed.ncbi.nlm.nih.gov/25837696/
66,serotonin,MT2-related exploratory candidate,5-HT6 receptor,No,No,No,Yes,Yes,0.4038478434085846,Low,Direct receptor evidence,C,New Triazine Derivatives as Serotonin 5-HT6 Receptor Ligands.,0.48750109821557996,215,0.5,PubMed,2015,25429515,,Canadian journal of physiology and pharmacology,Abraham R; Nirogi R; Shinde A; Irupannanavar S,10.1139/cjpp-2014-0254,Low-dose prazosin in combination with 5-HT6 antagonist PRX-07034 has antipsychotic effects.,https://pubmed.ncbi.nlm.nih.gov/25429515/,,5202,C1=CC2=C(C=C1O)C(=CN2)CCN,45,"serotonin has experimental receptor evidence involving 5-HT6 receptor, MT2 receptor and is being evaluated as a possible GPR62 candidate.",Review pharmacology and consider experimental testing,https://pubmed.ncbi.nlm.nih.gov/25429515/
66,serotonin,MT2-related exploratory candidate,5-HT6 receptor,No,No,No,Yes,Yes,0.4038478434085846,Low,Direct receptor evidence,C,New Triazine Derivatives as Serotonin 5-HT6 Receptor Ligands.,0.48750109821557996,215,0.5,PubMed,2014,24867282,,Reviews in the neurosciences,Ivanenkov YA; Majouga AG; Veselov MS; Chufarova NV; Baranovsky SS; Filkov GI,10.1515/revneuro-2014-0030,Computational approaches to the design of novel 5-HT6 R ligands.,https://pubmed.ncbi.nlm.nih.gov/24867282/,,5202,C1=CC2=C(C=C1O)C(=CN2)CCN,45,"serotonin has experimental receptor evidence involving 5-HT6 receptor, MT2 receptor and is being evaluated as a possible GPR62 candidate.",Review pharmacology and consider experimental testing,https://pubmed.ncbi.nlm.nih.gov/24867282/
66,serotonin,MT2-related exploratory candidate,5-HT6 receptor,No,No,No,Yes,Yes,0.4038478434085846,Low,Direct receptor evidence,C,New Triazine Derivatives as Serotonin 5-HT6 Receptor Ligands.,0.48750109821557996,215,0.5,PubMed + PMC,2014,24614691,PMC3948860,PloS one,Kim SH; Kim DH; Lee KH; Im SK; Hur EM; Chung KC; Rhim H,10.1371/journal.pone.0091402,Direct interaction and functional coupling between human 5-HT6 receptor and the light chain 1 subunit of the microtubule-associated protein 1B (MAP1B-LC1).,https://pubmed.ncbi.nlm.nih.gov/24614691/,https://pmc.ncbi.nlm.nih.gov/articles/PMC3948860/,5202,C1=CC2=C(C=C1O)C(=CN2)CCN,45,"serotonin has experimental receptor evidence involving 5-HT6 receptor, MT2 receptor and is being evaluated as a possible GPR62 candidate.",Review pharmacology and consider experimental testing,https://pubmed.ncbi.nlm.nih.gov/24614691/
66,serotonin,MT2-related exploratory candidate,5-HT6 receptor,No,No,No,Yes,Yes,0.4038478434085846,Low,Direct receptor evidence,C,New Triazine Derivatives as Serotonin 5-HT6 Receptor Ligands.,0.48750109821557996,215,0.5,PubMed + PMC,2014,24497636,PMC3961653,The Journal of biological chemistry,Wang CC; Man GC; Chu CY; Borchert A; Ugun-Klusek A; Billett EE; Kühn H; Ufer C,10.1074/jbc.M113.522094,Serotonin receptor 6 mediates defective brain development in monoamine oxidase A-deficient mouse embryos.,https://pubmed.ncbi.nlm.nih.gov/24497636/,https://pmc.ncbi.nlm.nih.gov/articles/PMC3961653/,5202,C1=CC2=C(C=C1O)C(=CN2)CCN,45,"serotonin has experimental receptor evidence involving 5-HT6 receptor, MT2 receptor and is being evaluated as a possible GPR62 candidate.",Review pharmacology and consider experimental testing,https://pubmed.ncbi.nlm.nih.gov/24497636/
66,serotonin,MT2-related exploratory candidate,5-HT6 receptor,No,No,No,Yes,Yes,0.4038478434085846,Low,Direct receptor evidence,C,New Triazine Derivatives as Serotonin 5-HT6 Receptor Ligands.,0.48750109821557996,215,0.5,PubMed + PMC,2013,23801939,PMC3686152,Frontiers in cellular neuroscience,Vitalis T; Ansorge MS; Dayer AG,10.3389/fncel.2013.00093,Serotonin homeostasis and serotonin receptors as actors of cortical construction: special attention to the 5-HT3A and 5-HT6 receptor subtypes.,https://pubmed.ncbi.nlm.nih.gov/23801939/,https://pmc.ncbi.nlm.nih.gov/articles/PMC3686152/,5202,C1=CC2=C(C=C1O)C(=CN2)CCN,45,"serotonin has experimental receptor evidence involving 5-HT6 receptor, MT2 receptor and is being evaluated as a possible GPR62 candidate.",Review pharmacology and consider experimental testing,https://pubmed.ncbi.nlm.nih.gov/23801939/
66,serotonin,MT2-related exploratory candidate,5-HT6 receptor,No,No,No,Yes,Yes,0.4038478434085846,Low,Direct receptor evidence,C,New Triazine Derivatives as Serotonin 5-HT6 Receptor Ligands.,0.48750109821557996,215,0.5,PubMed,2013,23542166,,European journal of medicinal chemistry,Mattsson C; Svensson P; Boettcher H; Sonesson C,10.1016/j.ejmech.2013.03.006,"Structure-activity relationship of 5-chloro-2-methyl-3-(1,2,3,6-tetrahydropyridin-4-yl)-1H-indole analogues as 5-HT(6) receptor agonists.",https://pubmed.ncbi.nlm.nih.gov/23542166/,,5202,C1=CC2=C(C=C1O)C(=CN2)CCN,45,"serotonin has experimental receptor evidence involving 5-HT6 receptor, MT2 receptor and is being evaluated as a possible GPR62 candidate.",Review pharmacology and consider experimental testing,https://pubmed.ncbi.nlm.nih.gov/23542166/
66,serotonin,MT2-related exploratory candidate,5-HT6 receptor,No,No,No,Yes,Yes,0.4038478434085846,Low,Direct receptor evidence,C,New Triazine Derivatives as Serotonin 5-HT6 Receptor Ligands.,0.48750109821557996,215,0.5,PubMed,2013,25287308,,Acta neuropsychiatrica,Masuda T; Nishikawa H; Inoue T; Toda H; Nakagawa S; Boku S; Koyama T,10.1111/j.1601-5215.2012.00669.x,"5-HT depletion, but not 5-HT1A antagonist, prevents the anxiolytic-like effect of citalopram in rat contextual conditioned fear stress model.",https://pubmed.ncbi.nlm.nih.gov/25287308/,,5202,C1=CC2=C(C=C1O)C(=CN2)CCN,45,"serotonin has experimental receptor evidence involving 5-HT6 receptor, MT2 receptor and is being evaluated as a possible GPR62 candidate.",Review pharmacology and consider experimental testing,https://pubmed.ncbi.nlm.nih.gov/25287308/
66,serotonin,MT2-related exploratory candidate,5-HT6 receptor,No,No,No,Yes,Yes,0.4038478434085846,Low,Direct receptor evidence,C,New Triazine Derivatives as Serotonin 5-HT6 Receptor Ligands.,0.48750109821557996,215,0.5,PubMed + PMC,2013,23336058,PMC3547479,ACS chemical neuroscience,Ly S; Pishdari B; Lok LL; Hajos M; Kocsis B,10.1021/cn300184t,Activation of 5-HT6 receptors modulates sleep-wake activity and hippocampal theta oscillation.,https://pubmed.ncbi.nlm.nih.gov/23336058/,https://pmc.ncbi.nlm.nih.gov/articles/PMC3547479/,5202,C1=CC2=C(C=C1O)C(=CN2)CCN,45,"serotonin has experimental receptor evidence involving 5-HT6 receptor, MT2 receptor and is being evaluated as a possible GPR62 candidate.",Review pharmacology and consider experimental testing,https://pubmed.ncbi.nlm.nih.gov/23336058/
67,Phencyclidine,5-HT6 exploratory candidate,5-HT6 receptor,No,No,No,No,Yes,0.6290300488471985,Low,Direct receptor evidence,C,Dual 5-HT3 and 5-HT6 Receptor Antagonist FPPQ Normalizes Phencyclidine-Induced Disruption of Brain Oscillatory Activity in Rats.,0.48336953175067904,6,0.25,PubMed + PMC,2022,35022720,PMC9154270,The international journal of neuropsychopharmacology,Castañé A; Cano M; Ruiz-Avila L; Miquel-Rio L; Celada P; Artigas F; Riga MS,10.1093/ijnp/pyac003,Dual 5-HT3 and 5-HT6 Receptor Antagonist FPPQ Normalizes Phencyclidine-Induced Disruption of Brain Oscillatory Activity in Rats.,https://pubmed.ncbi.nlm.nih.gov/35022720/,https://pmc.ncbi.nlm.nih.gov/articles/PMC9154270/,6468,C1CCC(CC1)(C2=CC=CC=C2)N3CCCCC3,2,Phencyclidine has experimental receptor evidence involving 5-HT6 receptor and is being evaluated as a possible GPR62 candidate.,Review pharmacology and consider experimental testing,https://pubmed.ncbi.nlm.nih.gov/35022720/
67,Phencyclidine,5-HT6 exploratory candidate,5-HT6 receptor,No,No,No,No,Yes,0.6290300488471985,Low,Direct receptor evidence,C,Dual 5-HT3 and 5-HT6 Receptor Antagonist FPPQ Normalizes Phencyclidine-Induced Disruption of Brain Oscillatory Activity in Rats.,0.48336953175067904,6,0.25,PubMed,2020,31734022,,European journal of medicinal chemistry,Staroń J; Kurczab R; Warszycki D; Satała G; Krawczyk M; Bugno R; Lenda T; Popik P; Hogendorf AS; Hogendorf A; Dubiel K; Matłoka M; Moszczyński-Pętkowski R; Pieczykolan J; Wieczorek M; Zajdel P; Bojarski AJ,10.1016/j.ejmech.2019.111857,Virtual screening-driven discovery of dual 5-HT6/5-HT2A receptor ligands with pro-cognitive properties.,https://pubmed.ncbi.nlm.nih.gov/31734022/,,6468,C1CCC(CC1)(C2=CC=CC=C2)N3CCCCC3,2,Phencyclidine has experimental receptor evidence involving 5-HT6 receptor and is being evaluated as a possible GPR62 candidate.,Review pharmacology and consider experimental testing,https://pubmed.ncbi.nlm.nih.gov/31734022/
68,2-piperidinoethyl 4-amino-5-chloro-2-methoxybenzoate,5-HT6 exploratory candidate,5-HT6 receptor,No,No,No,No,Yes,0.6216388940811157,Low,Unvalidated,E,,0.47856528115272523,6,0.25,PubMed,2023,37722878,,Biological & pharmaceutical bulletin,Miyahara Y; Funahashi H; Haruta-Tsukamoto A; Kogoh Y; Kanemaru-Kawazoe A; Hirano Y; Nishimori T; Ishida Y,10.1248/bpb.b23-00445,"Differential Contribution of 5-HT4, 5-HT5, and 5-HT6 Receptors to Acute Pruriceptive Processing Induced by Chloroquine and Histamine in Mice.",https://pubmed.ncbi.nlm.nih.gov/37722878/,,5311299,COC1=CC(=C(C=C1C(=O)OCCN2CCCCC2)Cl)N,2,2-piperidinoethyl 4-amino-5-chloro-2-methoxybenzoate currently has an ML prediction but requires stronger receptor-specific literature validation.,Literature validation needed before experimental priority,https://pubmed.ncbi.nlm.nih.gov/37722878/
68,2-piperidinoethyl 4-amino-5-chloro-2-methoxybenzoate,5-HT6 exploratory candidate,5-HT6 receptor,No,No,No,No,Yes,0.6216388940811157,Low,Unvalidated,E,,0.47856528115272523,6,0.25,PubMed,2017,28628851,,Pharmacological reports : PR,Pineda-Farias JB; Barragán-Iglesias P; Valdivieso-Sánchez A; Rodríguez-Silverio J; Flores-Murrieta FJ; Granados-Soto V; Rocha-González HI,10.1016/j.pharep.2017.04.001,Spinal 5-HT4 and 5-HT6 receptors contribute to the maintenance of neuropathic pain in rats.,https://pubmed.ncbi.nlm.nih.gov/28628851/,,5311299,COC1=CC(=C(C=C1C(=O)OCCN2CCCCC2)Cl)N,2,2-piperidinoethyl 4-amino-5-chloro-2-methoxybenzoate currently has an ML prediction but requires stronger receptor-specific literature validation.,Literature validation needed before experimental priority,https://pubmed.ncbi.nlm.nih.gov/28628851/
69,SB-271046,5-HT6 exploratory candidate,5-HT6 receptor,No,No,No,No,Yes,0.4856181740760803,Low,Direct receptor evidence,C,The 5-HT6R agonist E-6837 and the antagonist SB-271046 reverse the psychotic-like behaviors induced by ketamine.,0.4781518131494522,50,0.25,PubMed,2022,35621169,,Behavioural pharmacology,Suárez-Santiago JE; Roldán Roldán G; Picazo Picazo O,10.1097/FBP.0000000000000669,The 5-HT6R agonist E-6837 and the antagonist SB-271046 reverse the psychotic-like behaviors induced by ketamine.,https://pubmed.ncbi.nlm.nih.gov/35621169/,,5312149,CC1=C(SC2=C1C=C(C=C2)Cl)S(=O)(=O)NC3=CC(=C(C=C3)OC)N4CCNCC4,15,SB-271046 has experimental receptor evidence involving 5-HT6 receptor and is being evaluated as a possible GPR62 candidate.,Review pharmacology and consider experimental testing,https://pubmed.ncbi.nlm.nih.gov/35621169/
69,SB-271046,5-HT6 exploratory candidate,5-HT6 receptor,No,No,No,No,Yes,0.4856181740760803,Low,Direct receptor evidence,C,The 5-HT6R agonist E-6837 and the antagonist SB-271046 reverse the psychotic-like behaviors induced by ketamine.,0.4781518131494522,50,0.25,PubMed + PMC,2020,33613889,PMC7878042,Basic and clinical neuroscience,Mohamad Rezaei R; Shiravi A; Seyedinia SA; Moradi Kor N; Vafaei AA; Rashidy-Pour A,10.32598/bcn.9.10.410,Role of Hippocampal 5-HT6 Receptors in Glucocorticoid-Induced Enhancement of Memory Consolidation in Rats.,https://pubmed.ncbi.nlm.nih.gov/33613889/,https://pmc.ncbi.nlm.nih.gov/articles/PMC7878042/,5312149,CC1=C(SC2=C1C=C(C=C2)Cl)S(=O)(=O)NC3=CC(=C(C=C3)OC)N4CCNCC4,15,SB-271046 has experimental receptor evidence involving 5-HT6 receptor and is being evaluated as a possible GPR62 candidate.,Review pharmacology and consider experimental testing,https://pubmed.ncbi.nlm.nih.gov/33613889/
69,SB-271046,5-HT6 exploratory candidate,5-HT6 receptor,No,No,No,No,Yes,0.4856181740760803,Low,Direct receptor evidence,C,The 5-HT6R agonist E-6837 and the antagonist SB-271046 reverse the psychotic-like behaviors induced by ketamine.,0.4781518131494522,50,0.25,PubMed,2021,33548271,,Brain research,Oliver BL; Pahua AE; Hitchcock K; Amodeo DA,10.1016/j.brainres.2021.147313,Serotonin 6 receptor modulation reduces locomotor activity in C57BL/6J mice.,https://pubmed.ncbi.nlm.nih.gov/33548271/,,5312149,CC1=C(SC2=C1C=C(C=C2)Cl)S(=O)(=O)NC3=CC(=C(C=C3)OC)N4CCNCC4,15,SB-271046 has experimental receptor evidence involving 5-HT6 receptor and is being evaluated as a possible GPR62 candidate.,Review pharmacology and consider experimental testing,https://pubmed.ncbi.nlm.nih.gov/33548271/
69,SB-271046,5-HT6 exploratory candidate,5-HT6 receptor,No,No,No,No,Yes,0.4856181740760803,Low,Direct receptor evidence,C,The 5-HT6R agonist E-6837 and the antagonist SB-271046 reverse the psychotic-like behaviors induced by ketamine.,0.4781518131494522,50,0.25,PubMed + PMC,2020,32425770,PMC7212420,Frontiers in pharmacology,Zhu C; Lin R; Liu C; Huang M; Lin F; Zhang G; Zhang Y; Miao J; Lin W; Huang H,10.3389/fphar.2020.00475,The Antagonism of 5-HT6 Receptor Attenuates Current-Induced Spikes and Improves Long-Term Potentiation via the Regulation of M-Currents in a Pilocarpine-Induced Epilepsy Model.,https://pubmed.ncbi.nlm.nih.gov/32425770/,https://pmc.ncbi.nlm.nih.gov/articles/PMC7212420/,5312149,CC1=C(SC2=C1C=C(C=C2)Cl)S(=O)(=O)NC3=CC(=C(C=C3)OC)N4CCNCC4,15,SB-271046 has experimental receptor evidence involving 5-HT6 receptor and is being evaluated as a possible GPR62 candidate.,Review pharmacology and consider experimental testing,https://pubmed.ncbi.nlm.nih.gov/32425770/
69,SB-271046,5-HT6 exploratory candidate,5-HT6 receptor,No,No,No,No,Yes,0.4856181740760803,Low,Direct receptor evidence,C,The 5-HT6R agonist E-6837 and the antagonist SB-271046 reverse the psychotic-like behaviors induced by ketamine.,0.4781518131494522,50,0.25,PubMed,2019,31586629,,European journal of pharmacology,Hagsäter SM; Lisinski A; Eriksson E,10.1016/j.ejphar.2019.172718,5-HT6 receptor antagonism reduces defecation in rat: A potential treatment strategy for irritable bowel syndrome with diarrhea.,https://pubmed.ncbi.nlm.nih.gov/31586629/,,5312149,CC1=C(SC2=C1C=C(C=C2)Cl)S(=O)(=O)NC3=CC(=C(C=C3)OC)N4CCNCC4,15,SB-271046 has experimental receptor evidence involving 5-HT6 receptor and is being evaluated as a possible GPR62 candidate.,Review pharmacology and consider experimental testing,https://pubmed.ncbi.nlm.nih.gov/31586629/
69,SB-271046,5-HT6 exploratory candidate,5-HT6 receptor,No,No,No,No,Yes,0.4856181740760803,Low,Direct receptor evidence,C,The 5-HT6R agonist E-6837 and the antagonist SB-271046 reverse the psychotic-like behaviors induced by ketamine.,0.4781518131494522,50,0.25,PubMed,2018,29805118,,Neuropharmacology,Chen XF; Jin ZL; Gong Y; Zhao N; Wang XY; Ran YH; Zhang YZ; Zhang LM; Li YF,10.1016/j.neuropharm.2018.05.027,"5-HT6 receptor agonist and memory-enhancing properties of hypidone hydrochloride (YL-0919), a novel 5-HT1A receptor partial agonist and SSRI.",https://pubmed.ncbi.nlm.nih.gov/29805118/,,5312149,CC1=C(SC2=C1C=C(C=C2)Cl)S(=O)(=O)NC3=CC(=C(C=C3)OC)N4CCNCC4,15,SB-271046 has experimental receptor evidence involving 5-HT6 receptor and is being evaluated as a possible GPR62 candidate.,Review pharmacology and consider experimental testing,https://pubmed.ncbi.nlm.nih.gov/29805118/
69,SB-271046,5-HT6 exploratory candidate,5-HT6 receptor,No,No,No,No,Yes,0.4856181740760803,Low,Direct receptor evidence,C,The 5-HT6R agonist E-6837 and the antagonist SB-271046 reverse the psychotic-like behaviors induced by ketamine.,0.4781518131494522,50,0.25,PubMed,2018,29204799,,"Cognitive, affective & behavioral neuroscience",Geng F; Tian J; Wu JL; Luo Y; Zou WJ; Peng C; Lu GF,10.3758/s13415-017-0552-6,Dorsomedial prefrontal cortex 5-HT6 receptors regulate anxiety-like behavior.,https://pubmed.ncbi.nlm.nih.gov/29204799/,,5312149,CC1=C(SC2=C1C=C(C=C2)Cl)S(=O)(=O)NC3=CC(=C(C=C3)OC)N4CCNCC4,15,SB-271046 has experimental receptor evidence involving 5-HT6 receptor and is being evaluated as a possible GPR62 candidate.,Review pharmacology and consider experimental testing,https://pubmed.ncbi.nlm.nih.gov/29204799/
69,SB-271046,5-HT6 exploratory candidate,5-HT6 receptor,No,No,No,No,Yes,0.4856181740760803,Low,Direct receptor evidence,C,The 5-HT6R agonist E-6837 and the antagonist SB-271046 reverse the psychotic-like behaviors induced by ketamine.,0.4781518131494522,50,0.25,PubMed + PMC,2017,28931427,PMC5607612,Alzheimer's research & therapy,Hu L; Wang B; Zhang Y,10.1186/s13195-017-0304-4,Serotonin 5-HT6 receptors affect cognition in a mouse model of Alzheimer's disease by regulating cilia function.,https://pubmed.ncbi.nlm.nih.gov/28931427/,https://pmc.ncbi.nlm.nih.gov/articles/PMC5607612/,5312149,CC1=C(SC2=C1C=C(C=C2)Cl)S(=O)(=O)NC3=CC(=C(C=C3)OC)N4CCNCC4,15,SB-271046 has experimental receptor evidence involving 5-HT6 receptor and is being evaluated as a possible GPR62 candidate.,Review pharmacology and consider experimental testing,https://pubmed.ncbi.nlm.nih.gov/28931427/
69,SB-271046,5-HT6 exploratory candidate,5-HT6 receptor,No,No,No,No,Yes,0.4856181740760803,Low,Direct receptor evidence,C,The 5-HT6R agonist E-6837 and the antagonist SB-271046 reverse the psychotic-like behaviors induced by ketamine.,0.4781518131494522,50,0.25,PubMed,2017,28704275,,Behavioural pharmacology,Suárez-Santiago JE; Briones-Aranda A; Espinosa-Raya J; Picazo O,10.1097/FBP.0000000000000327,Agonist E-6837 and antagonist SB-271046 of 5-HT6 receptors both reverse the depressive-like effect induced in mice by subchronic ketamine administration.,https://pubmed.ncbi.nlm.nih.gov/28704275/,,5312149,CC1=C(SC2=C1C=C(C=C2)Cl)S(=O)(=O)NC3=CC(=C(C=C3)OC)N4CCNCC4,15,SB-271046 has experimental receptor evidence involving 5-HT6 receptor and is being evaluated as a possible GPR62 candidate.,Review pharmacology and consider experimental testing,https://pubmed.ncbi.nlm.nih.gov/28704275/
69,SB-271046,5-HT6 exploratory candidate,5-HT6 receptor,No,No,No,No,Yes,0.4856181740760803,Low,Direct receptor evidence,C,The 5-HT6R agonist E-6837 and the antagonist SB-271046 reverse the psychotic-like behaviors induced by ketamine.,0.4781518131494522,50,0.25,PubMed,2017,27373846,,Pharmacological research,Asselot R; Simon-O'Brien E; Lebourgeois S; Nee G; Delaunay V; Duchatelle P; Bouet V; Dauphin F,10.1016/j.phrs.2016.06.009,Time-dependent impact of glutamatergic modulators on the promnesiant effect of 5-HT6R blockade on mice recognition memory.,https://pubmed.ncbi.nlm.nih.gov/27373846/,,5312149,CC1=C(SC2=C1C=C(C=C2)Cl)S(=O)(=O)NC3=CC(=C(C=C3)OC)N4CCNCC4,15,SB-271046 has experimental receptor evidence involving 5-HT6 receptor and is being evaluated as a possible GPR62 candidate.,Review pharmacology and consider experimental testing,https://pubmed.ncbi.nlm.nih.gov/27373846/
69,SB-271046,5-HT6 exploratory candidate,5-HT6 receptor,No,No,No,No,Yes,0.4856181740760803,Low,Direct receptor evidence,C,The 5-HT6R agonist E-6837 and the antagonist SB-271046 reverse the psychotic-like behaviors induced by ketamine.,0.4781518131494522,50,0.25,PubMed,2015,26187692,,Behavioural brain research,Quiedeville A; Boulouard M; Hamidouche K; Da Silva Costa-Aze V; Nee G; Rochais C; Dallemagne P; Fabis F; Freret T; Bouet V,10.1016/j.bbr.2015.07.020,Chronic activation of 5-HT4 receptors or blockade of 5-HT6 receptors improve memory performances.,https://pubmed.ncbi.nlm.nih.gov/26187692/,,5312149,CC1=C(SC2=C1C=C(C=C2)Cl)S(=O)(=O)NC3=CC(=C(C=C3)OC)N4CCNCC4,15,SB-271046 has experimental receptor evidence involving 5-HT6 receptor and is being evaluated as a possible GPR62 candidate.,Review pharmacology and consider experimental testing,https://pubmed.ncbi.nlm.nih.gov/26187692/
69,SB-271046,5-HT6 exploratory candidate,5-HT6 receptor,No,No,No,No,Yes,0.4856181740760803,Low,Direct receptor evidence,C,The 5-HT6R agonist E-6837 and the antagonist SB-271046 reverse the psychotic-like behaviors induced by ketamine.,0.4781518131494522,50,0.25,PubMed,2015,26077660,,Naunyn-Schmiedeberg's archives of pharmacology,Jastrzębska-Więsek M; Siwek A; Partyka A; Szewczyk B; Sowa-Kućma M; Wasik A; Kołaczkowski M; Wesołowska A,10.1007/s00210-015-1141-2,"Antidepressant-like activity of EMD 386088, a 5-HT6 receptor partial agonist, following systemic acute and chronic administration to rats.",https://pubmed.ncbi.nlm.nih.gov/26077660/,,5312149,CC1=C(SC2=C1C=C(C=C2)Cl)S(=O)(=O)NC3=CC(=C(C=C3)OC)N4CCNCC4,15,SB-271046 has experimental receptor evidence involving 5-HT6 receptor and is being evaluated as a possible GPR62 candidate.,Review pharmacology and consider experimental testing,https://pubmed.ncbi.nlm.nih.gov/26077660/
69,SB-271046,5-HT6 exploratory candidate,5-HT6 receptor,No,No,No,No,Yes,0.4856181740760803,Low,Direct receptor evidence,C,The 5-HT6R agonist E-6837 and the antagonist SB-271046 reverse the psychotic-like behaviors induced by ketamine.,0.4781518131494522,50,0.25,PubMed,2015,25735994,,"Journal of psychopharmacology (Oxford, England)",Borsini F; Bordi F; Poggi A; Di Matteo V,10.1177/0269881115573804,"Effects of ST1936, a selective serotonin-6 agonist, on electrical activity of putative mesencephalic dopaminergic neurons in the rat brain.",https://pubmed.ncbi.nlm.nih.gov/25735994/,,5312149,CC1=C(SC2=C1C=C(C=C2)Cl)S(=O)(=O)NC3=CC(=C(C=C3)OC)N4CCNCC4,15,SB-271046 has experimental receptor evidence involving 5-HT6 receptor and is being evaluated as a possible GPR62 candidate.,Review pharmacology and consider experimental testing,https://pubmed.ncbi.nlm.nih.gov/25735994/
69,SB-271046,5-HT6 exploratory candidate,5-HT6 receptor,No,No,No,No,Yes,0.4856181740760803,Low,Direct receptor evidence,C,The 5-HT6R agonist E-6837 and the antagonist SB-271046 reverse the psychotic-like behaviors induced by ketamine.,0.4781518131494522,50,0.25,PubMed,2014,24905144,,Neuropharmacology,Jastrzębska-Więsek M; Siwek A; Partyka A; Kubacka M; Mogilski S; Wasik A; Kołaczkowski M; Wesołowska A,10.1016/j.neuropharm.2014.05.036,"Pharmacological evaluation of the anxiolytic-like effects of EMD 386088, a partial 5-HT6 receptor agonist, in the rat elevated plus-maze and Vogel conflict tests.",https://pubmed.ncbi.nlm.nih.gov/24905144/,,5312149,CC1=C(SC2=C1C=C(C=C2)Cl)S(=O)(=O)NC3=CC(=C(C=C3)OC)N4CCNCC4,15,SB-271046 has experimental receptor evidence involving 5-HT6 receptor and is being evaluated as a possible GPR62 candidate.,Review pharmacology and consider experimental testing,https://pubmed.ncbi.nlm.nih.gov/24905144/
69,SB-271046,5-HT6 exploratory candidate,5-HT6 receptor,No,No,No,No,Yes,0.4856181740760803,Low,Direct receptor evidence,C,The 5-HT6R agonist E-6837 and the antagonist SB-271046 reverse the psychotic-like behaviors induced by ketamine.,0.4781518131494522,50,0.25,PubMed + PMC,2014,23954911,PMC3889519,Psychopharmacology,Fijał K; Popik P; Nikiforuk A,10.1007/s00213-013-3234-2,"Co-administration of 5-HT6 receptor antagonists with clozapine, risperidone, and a 5-HT2A receptor antagonist: effects on prepulse inhibition in rats.",https://pubmed.ncbi.nlm.nih.gov/23954911/,https://pmc.ncbi.nlm.nih.gov/articles/PMC3889519/,5312149,CC1=C(SC2=C1C=C(C=C2)Cl)S(=O)(=O)NC3=CC(=C(C=C3)OC)N4CCNCC4,15,SB-271046 has experimental receptor evidence involving 5-HT6 receptor and is being evaluated as a possible GPR62 candidate.,Review pharmacology and consider experimental testing,https://pubmed.ncbi.nlm.nih.gov/23954911/
70,GR 113808,5-HT6 exploratory candidate,5-HT6 receptor,No,No,No,No,Yes,0.6115068197250366,Low,Unvalidated,E,,0.4779794328212738,9,0.25,PubMed,2017,28628851,,Pharmacological reports : PR,Pineda-Farias JB; Barragán-Iglesias P; Valdivieso-Sánchez A; Rodríguez-Silverio J; Flores-Murrieta FJ; Granados-Soto V; Rocha-González HI,10.1016/j.pharep.2017.04.001,Spinal 5-HT4 and 5-HT6 receptors contribute to the maintenance of neuropathic pain in rats.,https://pubmed.ncbi.nlm.nih.gov/28628851/,,119376,CN1C=C(C2=CC=CC=C21)C(=O)OCC3CCN(CC3)CCNS(=O)(=O)C,3,GR 113808 currently has an ML prediction but requires stronger receptor-specific literature validation.,Literature validation needed before experimental priority,https://pubmed.ncbi.nlm.nih.gov/28628851/
70,GR 113808,5-HT6 exploratory candidate,5-HT6 receptor,No,No,No,No,Yes,0.6115068197250366,Low,Unvalidated,E,,0.4779794328212738,9,0.25,PubMed,2015,25932719,,Behavioural pharmacology,Hasebe S; Ago Y; Nishiyama S; Oka S; Hashimoto H; Takuma K; Matsuda T,10.1097/FBP.0000000000000140,Pharmacological profile of encounter-induced hyperactivity in isolation-reared mice.,https://pubmed.ncbi.nlm.nih.gov/25932719/,,119376,CN1C=C(C2=CC=CC=C21)C(=O)OCC3CCN(CC3)CCNS(=O)(=O)C,3,GR 113808 currently has an ML prediction but requires stronger receptor-specific literature validation.,Literature validation needed before experimental priority,https://pubmed.ncbi.nlm.nih.gov/25932719/
70,GR 113808,5-HT6 exploratory candidate,5-HT6 receptor,No,No,No,No,Yes,0.6115068197250366,Low,Unvalidated,E,,0.4779794328212738,9,0.25,PubMed,2013,25287308,,Acta neuropsychiatrica,Masuda T; Nishikawa H; Inoue T; Toda H; Nakagawa S; Boku S; Koyama T,10.1111/j.1601-5215.2012.00669.x,"5-HT depletion, but not 5-HT1A antagonist, prevents the anxiolytic-like effect of citalopram in rat contextual conditioned fear stress model.",https://pubmed.ncbi.nlm.nih.gov/25287308/,,119376,CN1C=C(C2=CC=CC=C21)C(=O)OCC3CCN(CC3)CCNS(=O)(=O)C,3,GR 113808 currently has an ML prediction but requires stronger receptor-specific literature validation.,Literature validation needed before experimental priority,https://pubmed.ncbi.nlm.nih.gov/25287308/
71,RSL3,MT2-related exploratory candidate,MT2 receptor,No,No,No,Yes,No,0.5361976027488708,Low,Unvalidated,E,,0.47552844178676607,1,0.5,PubMed,2025,40945137,,Journal of trace elements in medicine and biology : organ of the Society for Minerals and Trace Elements (GMS),Hua S; Song S; Yang C; Xu J; Li Z; Zhu B; Hua Z,10.1016/j.jtemb.2025.127746,Metallothionein 2A alleviates ulcerative colitis by inhibiting ferroptosis in intestinal epithelial cells with Tfrc downregulation.,https://pubmed.ncbi.nlm.nih.gov/40945137/,,89084603,COC(=O)C1CC2C(C(N1C(=O)CCl)C3=CC=C(C=C3)C(=O)OC)NC4=CC=CC=C24,1,RSL3 currently has an ML prediction but requires stronger receptor-specific literature validation.,Literature validation needed before experimental priority,https://pubmed.ncbi.nlm.nih.gov/40945137/
72,GW117,MT2-related exploratory candidate,MT2 receptor,No,No,No,Yes,No,0.5114737749099731,Low,Indirect/context evidence,D,Mechanism of GW117 antidepressant action: melatonin receptor-mediated regulation of sleep rhythm.,0.4754579536914826,9,0.5,PubMed,2025,39613193,,"Pharmacology, biochemistry, and behavior",Yang YQ; Tiliwaerde M; Gao NN; Gu W; Zhang TT; Jin ZL,10.1016/j.pbb.2024.173927,GW117 induces anxiolytic effects by improving hippocampal functions.,https://pubmed.ncbi.nlm.nih.gov/39613193/,,177678473,CC(=O)NCCC1=CC=CC2=CC(=C(C=C21)OC)Cl,3,"GW117 appears in literature related to MT2 receptor, but direct receptor interaction has not been established.",Review full article for direct receptor evidence,https://pubmed.ncbi.nlm.nih.gov/39613193/
72,GW117,MT2-related exploratory candidate,MT2 receptor,No,No,No,Yes,No,0.5114737749099731,Low,Indirect/context evidence,D,Mechanism of GW117 antidepressant action: melatonin receptor-mediated regulation of sleep rhythm.,0.4754579536914826,9,0.5,PubMed,2024,38160931,,European journal of pharmacology,Yang YQ; Tiliwaerde M; Gao NN; Zhang TT; Ji HX; Gu W; Jin ZL,10.1016/j.ejphar.2023.176299,Mechanism of GW117 antidepressant action: melatonin receptor-mediated regulation of sleep rhythm.,https://pubmed.ncbi.nlm.nih.gov/38160931/,,177678473,CC(=O)NCCC1=CC=CC2=CC(=C(C=C21)OC)Cl,3,"GW117 appears in literature related to MT2 receptor, but direct receptor interaction has not been established.",Review full article for direct receptor evidence,https://pubmed.ncbi.nlm.nih.gov/38160931/
72,GW117,MT2-related exploratory candidate,MT2 receptor,No,No,No,Yes,No,0.5114737749099731,Low,Indirect/context evidence,D,Mechanism of GW117 antidepressant action: melatonin receptor-mediated regulation of sleep rhythm.,0.4754579536914826,9,0.5,PubMed + PMC,2023,36915542,PMC10006472,Heliyon,Gao M; Ma H; Liu T; Cao C; Zheng Z; Tang L; Gu W; Zhang D; Sun H,10.1016/j.heliyon.2023.e14026,Acute toxicity and genotoxicity studies on new melatonergic antidepressant GW117.,https://pubmed.ncbi.nlm.nih.gov/36915542/,https://pmc.ncbi.nlm.nih.gov/articles/PMC10006472/,177678473,CC(=O)NCCC1=CC=CC2=CC(=C(C=C21)OC)Cl,3,"GW117 appears in literature related to MT2 receptor, but direct receptor interaction has not been established.",Review full article for direct receptor evidence,https://pubmed.ncbi.nlm.nih.gov/36915542/
73,4-phenyl-2-propionamidotetralin,MT2-related exploratory candidate,MT2 receptor,No,No,No,Yes,No,0.48708274960517883,Low,Unvalidated,E,,0.44760378724336625,3,0.5,PubMed,2024,38246330,,European journal of pharmacology,Kim JI; Cheon HG,10.1016/j.ejphar.2024.176337,Melatonin ameliorates hepatic fibrosis via the melatonin receptor 2-mediated upregulation of BMAL1 and anti-oxidative enzymes.,https://pubmed.ncbi.nlm.nih.gov/38246330/,,3976006,CCC(=O)NC1CC(C2=CC=CC=C2C1)C3=CC=CC=C3,1,4-phenyl-2-propionamidotetralin currently has an ML prediction but requires stronger receptor-specific literature validation.,Literature validation needed before experimental priority,https://pubmed.ncbi.nlm.nih.gov/38246330/
74,4P-PDOT,MT2-related exploratory candidate,MT2 receptor,No,No,No,Yes,No,0.48708274960517883,Low,Unvalidated,E,,0.44760378724336625,3,0.5,PubMed + PMC,2024,38125360,PMC10731399,Experimental and therapeutic medicine,Yan L; Han X; Zhang M; Kou H; Liu H; Cheng T,10.3892/etm.2023.12325,Melatonin exerts neuroprotective effects in mice with spinal cord injury by activating the Nrf2/Keap1 signaling pathway via the MT2 receptor.,https://pubmed.ncbi.nlm.nih.gov/38125360/,https://pmc.ncbi.nlm.nih.gov/articles/PMC10731399/,3976006,CCC(=O)NC1CC(C2=CC=CC=C2C1)C3=CC=CC=C3,1,4P-PDOT currently has an ML prediction but requires stronger receptor-specific literature validation.,Literature validation needed before experimental priority,https://pubmed.ncbi.nlm.nih.gov/38125360/
75,sertindole,5-HT6 exploratory candidate,5-HT6 receptor,No,No,No,No,Yes,0.572147786617279,Low,Unvalidated,E,,0.4403960613012314,3,0.25,PubMed + PMC,2018,30361678,PMC6202417,Scientific reports,Zhang W; Zhang C; Liu F; Mao Y; Xu W; Fan T; Sun Q; He S; Chen Y; Guo W; Tan Y; Jiang Y,10.1038/s41598-018-33740-0,Antiproliferative activities of the second-generation antipsychotic drug sertindole against breast cancers with a potential application for treatment of breast-to-brain metastases.,https://pubmed.ncbi.nlm.nih.gov/30361678/,https://pmc.ncbi.nlm.nih.gov/articles/PMC6202417/,60149,C1CN(CCC1C2=CN(C3=C2C=C(C=C3)Cl)C4=CC=C(C=C4)F)CCN5CCNC5=O,1,sertindole currently has an ML prediction but requires stronger receptor-specific literature validation.,Literature validation needed before experimental priority,https://pubmed.ncbi.nlm.nih.gov/30361678/
76,Fentanyl,MT2-related exploratory candidate,MT2 receptor,No,No,No,Yes,No,0.4669545292854309,Low,Unvalidated,E,,0.4305204440355301,1,0.5,PubMed,2022,36279602,,Virology,Yan J; Nie DH; Bai CS; Rehman A; Yang A; Mou XL; Zhang YQ; Xu YQ; Xiang QQ; Ren YT; Xu JL; Wang MR; Feng Y; Chen XP; Xiong Y; Hu HT; Xiong HR; Hou W,10.1016/j.virol.2022.10.004,Fentanyl enhances HIV infection in vitro.,https://pubmed.ncbi.nlm.nih.gov/36279602/,,3345,CCC(=O)N(C1CCN(CC1)CCC2=CC=CC=C2)C3=CC=CC=C3,1,Fentanyl currently has an ML prediction but requires stronger receptor-specific literature validation.,Literature validation needed before experimental priority,https://pubmed.ncbi.nlm.nih.gov/36279602/
77,TyG,MT2-related exploratory candidate,MT2 receptor,No,No,No,Yes,No,0.4464787542819977,Low,Unvalidated,E,,0.4212111902832985,3,0.5,PubMed + PMC,2024,38864120,PMC11167541,Beijing da xue xue bao. Yi xue ban = Journal of Peking University. Health sciences,Guo H; Peng H; Wang S; Hou T; Li Y; Zhang H; Wang M; Wu Y; Qin X; Tang X; Li J; Chen D; Hu Y; Wu T,10.19723/j.issn.1671-167X.2024.03.001,[A ssociations of short-term ambient particulate matter exposure and MTNR1B gene with triglyceride-glucose index: A family-based study].,https://pubmed.ncbi.nlm.nih.gov/38864120/,https://pmc.ncbi.nlm.nih.gov/articles/PMC11167541/,155818515,CC1=C2C(=CC=C1)C(=O)NC(=N2)CSC3=CC=NC=C3,1,TyG currently has an ML prediction but requires stronger receptor-specific literature validation.,Literature validation needed before experimental priority,https://pubmed.ncbi.nlm.nih.gov/38864120/
78,tasimelteon,MT2-related exploratory candidate,MT2 receptor,No,No,No,Yes,No,0.43170544505119324,Low,Unvalidated,E,,0.41960853928327563,7,0.5,PubMed,2026,42334777,,"Cellular oncology (Dordrecht, Netherlands)",Chen Y; Li J; Yang H; Liang H; Shi J; Li Q; Liu Q; Liu J; Zhang X; Xu H; Piao H,10.1007/s13402-026-01244-z,Tasimelteon inhibits glioma proliferation by inducing ferroptosis via the SP1/ACSL4 pathway.,https://pubmed.ncbi.nlm.nih.gov/42334777/,,10220503,CCC(=O)NCC1CC1C2=C3CCOC3=CC=C2,3,tasimelteon currently has an ML prediction but requires stronger receptor-specific literature validation.,Literature validation needed before experimental priority,https://pubmed.ncbi.nlm.nih.gov/42334777/
78,tasimelteon,MT2-related exploratory candidate,MT2 receptor,No,No,No,Yes,No,0.43170544505119324,Low,Unvalidated,E,,0.41960853928327563,7,0.5,PubMed + PMC,2025,41011705,PMC12472680,"Molecules (Basel, Switzerland)",Żełabowski K; Pichowicz W; Skowron I; Szwach J; Biedka K; Wesołowski M; Błaszczyk K; Ziobro O; Petrov W; Kukula-Koch W; Chłopaś-Konowałek A,10.3390/molecules30183814,"The Efficacy of Melatonergic Receptor Agonists Used in Clinical Practice in Insomnia Treatment: Melatonin, Tasimelteon, Ramelteon, Agomelatine, and Selected Herbs.",https://pubmed.ncbi.nlm.nih.gov/41011705/,https://pmc.ncbi.nlm.nih.gov/articles/PMC12472680/,10220503,CCC(=O)NCC1CC1C2=C3CCOC3=CC=C2,3,tasimelteon currently has an ML prediction but requires stronger receptor-specific literature validation.,Literature validation needed before experimental priority,https://pubmed.ncbi.nlm.nih.gov/41011705/
78,tasimelteon,MT2-related exploratory candidate,MT2 receptor,No,No,No,Yes,No,0.43170544505119324,Low,Unvalidated,E,,0.41960853928327563,7,0.5,PubMed + PMC,2022,36632077,PMC9810491,Translational and clinical pharmacology,Kim HK; Yang KI,10.12793/tcp.2022.30.e21,Melatonin and melatonergic drugs in sleep disorders.,https://pubmed.ncbi.nlm.nih.gov/36632077/,https://pmc.ncbi.nlm.nih.gov/articles/PMC9810491/,10220503,CCC(=O)NCC1CC1C2=C3CCOC3=CC=C2,3,tasimelteon currently has an ML prediction but requires stronger receptor-specific literature validation.,Literature validation needed before experimental priority,https://pubmed.ncbi.nlm.nih.gov/36632077/
79,2-Phenyl-1H-pyrrole-3-carboxamide,5-HT6 exploratory candidate,5-HT6 receptor,No,No,No,No,Yes,0.5277723670005798,Low,Direct receptor evidence,C,2-Phenyl-1H-pyrrole-3-carboxamide as a New Scaffold for Developing 5-HT6 Receptor Inverse Agonists with Cognition-Enhancing Activity.,0.4195520385503769,7,0.25,PubMed + PMC,2021,33705101,PMC8041276,ACS chemical neuroscience,Drop M; Canale V; Chaumont-Dubel S; Kurczab R; Satała G; Bantreil X; Walczak M; Koczurkiewicz-Adamczyk P; Latacz G; Gwizdak A; Krawczyk M; Gołębiowska J; Grychowska K; Bojarski AJ; Nikiforuk A; Subra G; Martinez J; Pawłowski M; Popik P; Marin P; Lamaty F; Zajdel P,10.1021/acschemneuro.1c00061,2-Phenyl-1H-pyrrole-3-carboxamide as a New Scaffold for Developing 5-HT6 Receptor Inverse Agonists with Cognition-Enhancing Activity.,https://pubmed.ncbi.nlm.nih.gov/33705101/,https://pmc.ncbi.nlm.nih.gov/articles/PMC8041276/,57029978,C1=CC=C(C=C1)C2=C(C=CN2)C(=O)N,1,2-Phenyl-1H-pyrrole-3-carboxamide has experimental receptor evidence involving 5-HT6 receptor and is being evaluated as a possible GPR62 candidate.,Review pharmacology and consider experimental testing,https://pubmed.ncbi.nlm.nih.gov/33705101/
80,phenylsulfonylindole,5-HT6 exploratory candidate,5-HT6 receptor,No,No,No,No,Yes,0.5354917645454407,Low,Unvalidated,E,,0.41656964695453647,3,0.25,PubMed,2023,37003157,,Bioorganic & medicinal chemistry,Asproni B; Catto M; Loriga G; Murineddu G; Corona P; Purgatorio R; Cichero E; Fossa P; Scarano N; Martínez AL; Brea J; Pinna GA,10.1016/j.bmc.2023.117256,Novel thienocycloalkylpyridazinones as useful scaffolds for acetylcholinesterase inhibition and serotonin 5-HT6 receptor interaction.,https://pubmed.ncbi.nlm.nih.gov/37003157/,,6422846,C1=CC=C(C=C1)S(=O)(=O)C2=CC3=CC=CC=C3N2,1,phenylsulfonylindole currently has an ML prediction but requires stronger receptor-specific literature validation.,Literature validation needed before experimental priority,https://pubmed.ncbi.nlm.nih.gov/37003157/
81,Gabapentin,5-HT6 exploratory candidate,5-HT6 receptor,No,No,No,No,Yes,0.473403662443161,Low,Direct receptor evidence,C,5-HT6 receptor antagonist attenuates the memory deficits associated with neuropathic pain and improves the efficacy of gabapentinoids.,0.41221238058805465,21,0.25,PubMed,2015,26398388,,Pharmacological reports : PR,Jayarajan P; Nirogi R; Shinde A; Goura V; Babu VA; Yathavakilla S; Bhyrapuneni G,10.1016/j.pharep.2015.03.013,5-HT6 receptor antagonist attenuates the memory deficits associated with neuropathic pain and improves the efficacy of gabapentinoids.,https://pubmed.ncbi.nlm.nih.gov/26398388/,,3446,C1CCC(CC1)(CC(=O)O)CN,1,Gabapentin has experimental receptor evidence involving 5-HT6 receptor and is being evaluated as a possible GPR62 candidate.,Review pharmacology and consider experimental testing,https://pubmed.ncbi.nlm.nih.gov/26398388/
82,"1H-Pyrrolo[3,2-c]quinoline",5-HT6 exploratory candidate,5-HT6 receptor,No,No,No,No,Yes,0.5146197080612183,Low,Direct receptor evidence,C,"Novel 1H-Pyrrolo[3,2-c]quinoline Based 5-HT6 Receptor Antagonists with Potential Application for the Treatment of Cognitive Disorders Associated with Alzheimer's Disease.",0.4110028102397919,7,0.25,PubMed + PMC,2021,33705101,PMC8041276,ACS chemical neuroscience,Drop M; Canale V; Chaumont-Dubel S; Kurczab R; Satała G; Bantreil X; Walczak M; Koczurkiewicz-Adamczyk P; Latacz G; Gwizdak A; Krawczyk M; Gołębiowska J; Grychowska K; Bojarski AJ; Nikiforuk A; Subra G; Martinez J; Pawłowski M; Popik P; Marin P; Lamaty F; Zajdel P,10.1021/acschemneuro.1c00061,2-Phenyl-1H-pyrrole-3-carboxamide as a New Scaffold for Developing 5-HT6 Receptor Inverse Agonists with Cognition-Enhancing Activity.,https://pubmed.ncbi.nlm.nih.gov/33705101/,https://pmc.ncbi.nlm.nih.gov/articles/PMC8041276/,21252340,C1=CC=C2C(=C1)C3=C(C=CN3)C=N2,2,"1H-Pyrrolo[3,2-c]quinoline has experimental receptor evidence involving 5-HT6 receptor and is being evaluated as a possible GPR62 candidate.",Review pharmacology and consider experimental testing,https://pubmed.ncbi.nlm.nih.gov/33705101/
82,"1H-Pyrrolo[3,2-c]quinoline",5-HT6 exploratory candidate,5-HT6 receptor,No,No,No,No,Yes,0.5146197080612183,Low,Direct receptor evidence,C,"Novel 1H-Pyrrolo[3,2-c]quinoline Based 5-HT6 Receptor Antagonists with Potential Application for the Treatment of Cognitive Disorders Associated with Alzheimer's Disease.",0.4110028102397919,7,0.25,PubMed,2016,27100049,,ACS chemical neuroscience,Grychowska K; Satała G; Kos T; Partyka A; Colacino E; Chaumont-Dubel S; Bantreil X; Wesołowska A; Pawłowski M; Martinez J; Marin P; Subra G; Bojarski AJ; Lamaty F; Popik P; Zajdel P,10.1021/acschemneuro.6b00090,"Novel 1H-Pyrrolo[3,2-c]quinoline Based 5-HT6 Receptor Antagonists with Potential Application for the Treatment of Cognitive Disorders Associated with Alzheimer's Disease.",https://pubmed.ncbi.nlm.nih.gov/27100049/,,21252340,C1=CC=C2C(=C1)C3=C(C=CN3)C=N2,2,"1H-Pyrrolo[3,2-c]quinoline has experimental receptor evidence involving 5-HT6 receptor and is being evaluated as a possible GPR62 candidate.",Review pharmacology and consider experimental testing,https://pubmed.ncbi.nlm.nih.gov/27100049/
83,Risperidone,5-HT6 exploratory candidate,5-HT6 receptor,No,No,No,No,Yes,0.4690696895122528,Low,Indirect/context evidence,D,Effect of 5-HT6 Receptor Ligands Combined with Haloperidol or Risperidone on Antidepressant-/Anxiolytic-Like Behavior and BDNF Regulation in Hippocampus and Prefrontal Cortex of Rats.,0.40939529818296433,21,0.25,PubMed + PMC,2023,37259305,PMC9967858,"Pharmaceuticals (Basel, Switzerland)",Partyka A; Górecka K; Gdula-Argasińska J; Wilczyńska-Zawal N; Jastrzębska-Więsek M; Wesołowska A,10.3390/ph16020154,Selective 5-HT6 Receptor Ligands (Agonist and Antagonist) Show Different Effects on Antipsychotic Drug-Induced Metabolic Dysfunctions in Rats.,https://pubmed.ncbi.nlm.nih.gov/37259305/,https://pmc.ncbi.nlm.nih.gov/articles/PMC9967858/,5073,CC1=C(C(=O)N2CCCCC2=N1)CCN3CCC(CC3)C4=NOC5=C4C=CC(=C5)F,4,"Risperidone appears in literature related to 5-HT6 receptor, but direct receptor interaction has not been established.",Review full article for direct receptor evidence,https://pubmed.ncbi.nlm.nih.gov/37259305/
83,Risperidone,5-HT6 exploratory candidate,5-HT6 receptor,No,No,No,No,Yes,0.4690696895122528,Low,Indirect/context evidence,D,Effect of 5-HT6 Receptor Ligands Combined with Haloperidol or Risperidone on Antidepressant-/Anxiolytic-Like Behavior and BDNF Regulation in Hippocampus and Prefrontal Cortex of Rats.,0.40939529818296433,21,0.25,PubMed + PMC,2021,34211274,PMC8240864,Neuropsychiatric disease and treatment,Wesołowska A; Rychtyk J; Gdula-Argasińska J; Górecka K; Wilczyńska-Zawal N; Jastrzębska-Więsek M; Partyka A,10.2147/NDT.S309818,Effect of 5-HT6 Receptor Ligands Combined with Haloperidol or Risperidone on Antidepressant-/Anxiolytic-Like Behavior and BDNF Regulation in Hippocampus and Prefrontal Cortex of Rats.,https://pubmed.ncbi.nlm.nih.gov/34211274/,https://pmc.ncbi.nlm.nih.gov/articles/PMC8240864/,5073,CC1=C(C(=O)N2CCCCC2=N1)CCN3CCC(CC3)C4=NOC5=C4C=CC(=C5)F,4,"Risperidone appears in literature related to 5-HT6 receptor, but direct receptor interaction has not been established.",Review full article for direct receptor evidence,https://pubmed.ncbi.nlm.nih.gov/34211274/
83,Risperidone,5-HT6 exploratory candidate,5-HT6 receptor,No,No,No,No,Yes,0.4690696895122528,Low,Indirect/context evidence,D,Effect of 5-HT6 Receptor Ligands Combined with Haloperidol or Risperidone on Antidepressant-/Anxiolytic-Like Behavior and BDNF Regulation in Hippocampus and Prefrontal Cortex of Rats.,0.40939529818296433,21,0.25,PubMed,2020,31760336,,Psychiatry research. Neuroimaging,Radhakrishnan R; Matuskey D; Nabulsi N; Gaiser E; Gallezot JD; Henry S; Planeta B; Lin SF; Ropchan J; Huang Y; Carson RE; D'Souza DC,10.1016/j.pscychresns.2019.111007,In vivo 5-HT6 and 5-HT2A receptor availability in antipsychotic treated schizophrenia patients vs. unmedicated healthy humans measured with [11C]GSK215083 PET.,https://pubmed.ncbi.nlm.nih.gov/31760336/,,5073,CC1=C(C(=O)N2CCCCC2=N1)CCN3CCC(CC3)C4=NOC5=C4C=CC(=C5)F,4,"Risperidone appears in literature related to 5-HT6 receptor, but direct receptor interaction has not been established.",Review full article for direct receptor evidence,https://pubmed.ncbi.nlm.nih.gov/31760336/
83,Risperidone,5-HT6 exploratory candidate,5-HT6 receptor,No,No,No,No,Yes,0.4690696895122528,Low,Indirect/context evidence,D,Effect of 5-HT6 Receptor Ligands Combined with Haloperidol or Risperidone on Antidepressant-/Anxiolytic-Like Behavior and BDNF Regulation in Hippocampus and Prefrontal Cortex of Rats.,0.40939529818296433,21,0.25,PubMed + PMC,2014,23954911,PMC3889519,Psychopharmacology,Fijał K; Popik P; Nikiforuk A,10.1007/s00213-013-3234-2,"Co-administration of 5-HT6 receptor antagonists with clozapine, risperidone, and a 5-HT2A receptor antagonist: effects on prepulse inhibition in rats.",https://pubmed.ncbi.nlm.nih.gov/23954911/,https://pmc.ncbi.nlm.nih.gov/articles/PMC3889519/,5073,CC1=C(C(=O)N2CCCCC2=N1)CCN3CCC(CC3)C4=NOC5=C4C=CC(=C5)F,4,"Risperidone appears in literature related to 5-HT6 receptor, but direct receptor interaction has not been established.",Review full article for direct receptor evidence,https://pubmed.ncbi.nlm.nih.gov/23954911/
84,m6A,MT2-related exploratory candidate,MT2 receptor,No,No,No,Yes,No,0.4130800664424896,Low,Unvalidated,E,,0.3955020431876183,1,0.5,PubMed + PMC,2024,38725850,PMC11077364,International journal of biological sciences,Li Y; Ma B; Wang Z; Chen Y; Dong Y,10.7150/ijbs.95316,The Effect Mechanism of N6-adenosine Methylation (m6A) in Melatonin Regulated LPS-induced Colon Inflammation.,https://pubmed.ncbi.nlm.nih.gov/38725850/,https://pmc.ncbi.nlm.nih.gov/articles/PMC11077364/,102175,CNC1=C2C(=NC=N1)N(C=N2)C3C(C(C(O3)CO)O)O,1,m6A currently has an ML prediction but requires stronger receptor-specific literature validation.,Literature validation needed before experimental priority,https://pubmed.ncbi.nlm.nih.gov/38725850/
85,Amitriptyline,5-HT6 exploratory candidate,5-HT6 receptor,No,No,No,No,Yes,0.5013073086738586,Low,Unvalidated,E,,0.39434975063800815,3,0.25,PubMed,2018,30292720,,Pharmacological reports : PR,Jastrzębska-Więsek M; Gdula-Argasińska J; Siwek A; Partyka A; Szewczyk B; Kołaczkowski M; Wesołowska A,10.1016/j.pharep.2018.05.009,"Chronic antidepressant-like effect of EMD386088, a partial 5-HT6 receptor agonist, in olfactory bulbectomy model may be connected with BDNF and/or CREB signalling pathway.",https://pubmed.ncbi.nlm.nih.gov/30292720/,,2160,CN(C)CCC=C1C2=CC=CC=C2CCC3=CC=CC=C31,1,Amitriptyline currently has an ML prediction but requires stronger receptor-specific literature validation.,Literature validation needed before experimental priority,https://pubmed.ncbi.nlm.nih.gov/30292720/
86,Cocaine,MT2-related exploratory candidate,MT2 receptor,No,No,No,Yes,Yes,0.373700886964798,Low,Indirect/context evidence,D,Striatal 5-HT6 Receptors Regulate Cocaine Reinforcement in a Pathway-Selective Manner.,0.3859055765271187,9,0.5,PubMed,2023,36097970,,The world journal of biological psychiatry : the official journal of the World Federation of Societies of Biological Psychiatry,Barbosa-Méndez S; Perez-Sánchez G; Salazar-Juárez A,10.1080/15622975.2022.2123954,Agomelatine decreases cocaine-induced locomotor sensitisation and dopamine release in rats.,https://pubmed.ncbi.nlm.nih.gov/36097970/,,446220,CN1C2CCC1C(C(C2)OC(=O)C3=CC=CC=C3)C(=O)OC,2,"Cocaine appears in literature related to 5-HT6 receptor, MT2 receptor, but direct receptor interaction has not been established.",Review full article for direct receptor evidence,https://pubmed.ncbi.nlm.nih.gov/36097970/
86,Cocaine,MT2-related exploratory candidate,5-HT6 receptor,No,No,No,Yes,Yes,0.373700886964798,Low,Indirect/context evidence,D,Striatal 5-HT6 Receptors Regulate Cocaine Reinforcement in a Pathway-Selective Manner.,0.3859055765271187,9,0.5,PubMed + PMC,2016,27032690,PMC4946068,Neuropsychopharmacology : official publication of the American College of Neuropsychopharmacology,Brodsky M; Gibson AW; Smirnov D; Nair SG; Neumaier JF,10.1038/npp.2016.45,Striatal 5-HT6 Receptors Regulate Cocaine Reinforcement in a Pathway-Selective Manner.,https://pubmed.ncbi.nlm.nih.gov/27032690/,https://pmc.ncbi.nlm.nih.gov/articles/PMC4946068/,446220,CN1C2CCC1C(C(C2)OC(=O)C3=CC=CC=C3)C(=O)OC,2,"Cocaine appears in literature related to 5-HT6 receptor, MT2 receptor, but direct receptor interaction has not been established.",Review full article for direct receptor evidence,https://pubmed.ncbi.nlm.nih.gov/27032690/
87,Nevirapine,5-HT6 exploratory candidate,5-HT6 receptor,No,No,No,No,Yes,0.4881773591041565,Low,Unvalidated,E,,0.3818152834177017,1,0.25,PubMed + PMC,2016,27157251,PMC4914440,Pharmacological research,Dalwadi DA; Kim S; Amdani SM; Chen Z; Huang RQ; Schetz JA,10.1016/j.phrs.2016.04.028,Molecular mechanisms of serotonergic action of the HIV-1 antiretroviral efavirenz.,https://pubmed.ncbi.nlm.nih.gov/27157251/,https://pmc.ncbi.nlm.nih.gov/articles/PMC4914440/,4463,CC1=C2C(=NC=C1)N(C3=C(C=CC=N3)C(=O)N2)C4CC4,1,Nevirapine currently has an ML prediction but requires stronger receptor-specific literature validation.,Literature validation needed before experimental priority,https://pubmed.ncbi.nlm.nih.gov/27157251/
88,N-benzylpiperazine,5-HT6 exploratory candidate,5-HT6 receptor,No,No,No,No,Yes,0.4597321152687073,Low,Unvalidated,E,,0.36932587492465974,4,0.25,PubMed,2023,37003157,,Bioorganic & medicinal chemistry,Asproni B; Catto M; Loriga G; Murineddu G; Corona P; Purgatorio R; Cichero E; Fossa P; Scarano N; Martínez AL; Brea J; Pinna GA,10.1016/j.bmc.2023.117256,Novel thienocycloalkylpyridazinones as useful scaffolds for acetylcholinesterase inhibition and serotonin 5-HT6 receptor interaction.,https://pubmed.ncbi.nlm.nih.gov/37003157/,,75994,C1CN(CCN1)CC2=CC=CC=C2,1,N-benzylpiperazine currently has an ML prediction but requires stronger receptor-specific literature validation.,Literature validation needed before experimental priority,https://pubmed.ncbi.nlm.nih.gov/37003157/
89,SB-258585,5-HT6 exploratory candidate,5-HT6 receptor,No,No,No,No,Yes,0.3041353225708008,Low,Direct receptor evidence,C,SB-258585 reduces food motivation while blocking 5-HT6 receptors in the non-human primate striatum.,0.36018795967102046,95,0.25,PubMed,2025,40757510,,Journal of neurochemistry,Mokhtar N; Drop M; Delay L; Rondón LJ; Costerousse L; Chapuy E; Prival L; Lamaty F; Bantreil X; Canale V; Marin P; Zajdel P; Doly S; Courteix C,10.1111/jnc.70179,5-HT6 Receptor Inverse Agonists Modulate Diabetic Neuropathic Pain in Female Rats: Evidence for 5-HT6 Receptor Constitutive Activity.,https://pubmed.ncbi.nlm.nih.gov/40757510/,,3248571,CN1CCN(CC1)C2=C(C=CC(=C2)NS(=O)(=O)C3=CC=C(C=C3)I)OC,27,SB-258585 has experimental receptor evidence involving 5-HT6 receptor and is being evaluated as a possible GPR62 candidate.,Review pharmacology and consider experimental testing,https://pubmed.ncbi.nlm.nih.gov/40757510/
89,SB-258585,5-HT6 exploratory candidate,5-HT6 receptor,No,No,No,No,Yes,0.3041353225708008,Low,Direct receptor evidence,C,SB-258585 reduces food motivation while blocking 5-HT6 receptors in the non-human primate striatum.,0.36018795967102046,95,0.25,PubMed,2025,38963532,,Molecular neurobiology,Zhao YL; Yi HY; Baba SS; Guo YX; Yuan XC; Hou XM; Liang LL; Huo FQ,10.1007/s12035-024-04314-1,Activation of 5-HT6 Receptors in the Ventrolateral Orbital Cortex Produces Anti-Anxiodepressive Effects in a Rat Model of Neuropathic Pain.,https://pubmed.ncbi.nlm.nih.gov/38963532/,,3248571,CN1CCN(CC1)C2=C(C=CC(=C2)NS(=O)(=O)C3=CC=C(C=C3)I)OC,27,SB-258585 has experimental receptor evidence involving 5-HT6 receptor and is being evaluated as a possible GPR62 candidate.,Review pharmacology and consider experimental testing,https://pubmed.ncbi.nlm.nih.gov/38963532/
89,SB-258585,5-HT6 exploratory candidate,5-HT6 receptor,No,No,No,No,Yes,0.3041353225708008,Low,Direct receptor evidence,C,SB-258585 reduces food motivation while blocking 5-HT6 receptors in the non-human primate striatum.,0.36018795967102046,95,0.25,PubMed,2024,38354894,,Progress in neuro-psychopharmacology & biological psychiatry,Pitoy M; Gauthier L; Debatisse J; Maulavé J; Météreau E; Beaudoin M; Portier K; Sgambato V; Billard T; Zimmer L; Lancelot S; Tremblay L,10.1016/j.pnpbp.2024.110970,SB-258585 reduces food motivation while blocking 5-HT6 receptors in the non-human primate striatum.,https://pubmed.ncbi.nlm.nih.gov/38354894/,,3248571,CN1CCN(CC1)C2=C(C=CC(=C2)NS(=O)(=O)C3=CC=C(C=C3)I)OC,27,SB-258585 has experimental receptor evidence involving 5-HT6 receptor and is being evaluated as a possible GPR62 candidate.,Review pharmacology and consider experimental testing,https://pubmed.ncbi.nlm.nih.gov/38354894/
89,SB-258585,5-HT6 exploratory candidate,5-HT6 receptor,No,No,No,No,Yes,0.3041353225708008,Low,Direct receptor evidence,C,SB-258585 reduces food motivation while blocking 5-HT6 receptors in the non-human primate striatum.,0.36018795967102046,95,0.25,PubMed,2023,37722878,,Biological & pharmaceutical bulletin,Miyahara Y; Funahashi H; Haruta-Tsukamoto A; Kogoh Y; Kanemaru-Kawazoe A; Hirano Y; Nishimori T; Ishida Y,10.1248/bpb.b23-00445,"Differential Contribution of 5-HT4, 5-HT5, and 5-HT6 Receptors to Acute Pruriceptive Processing Induced by Chloroquine and Histamine in Mice.",https://pubmed.ncbi.nlm.nih.gov/37722878/,,3248571,CN1CCN(CC1)C2=C(C=CC(=C2)NS(=O)(=O)C3=CC=C(C=C3)I)OC,27,SB-258585 has experimental receptor evidence involving 5-HT6 receptor and is being evaluated as a possible GPR62 candidate.,Review pharmacology and consider experimental testing,https://pubmed.ncbi.nlm.nih.gov/37722878/
89,SB-258585,5-HT6 exploratory candidate,5-HT6 receptor,No,No,No,No,Yes,0.3041353225708008,Low,Direct receptor evidence,C,SB-258585 reduces food motivation while blocking 5-HT6 receptors in the non-human primate striatum.,0.36018795967102046,95,0.25,PubMed + PMC,2022,36671397,PMC9855333,Biomolecules,Canale V; Trybała W; Chaumont-Dubel S; Koczurkiewicz-Adamczyk P; Satała G; Bento O; Blicharz-Futera K; Bantreil X; Pękala E; Bojarski AJ; Lamaty F; Marin P; Zajdel P,10.3390/biom13010012,"1-(Arylsulfonyl-isoindol-2-yl)piperazines as 5-HT6R Antagonists: Mechanochemical Synthesis, In Vitro Pharmacological Properties and Glioprotective Activity.",https://pubmed.ncbi.nlm.nih.gov/36671397/,https://pmc.ncbi.nlm.nih.gov/articles/PMC9855333/,3248571,CN1CCN(CC1)C2=C(C=CC(=C2)NS(=O)(=O)C3=CC=C(C=C3)I)OC,27,SB-258585 has experimental receptor evidence involving 5-HT6 receptor and is being evaluated as a possible GPR62 candidate.,Review pharmacology and consider experimental testing,https://pubmed.ncbi.nlm.nih.gov/36671397/
89,SB-258585,5-HT6 exploratory candidate,5-HT6 receptor,No,No,No,No,Yes,0.3041353225708008,Low,Direct receptor evidence,C,SB-258585 reduces food motivation while blocking 5-HT6 receptors in the non-human primate striatum.,0.36018795967102046,95,0.25,PubMed + PMC,2021,34576341,PMC8467191,International journal of molecular sciences,Doucet E; Grychowska K; Zajdel P; Bockaert J; Marin P; Bécamel C,10.3390/ijms221810178,Blockade of Serotonin 5-HT6 Receptor Constitutive Activity Alleviates Cognitive Deficits in a Preclinical Model of Neurofibromatosis Type 1.,https://pubmed.ncbi.nlm.nih.gov/34576341/,https://pmc.ncbi.nlm.nih.gov/articles/PMC8467191/,3248571,CN1CCN(CC1)C2=C(C=CC(=C2)NS(=O)(=O)C3=CC=C(C=C3)I)OC,27,SB-258585 has experimental receptor evidence involving 5-HT6 receptor and is being evaluated as a possible GPR62 candidate.,Review pharmacology and consider experimental testing,https://pubmed.ncbi.nlm.nih.gov/34576341/
89,SB-258585,5-HT6 exploratory candidate,5-HT6 receptor,No,No,No,No,Yes,0.3041353225708008,Low,Direct receptor evidence,C,SB-258585 reduces food motivation while blocking 5-HT6 receptors in the non-human primate striatum.,0.36018795967102046,95,0.25,PubMed,2021,33439019,,Journal of medicinal chemistry,Vanda D; Canale V; Chaumont-Dubel S; Kurczab R; Satała G; Koczurkiewicz-Adamczyk P; Krawczyk M; Pietruś W; Blicharz K; Pękala E; Bojarski AJ; Popik P; Marin P; Soural M; Zajdel P,10.1021/acs.jmedchem.0c02009,Imidazopyridine-Based 5-HT6 Receptor Neutral Antagonists: Impact of N1-Benzyl and N1-Phenylsulfonyl Fragments on Different Receptor Conformational States.,https://pubmed.ncbi.nlm.nih.gov/33439019/,,3248571,CN1CCN(CC1)C2=C(C=CC(=C2)NS(=O)(=O)C3=CC=C(C=C3)I)OC,27,SB-258585 has experimental receptor evidence involving 5-HT6 receptor and is being evaluated as a possible GPR62 candidate.,Review pharmacology and consider experimental testing,https://pubmed.ncbi.nlm.nih.gov/33439019/
89,SB-258585,5-HT6 exploratory candidate,5-HT6 receptor,No,No,No,No,Yes,0.3041353225708008,Low,Direct receptor evidence,C,SB-258585 reduces food motivation while blocking 5-HT6 receptors in the non-human primate striatum.,0.36018795967102046,95,0.25,PubMed,2020,32853642,,Brain research,Li L; Hui Y; Wu Z; Qiao H; Guo F; Ma B; Zhang Q,10.1016/j.brainres.2020.147072,Activation and blockade of 5-HT6 receptor in the medial septum-diagonal band recover working memory in the hemiparkinsonian rats.,https://pubmed.ncbi.nlm.nih.gov/32853642/,,3248571,CN1CCN(CC1)C2=C(C=CC(=C2)NS(=O)(=O)C3=CC=C(C=C3)I)OC,27,SB-258585 has experimental receptor evidence involving 5-HT6 receptor and is being evaluated as a possible GPR62 candidate.,Review pharmacology and consider experimental testing,https://pubmed.ncbi.nlm.nih.gov/32853642/
89,SB-258585,5-HT6 exploratory candidate,5-HT6 receptor,No,No,No,No,Yes,0.3041353225708008,Low,Direct receptor evidence,C,SB-258585 reduces food motivation while blocking 5-HT6 receptors in the non-human primate striatum.,0.36018795967102046,95,0.25,PubMed,2019,31586629,,European journal of pharmacology,Hagsäter SM; Lisinski A; Eriksson E,10.1016/j.ejphar.2019.172718,5-HT6 receptor antagonism reduces defecation in rat: A potential treatment strategy for irritable bowel syndrome with diarrhea.,https://pubmed.ncbi.nlm.nih.gov/31586629/,,3248571,CN1CCN(CC1)C2=C(C=CC(=C2)NS(=O)(=O)C3=CC=C(C=C3)I)OC,27,SB-258585 has experimental receptor evidence involving 5-HT6 receptor and is being evaluated as a possible GPR62 candidate.,Review pharmacology and consider experimental testing,https://pubmed.ncbi.nlm.nih.gov/31586629/
89,SB-258585,5-HT6 exploratory candidate,5-HT6 receptor,No,No,No,No,Yes,0.3041353225708008,Low,Direct receptor evidence,C,SB-258585 reduces food motivation while blocking 5-HT6 receptors in the non-human primate striatum.,0.36018795967102046,95,0.25,PubMed,2019,31580911,,Neurochemistry international,Zhang YX; Yang M; Liang F; Li SQ; Yang JS; Huo FQ; Yan CX,10.1016/j.neuint.2019.104562,The pronociceptive role of 5-HT6 receptors in ventrolateral orbital cortex in a rat formalin test model.,https://pubmed.ncbi.nlm.nih.gov/31580911/,,3248571,CN1CCN(CC1)C2=C(C=CC(=C2)NS(=O)(=O)C3=CC=C(C=C3)I)OC,27,SB-258585 has experimental receptor evidence involving 5-HT6 receptor and is being evaluated as a possible GPR62 candidate.,Review pharmacology and consider experimental testing,https://pubmed.ncbi.nlm.nih.gov/31580911/
89,SB-258585,5-HT6 exploratory candidate,5-HT6 receptor,No,No,No,No,Yes,0.3041353225708008,Low,Direct receptor evidence,C,SB-258585 reduces food motivation while blocking 5-HT6 receptors in the non-human primate striatum.,0.36018795967102046,95,0.25,PubMed,2019,30735758,,Behavioural brain research,Shahidi S; Hashemi-Firouzi N; Asl SS; Komaki A,10.1016/j.bbr.2019.02.004,Serotonin type 6 receptor antagonist attenuates the impairment of long-term potentiation and memory induced by Abeta.,https://pubmed.ncbi.nlm.nih.gov/30735758/,,3248571,CN1CCN(CC1)C2=C(C=CC(=C2)NS(=O)(=O)C3=CC=C(C=C3)I)OC,27,SB-258585 has experimental receptor evidence involving 5-HT6 receptor and is being evaluated as a possible GPR62 candidate.,Review pharmacology and consider experimental testing,https://pubmed.ncbi.nlm.nih.gov/30735758/
89,SB-258585,5-HT6 exploratory candidate,5-HT6 receptor,No,No,No,No,Yes,0.3041353225708008,Low,Direct receptor evidence,C,SB-258585 reduces food motivation while blocking 5-HT6 receptors in the non-human primate striatum.,0.36018795967102046,95,0.25,PubMed,2019,30609433,,Drug research,Sari CC; Gunduz O; Ulugol A,10.1055/a-0817-5464,Spinal Serotonin and 5HT6 Receptor Levels During Development of Neuropathy and Influence of Blockade of these Receptors on Thermal Hyperalgesia in Diabetic Mice.,https://pubmed.ncbi.nlm.nih.gov/30609433/,,3248571,CN1CCN(CC1)C2=C(C=CC(=C2)NS(=O)(=O)C3=CC=C(C=C3)I)OC,27,SB-258585 has experimental receptor evidence involving 5-HT6 receptor and is being evaluated as a possible GPR62 candidate.,Review pharmacology and consider experimental testing,https://pubmed.ncbi.nlm.nih.gov/30609433/
89,SB-258585,5-HT6 exploratory candidate,5-HT6 receptor,No,No,No,No,Yes,0.3041353225708008,Low,Direct receptor evidence,C,SB-258585 reduces food motivation while blocking 5-HT6 receptors in the non-human primate striatum.,0.36018795967102046,95,0.25,PubMed,2018,29778944,,Neuropharmacology,Sun YN; Yao L; Li LB; Wang Y; Du CX; Guo Y; Liu J,10.1016/j.neuropharm.2018.05.016,Activation and blockade of basolateral amygdala 5-HT6 receptor produce anxiolytic-like behaviors in an experimental model of Parkinson's disease.,https://pubmed.ncbi.nlm.nih.gov/29778944/,,3248571,CN1CCN(CC1)C2=C(C=CC(=C2)NS(=O)(=O)C3=CC=C(C=C3)I)OC,27,SB-258585 has experimental receptor evidence involving 5-HT6 receptor and is being evaluated as a possible GPR62 candidate.,Review pharmacology and consider experimental testing,https://pubmed.ncbi.nlm.nih.gov/29778944/
89,SB-258585,5-HT6 exploratory candidate,5-HT6 receptor,No,No,No,No,Yes,0.3041353225708008,Low,Direct receptor evidence,C,SB-258585 reduces food motivation while blocking 5-HT6 receptors in the non-human primate striatum.,0.36018795967102046,95,0.25,PubMed,2018,29667108,,Metabolic brain disease,Hashemi-Firouzi N; Shahidi S; Soleimani-Asl S; Komaki A,10.1007/s11011-018-0228-0,"5-Hydroxytryptamine receptor 6 antagonist, SB258585 exerts neuroprotection in a rat model of Streptozotocin-induced Alzheimer's disease.",https://pubmed.ncbi.nlm.nih.gov/29667108/,,3248571,CN1CCN(CC1)C2=C(C=CC(=C2)NS(=O)(=O)C3=CC=C(C=C3)I)OC,27,SB-258585 has experimental receptor evidence involving 5-HT6 receptor and is being evaluated as a possible GPR62 candidate.,Review pharmacology and consider experimental testing,https://pubmed.ncbi.nlm.nih.gov/29667108/
89,SB-258585,5-HT6 exploratory candidate,5-HT6 receptor,No,No,No,No,Yes,0.3041353225708008,Low,Direct receptor evidence,C,SB-258585 reduces food motivation while blocking 5-HT6 receptors in the non-human primate striatum.,0.36018795967102046,95,0.25,PubMed + PMC,2018,29491159,PMC5923087,Journal of virology,Riva L; Song OR; Prentoe J; Helle F; L'homme L; Gattolliat CH; Vandeputte A; Fénéant L; Belouzard S; Baumert TF; Asselah T; Bukh J; Brodin P; Cocquerel L; Rouillé Y; Dubuisson J,10.1128/JVI.01982-17,Identification of Piperazinylbenzenesulfonamides as New Inhibitors of Claudin-1 Trafficking and Hepatitis C Virus Entry.,https://pubmed.ncbi.nlm.nih.gov/29491159/,https://pmc.ncbi.nlm.nih.gov/articles/PMC5923087/,3248571,CN1CCN(CC1)C2=C(C=CC(=C2)NS(=O)(=O)C3=CC=C(C=C3)I)OC,27,SB-258585 has experimental receptor evidence involving 5-HT6 receptor and is being evaluated as a possible GPR62 candidate.,Review pharmacology and consider experimental testing,https://pubmed.ncbi.nlm.nih.gov/29491159/
89,SB-258585,5-HT6 exploratory candidate,5-HT6 receptor,No,No,No,No,Yes,0.3041353225708008,Low,Direct receptor evidence,C,SB-258585 reduces food motivation while blocking 5-HT6 receptors in the non-human primate striatum.,0.36018795967102046,95,0.25,PubMed + PMC,2017,28769801,PMC5513908,Frontiers in pharmacology,Sgambato-Faure V; Billard T; Météreau E; Duperrier S; Fieux S; Costes N; Tremblay L; Zimmer L,10.3389/fphar.2017.00471,Characterization and Reliability of [18F]2FNQ1P in Cynomolgus Monkeys as a PET Radiotracer for Serotonin 5-HT6 Receptors.,https://pubmed.ncbi.nlm.nih.gov/28769801/,https://pmc.ncbi.nlm.nih.gov/articles/PMC5513908/,3248571,CN1CCN(CC1)C2=C(C=CC(=C2)NS(=O)(=O)C3=CC=C(C=C3)I)OC,27,SB-258585 has experimental receptor evidence involving 5-HT6 receptor and is being evaluated as a possible GPR62 candidate.,Review pharmacology and consider experimental testing,https://pubmed.ncbi.nlm.nih.gov/28769801/
89,SB-258585,5-HT6 exploratory candidate,5-HT6 receptor,No,No,No,No,Yes,0.3041353225708008,Low,Direct receptor evidence,C,SB-258585 reduces food motivation while blocking 5-HT6 receptors in the non-human primate striatum.,0.36018795967102046,95,0.25,PubMed + PMC,2017,28694424,PMC5504036,Scientific reports,Li X; Wang Q; Hu T; Wang Y; Zhao J; Lu J; Pei G,10.1038/s41598-017-04144-3,"A tricyclic antidepressant, amoxapine, reduces amyloid-β generation through multiple serotonin receptor 6-mediated targets.",https://pubmed.ncbi.nlm.nih.gov/28694424/,https://pmc.ncbi.nlm.nih.gov/articles/PMC5504036/,3248571,CN1CCN(CC1)C2=C(C=CC(=C2)NS(=O)(=O)C3=CC=C(C=C3)I)OC,27,SB-258585 has experimental receptor evidence involving 5-HT6 receptor and is being evaluated as a possible GPR62 candidate.,Review pharmacology and consider experimental testing,https://pubmed.ncbi.nlm.nih.gov/28694424/
89,SB-258585,5-HT6 exploratory candidate,5-HT6 receptor,No,No,No,No,Yes,0.3041353225708008,Low,Direct receptor evidence,C,SB-258585 reduces food motivation while blocking 5-HT6 receptors in the non-human primate striatum.,0.36018795967102046,95,0.25,PubMed + PMC,2017,28681593,PMC5547219,Molecules and cells,Rahman MA; Kim H; Lee KH; Yun HM; Hong JH; Kim Y; Choo H; Park M; Rhim H,10.14348/molcells.2017.0080,5-Hydroxytryptamine 6 Receptor (5-HT6R)-Mediated Morphological Changes via RhoA-Dependent Pathways.,https://pubmed.ncbi.nlm.nih.gov/28681593/,https://pmc.ncbi.nlm.nih.gov/articles/PMC5547219/,3248571,CN1CCN(CC1)C2=C(C=CC(=C2)NS(=O)(=O)C3=CC=C(C=C3)I)OC,27,SB-258585 has experimental receptor evidence involving 5-HT6 receptor and is being evaluated as a possible GPR62 candidate.,Review pharmacology and consider experimental testing,https://pubmed.ncbi.nlm.nih.gov/28681593/
89,SB-258585,5-HT6 exploratory candidate,5-HT6 receptor,No,No,No,No,Yes,0.3041353225708008,Low,Direct receptor evidence,C,SB-258585 reduces food motivation while blocking 5-HT6 receptors in the non-human primate striatum.,0.36018795967102046,95,0.25,PubMed,2017,28628851,,Pharmacological reports : PR,Pineda-Farias JB; Barragán-Iglesias P; Valdivieso-Sánchez A; Rodríguez-Silverio J; Flores-Murrieta FJ; Granados-Soto V; Rocha-González HI,10.1016/j.pharep.2017.04.001,Spinal 5-HT4 and 5-HT6 receptors contribute to the maintenance of neuropathic pain in rats.,https://pubmed.ncbi.nlm.nih.gov/28628851/,,3248571,CN1CCN(CC1)C2=C(C=CC(=C2)NS(=O)(=O)C3=CC=C(C=C3)I)OC,27,SB-258585 has experimental receptor evidence involving 5-HT6 receptor and is being evaluated as a possible GPR62 candidate.,Review pharmacology and consider experimental testing,https://pubmed.ncbi.nlm.nih.gov/28628851/
89,SB-258585,5-HT6 exploratory candidate,5-HT6 receptor,No,No,No,No,Yes,0.3041353225708008,Low,Direct receptor evidence,C,SB-258585 reduces food motivation while blocking 5-HT6 receptors in the non-human primate striatum.,0.36018795967102046,95,0.25,PubMed,2016,27616337,,Brain research,Liu KC; Li JY; Xie W; Li LB; Zhang J; Du CX; Zhang YM; Tan HH; Wang HS; Zhang L,10.1016/j.brainres.2016.09.009,Activation and blockade of serotonin6 receptors in the dorsal hippocampus enhance T maze and hole-board performance in a unilateral 6-hydroxydopamine rat model of Parkinson's disease.,https://pubmed.ncbi.nlm.nih.gov/27616337/,,3248571,CN1CCN(CC1)C2=C(C=CC(=C2)NS(=O)(=O)C3=CC=C(C=C3)I)OC,27,SB-258585 has experimental receptor evidence involving 5-HT6 receptor and is being evaluated as a possible GPR62 candidate.,Review pharmacology and consider experimental testing,https://pubmed.ncbi.nlm.nih.gov/27616337/
89,SB-258585,5-HT6 exploratory candidate,5-HT6 receptor,No,No,No,No,Yes,0.3041353225708008,Low,Direct receptor evidence,C,SB-258585 reduces food motivation while blocking 5-HT6 receptors in the non-human primate striatum.,0.36018795967102046,95,0.25,PubMed + PMC,2016,27581523,PMC5007490,Scientific reports,Yun HM; Park KR; Hong JT; Kim EC,10.1038/srep30985,Peripheral serotonin-mediated system suppresses bone development and regeneration via serotonin 6 G-protein-coupled receptor.,https://pubmed.ncbi.nlm.nih.gov/27581523/,https://pmc.ncbi.nlm.nih.gov/articles/PMC5007490/,3248571,CN1CCN(CC1)C2=C(C=CC(=C2)NS(=O)(=O)C3=CC=C(C=C3)I)OC,27,SB-258585 has experimental receptor evidence involving 5-HT6 receptor and is being evaluated as a possible GPR62 candidate.,Review pharmacology and consider experimental testing,https://pubmed.ncbi.nlm.nih.gov/27581523/
89,SB-258585,5-HT6 exploratory candidate,5-HT6 receptor,No,No,No,No,Yes,0.3041353225708008,Low,Direct receptor evidence,C,SB-258585 reduces food motivation while blocking 5-HT6 receptors in the non-human primate striatum.,0.36018795967102046,95,0.25,PubMed,2016,27424103,,Neuropharmacology,Zhang YM; Zhang L; Wang Y; Sun YN; Guo Y; Du CX; Zhang J; Yao L; Yu SQ; Liu J,10.1016/j.neuropharm.2016.07.014,Activation and blockade of prelimbic 5-HT6 receptors produce different effects on depressive-like behaviors in unilateral 6-hydroxydopamine-induced Parkinson's rats.,https://pubmed.ncbi.nlm.nih.gov/27424103/,,3248571,CN1CCN(CC1)C2=C(C=CC(=C2)NS(=O)(=O)C3=CC=C(C=C3)I)OC,27,SB-258585 has experimental receptor evidence involving 5-HT6 receptor and is being evaluated as a possible GPR62 candidate.,Review pharmacology and consider experimental testing,https://pubmed.ncbi.nlm.nih.gov/27424103/
89,SB-258585,5-HT6 exploratory candidate,5-HT6 receptor,No,No,No,No,Yes,0.3041353225708008,Low,Direct receptor evidence,C,SB-258585 reduces food motivation while blocking 5-HT6 receptors in the non-human primate striatum.,0.36018795967102046,95,0.25,PubMed,2016,27068148,,European journal of pharmacology,Wang HY; Lu CW; Lin TY; Kuo JR; Wang SJ,10.1016/j.ejphar.2016.04.010,WAY208466 inhibits glutamate release at hippocampal nerve terminals.,https://pubmed.ncbi.nlm.nih.gov/27068148/,,3248571,CN1CCN(CC1)C2=C(C=CC(=C2)NS(=O)(=O)C3=CC=C(C=C3)I)OC,27,SB-258585 has experimental receptor evidence involving 5-HT6 receptor and is being evaluated as a possible GPR62 candidate.,Review pharmacology and consider experimental testing,https://pubmed.ncbi.nlm.nih.gov/27068148/
89,SB-258585,5-HT6 exploratory candidate,5-HT6 receptor,No,No,No,No,Yes,0.3041353225708008,Low,Direct receptor evidence,C,SB-258585 reduces food motivation while blocking 5-HT6 receptors in the non-human primate striatum.,0.36018795967102046,95,0.25,PubMed,2015,25863121,,Neuropharmacology,Liu KC; Li JY; Tan HH; Du CX; Xie W; Zhang YM; Ma WL; Zhang L,10.1016/j.neuropharm.2015.03.031,Serotonin₆ receptors in the dorsal hippocampus regulate depressive-like behaviors in unilateral 6-hydroxydopamine-lesioned Parkinson's rats.,https://pubmed.ncbi.nlm.nih.gov/25863121/,,3248571,CN1CCN(CC1)C2=C(C=CC(=C2)NS(=O)(=O)C3=CC=C(C=C3)I)OC,27,SB-258585 has experimental receptor evidence involving 5-HT6 receptor and is being evaluated as a possible GPR62 candidate.,Review pharmacology and consider experimental testing,https://pubmed.ncbi.nlm.nih.gov/25863121/
89,SB-258585,5-HT6 exploratory candidate,5-HT6 receptor,No,No,No,No,Yes,0.3041353225708008,Low,Direct receptor evidence,C,SB-258585 reduces food motivation while blocking 5-HT6 receptors in the non-human primate striatum.,0.36018795967102046,95,0.25,PubMed,2015,25331460,,European journal of nuclear medicine and molecular imaging,Becker G; Colomb J; Sgambato-Faure V; Tremblay L; Billard T; Zimmer L,10.1007/s00259-014-2936-y,Preclinical evaluation of [18F]2FNQ1P as the first fluorinated serotonin 5-HT6 radioligand for PET imaging.,https://pubmed.ncbi.nlm.nih.gov/25331460/,,3248571,CN1CCN(CC1)C2=C(C=CC(=C2)NS(=O)(=O)C3=CC=C(C=C3)I)OC,27,SB-258585 has experimental receptor evidence involving 5-HT6 receptor and is being evaluated as a possible GPR62 candidate.,Review pharmacology and consider experimental testing,https://pubmed.ncbi.nlm.nih.gov/25331460/
89,SB-258585,5-HT6 exploratory candidate,5-HT6 receptor,No,No,No,No,Yes,0.3041353225708008,Low,Direct receptor evidence,C,SB-258585 reduces food motivation while blocking 5-HT6 receptors in the non-human primate striatum.,0.36018795967102046,95,0.25,PubMed,2014,24880860,,Nature chemical biology,Duhr F; Déléris P; Raynaud F; Séveno M; Morisset-Lopez S; Mannoury la Cour C; Millan MJ; Bockaert J; Marin P; Chaumont-Dubel S,10.1038/nchembio.1547,Cdk5 induces constitutive activation of 5-HT6 receptors to promote neurite growth.,https://pubmed.ncbi.nlm.nih.gov/24880860/,,3248571,CN1CCN(CC1)C2=C(C=CC(=C2)NS(=O)(=O)C3=CC=C(C=C3)I)OC,27,SB-258585 has experimental receptor evidence involving 5-HT6 receptor and is being evaluated as a possible GPR62 candidate.,Review pharmacology and consider experimental testing,https://pubmed.ncbi.nlm.nih.gov/24880860/
89,SB-258585,5-HT6 exploratory candidate,5-HT6 receptor,No,No,No,No,Yes,0.3041353225708008,Low,Direct receptor evidence,C,SB-258585 reduces food motivation while blocking 5-HT6 receptors in the non-human primate striatum.,0.36018795967102046,95,0.25,PubMed,2013,25287308,,Acta neuropsychiatrica,Masuda T; Nishikawa H; Inoue T; Toda H; Nakagawa S; Boku S; Koyama T,10.1111/j.1601-5215.2012.00669.x,"5-HT depletion, but not 5-HT1A antagonist, prevents the anxiolytic-like effect of citalopram in rat contextual conditioned fear stress model.",https://pubmed.ncbi.nlm.nih.gov/25287308/,,3248571,CN1CCN(CC1)C2=C(C=CC(=C2)NS(=O)(=O)C3=CC=C(C=C3)I)OC,27,SB-258585 has experimental receptor evidence involving 5-HT6 receptor and is being evaluated as a possible GPR62 candidate.,Review pharmacology and consider experimental testing,https://pubmed.ncbi.nlm.nih.gov/25287308/
90,Ketanserin,5-HT6 exploratory candidate,5-HT6 receptor,No,No,No,No,Yes,0.437661349773407,Low,Unvalidated,E,,0.3529798773527146,3,0.25,PubMed,2015,26383152,,"Journal of nuclear medicine : official publication, Society of Nuclear Medicine",Parker CA; Rabiner EA; Gunn RN; Searle G; Martarello L; Comley RA; Davy M; Wilson AA; Houle S; Mizrahi R; Laruelle M; Cunningham VJ,10.2967/jnumed.115.162743,Human Kinetic Modeling of the 5HT6 PET Radioligand 11C-GSK215083 and Its Utility for Determining Occupancy at Both 5HT6 and 5HT2A Receptors by SB742457 as a Potential Therapeutic Mechanism of Action in Alzheimer Disease.,https://pubmed.ncbi.nlm.nih.gov/26383152/,,3822,C1CN(CCC1C(=O)C2=CC=C(C=C2)F)CCN3C(=O)C4=CC=CC=C4NC3=O,1,Ketanserin currently has an ML prediction but requires stronger receptor-specific literature validation.,Literature validation needed before experimental priority,https://pubmed.ncbi.nlm.nih.gov/26383152/
91,Benzenesulfonyl,5-HT6 exploratory candidate,5-HT6 receptor,No,No,No,No,Yes,0.43431273102760315,Low,Indirect/context evidence,D,Benzenesulfonyl and Benzenesulfonamide as Modulators of the 5-HT6 Receptor: Patent Highlight.,0.34680327516794207,1,0.25,PubMed + PMC,2012,24900400,PMC4025790,ACS medicinal chemistry letters,Rosse G,10.1021/ml300338u,Benzenesulfonyl and Benzenesulfonamide as Modulators of the 5-HT6 Receptor: Patent Highlight.,https://pubmed.ncbi.nlm.nih.gov/24900400/,https://pmc.ncbi.nlm.nih.gov/articles/PMC4025790/,3857574,C1=CC=C(C=C1)S(=O)[O-],1,"Benzenesulfonyl appears in literature related to 5-HT6 receptor, but direct receptor interaction has not been established.",Review full article for direct receptor evidence,https://pubmed.ncbi.nlm.nih.gov/24900400/
92,Mirtazapine,5-HT6 exploratory candidate,5-HT6 receptor,No,No,No,No,Yes,0.4220776855945587,Low,Unvalidated,E,,0.3448504956364632,4,0.25,PubMed,2023,37722878,,Biological & pharmaceutical bulletin,Miyahara Y; Funahashi H; Haruta-Tsukamoto A; Kogoh Y; Kanemaru-Kawazoe A; Hirano Y; Nishimori T; Ishida Y,10.1248/bpb.b23-00445,"Differential Contribution of 5-HT4, 5-HT5, and 5-HT6 Receptors to Acute Pruriceptive Processing Induced by Chloroquine and Histamine in Mice.",https://pubmed.ncbi.nlm.nih.gov/37722878/,,4205,CN1CCN2C(C1)C3=CC=CC=C3CC4=C2N=CC=C4,1,Mirtazapine currently has an ML prediction but requires stronger receptor-specific literature validation.,Literature validation needed before experimental priority,https://pubmed.ncbi.nlm.nih.gov/37722878/
93,SB-271046A,5-HT6 exploratory candidate,5-HT6 receptor,No,No,No,No,Yes,0.41106656193733215,Low,Unvalidated,E,,0.3416932652592659,6,0.25,PubMed,2024,38408524,,Behavioural brain research,Farias CP; Leite AKO; Schmidt BE; de Carvalho Myskiw J; Wyse ATS,10.1016/j.bbr.2024.114922,"The 5-HT2A, 5-HT5A, and 5-HT6 serotonergic receptors in the medial prefrontal cortex behave differently in extinction learning: Does social support play a role?",https://pubmed.ncbi.nlm.nih.gov/38408524/,,6918455,CC1=C(SC2=C1C=C(C=C2)Cl)S(=O)(=O)NC3=CC(=C(C=C3)OC)N4CCNCC4.Cl,2,SB-271046A currently has an ML prediction but requires stronger receptor-specific literature validation.,Literature validation needed before experimental priority,https://pubmed.ncbi.nlm.nih.gov/38408524/
93,SB-271046A,5-HT6 exploratory candidate,5-HT6 receptor,No,No,No,No,Yes,0.41106656193733215,Low,Unvalidated,E,,0.3416932652592659,6,0.25,PubMed,2019,31233821,,Behavioural brain research,de Assis Brasil ES; Guerino Furini CR; da Silva Rodrigues F; Nachtigall EG; Kielbovicz Behling JA; Saenger BF; Farias CP; de Carvalho Myskiw J; Izquierdo I,10.1016/j.bbr.2019.112055,"The blockade of the serotoninergic receptors 5-HT5A, 5-HT6 and 5-HT7 in the basolateral amygdala, but not in the hippocampus facilitate the extinction of fear memory.",https://pubmed.ncbi.nlm.nih.gov/31233821/,,6918455,CC1=C(SC2=C1C=C(C=C2)Cl)S(=O)(=O)NC3=CC(=C(C=C3)OC)N4CCNCC4.Cl,2,SB-271046A currently has an ML prediction but requires stronger receptor-specific literature validation.,Literature validation needed before experimental priority,https://pubmed.ncbi.nlm.nih.gov/31233821/
94,Zidovudine,5-HT6 exploratory candidate,5-HT6 receptor,No,No,No,No,Yes,0.42012032866477966,Low,Unvalidated,E,,0.33757821363210677,1,0.25,PubMed + PMC,2016,27157251,PMC4914440,Pharmacological research,Dalwadi DA; Kim S; Amdani SM; Chen Z; Huang RQ; Schetz JA,10.1016/j.phrs.2016.04.028,Molecular mechanisms of serotonergic action of the HIV-1 antiretroviral efavirenz.,https://pubmed.ncbi.nlm.nih.gov/27157251/,https://pmc.ncbi.nlm.nih.gov/articles/PMC4914440/,35370,CC1=CN(C(=O)NC1=O)C2CC(C(O2)CO)N=[N+]=[N-],1,Zidovudine currently has an ML prediction but requires stronger receptor-specific literature validation.,Literature validation needed before experimental priority,https://pubmed.ncbi.nlm.nih.gov/27157251/
95,Cisplatin,MT2-related exploratory candidate,MT2 receptor,No,No,No,Yes,No,0.30550050735473633,Low,Direct receptor evidence,C,Activation of MT1/MT2 to Protect Testes and Leydig Cells against Cisplatin-Induced Oxidative Stress through the SIRT1/Nrf2 Signaling Pathway.,0.33557532978057864,6,0.5,PubMed + PMC,2022,35626727,PMC9139217,Cells,Zhang J; Fang Y; Tang D; Xu X; Zhu X; Wu S; Yu H; Cheng H; Luo T; Shen Q; Gao Y; Ma C; Liu Y; Wei Z; Chen X; Tao F; He X; Cao Y,10.3390/cells11101690,Activation of MT1/MT2 to Protect Testes and Leydig Cells against Cisplatin-Induced Oxidative Stress through the SIRT1/Nrf2 Signaling Pathway.,https://pubmed.ncbi.nlm.nih.gov/35626727/,https://pmc.ncbi.nlm.nih.gov/articles/PMC9139217/,5702198,N.N.Cl[Pt]Cl,1,Cisplatin has experimental receptor evidence involving MT2 receptor and is being evaluated as a possible GPR62 candidate.,Review pharmacology and consider experimental testing,https://pubmed.ncbi.nlm.nih.gov/35626727/
96,SAM-760,5-HT6 exploratory candidate,5-HT6 receptor,No,No,No,No,Yes,0.37913793325424194,Low,Unvalidated,E,,0.33093965661525726,11,0.25,PubMed,2023,36825693,,Biopharmaceutics & drug disposition,Sawant-Basak A; Chen L; Lockwood P; Boyden T; Doran AC; Mancuso J; Zasadny K; McCarthy T; Morris ED; Carson RE; Esterlis I; Huang Y; Nabulsi N; Planeta B; Fullerton T,10.1002/bdd.2351,"Investigating CNS distribution of PF-05212377, a P-glycoprotein substrate, by translation of 5-HT6 receptor occupancy from non-human primates to humans.",https://pubmed.ncbi.nlm.nih.gov/36825693/,,46203710,CC1=NC2=C(N1S(=O)(=O)C3=CC=CC=C3)C=CC=C2N4CCNCC4,1,SAM-760 currently has an ML prediction but requires stronger receptor-specific literature validation.,Literature validation needed before experimental priority,https://pubmed.ncbi.nlm.nih.gov/36825693/
97,Homocysteine,MT2-related exploratory candidate,MT2 receptor,No,No,No,Yes,No,0.31294113397598267,Low,Unvalidated,E,,0.33041173708438876,1,0.5,PubMed + PMC,2023,36658621,PMC9854223,Clinical epigenetics,Kim JY; Jelinek J; Lee YH; Kim DH; Kang K; Ryu SH; Moon HR; Cho K; Rha SH; Cha JK; Issa JJ; Kim J,10.1186/s13148-023-01423-x,Hypomethylation in MTNR1B: a novel epigenetic marker for atherosclerosis profiling using stenosis radiophenotype and blood inflammatory cells.,https://pubmed.ncbi.nlm.nih.gov/36658621/,https://pmc.ncbi.nlm.nih.gov/articles/PMC9854223/,91552,C(CS)C(C(=O)O)N,1,Homocysteine currently has an ML prediction but requires stronger receptor-specific literature validation.,Literature validation needed before experimental priority,https://pubmed.ncbi.nlm.nih.gov/36658621/
98,Milnacipran,5-HT6 exploratory candidate,5-HT6 receptor,No,No,No,No,Yes,0.39947760105133057,Low,Unvalidated,E,,0.33016044068336486,4,0.25,PubMed,2023,37722878,,Biological & pharmaceutical bulletin,Miyahara Y; Funahashi H; Haruta-Tsukamoto A; Kogoh Y; Kanemaru-Kawazoe A; Hirano Y; Nishimori T; Ishida Y,10.1248/bpb.b23-00445,"Differential Contribution of 5-HT4, 5-HT5, and 5-HT6 Receptors to Acute Pruriceptive Processing Induced by Chloroquine and Histamine in Mice.",https://pubmed.ncbi.nlm.nih.gov/37722878/,,65833,CCN(CC)C(=O)C1(CC1CN)C2=CC=CC=C2,1,Milnacipran currently has an ML prediction but requires stronger receptor-specific literature validation.,Literature validation needed before experimental priority,https://pubmed.ncbi.nlm.nih.gov/37722878/
99,Progesterone,Close/related orphan GPCR candidate,GPR61,No,Yes,No,Yes,No,0.14186829328536987,Low,Unvalidated,E,,0.31671439063549045,6,0.85,PubMed,2017,28433506,,Animal reproduction science,Pandey K; Kereilwe O; Borromeo V; Kadokawa H,10.1016/j.anireprosci.2017.03.020,Heifers express G-protein coupled receptor 61 in anterior pituitary gonadotrophs in stage-dependent manner.,https://pubmed.ncbi.nlm.nih.gov/28433506/,,5994,CC(=O)C1CCC2C1(CCC3C2CCC4=CC(=O)CCC34C)C,3,Progesterone currently has an ML prediction but requires stronger receptor-specific literature validation.,Literature validation needed before experimental priority,https://pubmed.ncbi.nlm.nih.gov/28433506/
99,Progesterone,Close/related orphan GPCR candidate,MT2 receptor,No,Yes,No,Yes,No,0.14186829328536987,Low,Unvalidated,E,,0.31671439063549045,6,0.85,PubMed,2024,37976799,,Theriogenology,Duan H; Yang S; Xiao L; Yang S; Yan Z; Wang F; Ma X; Zhang L; Zhang Y; Hu J; Zhao X,10.1016/j.theriogenology.2023.11.010,Melatonin promotes progesterone secretion in sheep luteal cells by regulating autophagy via the AMPK/mTOR pathway.,https://pubmed.ncbi.nlm.nih.gov/37976799/,,5994,CC(=O)C1CCC2C1(CCC3C2CCC4=CC(=O)CCC34C)C,3,Progesterone currently has an ML prediction but requires stronger receptor-specific literature validation.,Literature validation needed before experimental priority,https://pubmed.ncbi.nlm.nih.gov/37976799/
99,Progesterone,Close/related orphan GPCR candidate,MT2 receptor,No,Yes,No,Yes,No,0.14186829328536987,Low,Unvalidated,E,,0.31671439063549045,6,0.85,PubMed,2023,36592515,,Theriogenology,Ma J; Wang J; Hu S; Li Y; Zhang Y; Yang Y; Yang C; Huo S; Yang Y; Zhaxi Y; Luo W,10.1016/j.theriogenology.2022.12.036,Effects of melatonin on development and hormone secretion of sheep theca cells in vitro.,https://pubmed.ncbi.nlm.nih.gov/36592515/,,5994,CC(=O)C1CCC2C1(CCC3C2CCC4=CC(=O)CCC34C)C,3,Progesterone currently has an ML prediction but requires stronger receptor-specific literature validation.,Literature validation needed before experimental priority,https://pubmed.ncbi.nlm.nih.gov/36592515/
100,amsonic acid,5-HT6 exploratory candidate,5-HT6 receptor,No,No,No,No,Yes,0.3753829598426819,Low,Unvalidated,E,,0.31249892389774325,3,0.25,PubMed + PMC,2017,28196966,PMC5322869,Medical science monitor : international medical journal of experimental and clinical research,Yu H; Chen T; Zhou L; Tang J,10.12659/msm.899067,Effect of Selective 5-HT6R Agonist on Expression of 5-HT Receptor and Neurotransmitter in Vascular Dementia Rats.,https://pubmed.ncbi.nlm.nih.gov/28196966/,https://pmc.ncbi.nlm.nih.gov/articles/PMC5322869/,6668,C1=CC(=C(C=C1N)S(=O)(=O)O)C=CC2=C(C=C(C=C2)N)S(=O)(=O)O,2,amsonic acid currently has an ML prediction but requires stronger receptor-specific literature validation.,Literature validation needed before experimental priority,https://pubmed.ncbi.nlm.nih.gov/28196966/
100,amsonic acid,5-HT6 exploratory candidate,5-HT6 receptor,No,No,No,No,Yes,0.3753829598426819,Low,Unvalidated,E,,0.31249892389774325,3,0.25,PubMed + PMC,2016,27161524,PMC4893163,Neuron,Aldrin-Kirk P; Heuer A; Wang G; Mattsson B; Lundblad M; Parmar M; Björklund T,10.1016/j.neuron.2016.04.017,DREADD Modulation of Transplanted DA Neurons Reveals a Novel Parkinsonian Dyskinesia Mechanism Mediated by the Serotonin 5-HT6 Receptor.,https://pubmed.ncbi.nlm.nih.gov/27161524/,https://pmc.ncbi.nlm.nih.gov/articles/PMC4893163/,6668,C1=CC(=C(C=C1N)S(=O)(=O)O)C=CC2=C(C=C(C=C2)N)S(=O)(=O)O,2,amsonic acid currently has an ML prediction but requires stronger receptor-specific literature validation.,Literature validation needed before experimental priority,https://pubmed.ncbi.nlm.nih.gov/27161524/
101,Ethanolamine,Close/related orphan GPCR candidate,GPR61,No,Yes,No,No,No,0.11912622302770615,Low,Direct receptor evidence,B,Chemosynthetic ethanolamine plasmalogen stimulates gonadotropin secretion from bovine gonadotrophs by acting as a potential GPR61 agonist.,0.301932044968009,6,0.85,PubMed,2022,35580407,,Animal reproduction science,Kadokawa H; Yoshino R; Saito R; Hirokawa T,10.1016/j.anireprosci.2022.106992,Chemosynthetic ethanolamine plasmalogen stimulates gonadotropin secretion from bovine gonadotrophs by acting as a potential GPR61 agonist.,https://pubmed.ncbi.nlm.nih.gov/35580407/,,700,C(CO)N,1,Ethanolamine has experimental receptor evidence involving GPR61 and is being evaluated as a possible GPR62 candidate.,Review pharmacology and consider experimental testing,https://pubmed.ncbi.nlm.nih.gov/35580407/
102,Colforsin,Direct GPR62 literature,GPR62,Yes,Yes,No,Yes,No,0.06674189865589142,Low,Unvalidated,E,,0.2993822341263294,3,1.0,PubMed + PMC,2015,26384023,PMC4575141,PloS one,Martin AL; Steurer MA; Aronstam RS,10.1371/journal.pone.0138463,Constitutive Activity among Orphan Class-A G Protein Coupled Receptors.,https://pubmed.ncbi.nlm.nih.gov/26384023/,https://pmc.ncbi.nlm.nih.gov/articles/PMC4575141/,47936,CC(=O)OC1C(C2C(CCC(C2(C3(C1(OC(CC3=O)(C)C=C)C)O)C)O)(C)C)O,4,Colforsin currently has an ML prediction but requires stronger receptor-specific literature validation.,Literature validation needed before experimental priority,https://pubmed.ncbi.nlm.nih.gov/26384023/
102,Colforsin,Direct GPR62 literature,GPR61,Yes,Yes,No,Yes,No,0.06674189865589142,Low,Unvalidated,E,,0.2993822341263294,3,1.0,PubMed,2019,31352450,,Pharmacology,Kozielewicz P; Grafton G; Sajkowska-Kozielewicz JJ; Barnes NM,10.1159/000501926,Overexpression of Orphan Receptor GPR61 Increases cAMP Levels upon Forskolin Stimulation in HEK293 Cells: in vitro and in silico Validation of 5-(Nonyloxy)Tryptamine as a Low-Affinity Inverse Agonist.,https://pubmed.ncbi.nlm.nih.gov/31352450/,,47936,CC(=O)OC1C(C2C(CCC(C2(C3(C1(OC(CC3=O)(C)C=C)C)O)C)O)(C)C)O,4,Colforsin currently has an ML prediction but requires stronger receptor-specific literature validation.,Literature validation needed before experimental priority,https://pubmed.ncbi.nlm.nih.gov/31352450/
102,Colforsin,Direct GPR62 literature,GPR61,Yes,Yes,No,Yes,No,0.06674189865589142,Low,Unvalidated,E,,0.2993822341263294,3,1.0,PubMed + PMC,2015,26384023,PMC4575141,PloS one,Martin AL; Steurer MA; Aronstam RS,10.1371/journal.pone.0138463,Constitutive Activity among Orphan Class-A G Protein Coupled Receptors.,https://pubmed.ncbi.nlm.nih.gov/26384023/,https://pmc.ncbi.nlm.nih.gov/articles/PMC4575141/,47936,CC(=O)OC1C(C2C(CCC(C2(C3(C1(OC(CC3=O)(C)C=C)C)O)C)O)(C)C)O,4,Colforsin currently has an ML prediction but requires stronger receptor-specific literature validation.,Literature validation needed before experimental priority,https://pubmed.ncbi.nlm.nih.gov/26384023/
102,Colforsin,Direct GPR62 literature,MT2 receptor,Yes,Yes,No,Yes,No,0.06674189865589142,Low,Unvalidated,E,,0.2993822341263294,3,1.0,PubMed + PMC,2024,38474167,PMC10931815,International journal of molecular sciences,Tse LH; Cheung ST; Lee S; Wong YH,10.3390/ijms25052919,Real-Time Determination of Intracellular cAMP Reveals Functional Coupling of Gs Protein to the Melatonin MT1 Receptor.,https://pubmed.ncbi.nlm.nih.gov/38474167/,https://pmc.ncbi.nlm.nih.gov/articles/PMC10931815/,47936,CC(=O)OC1C(C2C(CCC(C2(C3(C1(OC(CC3=O)(C)C=C)C)O)C)O)(C)C)O,4,Colforsin currently has an ML prediction but requires stronger receptor-specific literature validation.,Literature validation needed before experimental priority,https://pubmed.ncbi.nlm.nih.gov/38474167/
103,Norepinephrine,Close/related orphan GPCR candidate,GPR135,No,No,Yes,No,Yes,0.1314825713634491,Low,Unvalidated,E,,0.2949636713862419,11,0.75,PubMed,2014,24503482,,Molecular phylogenetics and evolution,Kakarala KK; Jamil K,10.1016/j.ympev.2014.01.022,Sequence-structure based phylogeny of GPCR Class A Rhodopsin receptors.,https://pubmed.ncbi.nlm.nih.gov/24503482/,,439260,C1=CC(=C(C=C1C(CN)O)O)O,5,Norepinephrine currently has an ML prediction but requires stronger receptor-specific literature validation.,Literature validation needed before experimental priority,https://pubmed.ncbi.nlm.nih.gov/24503482/
103,Norepinephrine,Close/related orphan GPCR candidate,5-HT6 receptor,No,No,Yes,No,Yes,0.1314825713634491,Low,Unvalidated,E,,0.2949636713862419,11,0.75,PubMed,2023,37270968,,Phytomedicine : international journal of phytotherapy and phytopharmacology,Oh DR; Choi C; Kim MJ; Mun BY; Ko H; Oh KN; Jo A; Kim JY; Bae D,10.1016/j.phymed.2023.154871,Antidepressant effects of p-coumaric acid isolated from Vaccinium bracteatum leaves extract on chronic restraint stress mouse model and antagonism of serotonin 6 receptor in vitro.,https://pubmed.ncbi.nlm.nih.gov/37270968/,,439260,C1=CC(=C(C=C1C(CN)O)O)O,5,Norepinephrine currently has an ML prediction but requires stronger receptor-specific literature validation.,Literature validation needed before experimental priority,https://pubmed.ncbi.nlm.nih.gov/37270968/
103,Norepinephrine,Close/related orphan GPCR candidate,5-HT6 receptor,No,No,Yes,No,Yes,0.1314825713634491,Low,Unvalidated,E,,0.2949636713862419,11,0.75,PubMed,2020,32853642,,Brain research,Li L; Hui Y; Wu Z; Qiao H; Guo F; Ma B; Zhang Q,10.1016/j.brainres.2020.147072,Activation and blockade of 5-HT6 receptor in the medial septum-diagonal band recover working memory in the hemiparkinsonian rats.,https://pubmed.ncbi.nlm.nih.gov/32853642/,,439260,C1=CC(=C(C=C1C(CN)O)O)O,5,Norepinephrine currently has an ML prediction but requires stronger receptor-specific literature validation.,Literature validation needed before experimental priority,https://pubmed.ncbi.nlm.nih.gov/32853642/
103,Norepinephrine,Close/related orphan GPCR candidate,5-HT6 receptor,No,No,Yes,No,Yes,0.1314825713634491,Low,Unvalidated,E,,0.2949636713862419,11,0.75,PubMed,2018,29848076,,Expert opinion on investigational drugs,Khoury R; Grysman N; Gold J; Patel K; Grossberg GT,10.1080/13543784.2018.1483334,The role of 5 HT6-receptor antagonists in Alzheimer's disease: an update.,https://pubmed.ncbi.nlm.nih.gov/29848076/,,439260,C1=CC(=C(C=C1C(CN)O)O)O,5,Norepinephrine currently has an ML prediction but requires stronger receptor-specific literature validation.,Literature validation needed before experimental priority,https://pubmed.ncbi.nlm.nih.gov/29848076/
103,Norepinephrine,Close/related orphan GPCR candidate,5-HT6 receptor,No,No,Yes,No,Yes,0.1314825713634491,Low,Unvalidated,E,,0.2949636713862419,11,0.75,PubMed,2018,29778944,,Neuropharmacology,Sun YN; Yao L; Li LB; Wang Y; Du CX; Guo Y; Liu J,10.1016/j.neuropharm.2018.05.016,Activation and blockade of basolateral amygdala 5-HT6 receptor produce anxiolytic-like behaviors in an experimental model of Parkinson's disease.,https://pubmed.ncbi.nlm.nih.gov/29778944/,,439260,C1=CC(=C(C=C1C(CN)O)O)O,5,Norepinephrine currently has an ML prediction but requires stronger receptor-specific literature validation.,Literature validation needed before experimental priority,https://pubmed.ncbi.nlm.nih.gov/29778944/
104,Thulium,MT2-related exploratory candidate,MT2 receptor,No,No,No,Yes,No,0.2463664561510086,Low,Unvalidated,E,,0.28713819649815564,1,0.5,PubMed,2022,35988518,,Bioorganic chemistry,Li LB; Fan YG; Wu WX; Bai CY; Jia MY; Hu JP; Gao HL; Wang T; Zhong ML; Huang XS; Guo C,10.1016/j.bioorg.2022.106100,Novel melatonin-trientine conjugate as potential therapeutic agents for Alzheimer's disease.,https://pubmed.ncbi.nlm.nih.gov/35988518/,,23961,[Tm],1,Thulium currently has an ML prediction but requires stronger receptor-specific literature validation.,Literature validation needed before experimental priority,https://pubmed.ncbi.nlm.nih.gov/35988518/
105,Dizocilpine Maleate,MT2-related exploratory candidate,MT2 receptor,No,No,No,Yes,Yes,0.17765319347381592,Low,Unvalidated,E,,0.28647457575798035,23,0.5,PubMed,2026,41571206,,Biochemical pharmacology,Barzon B; Marchiotto F; Nasini S; Casile A; Peluso S; Cifani C; Pitsikas N; Gobbi G; Cambiaghi M; Comai S,10.1016/j.bcp.2026.117725,Neurophysiological and neuropharmacological effects of melatonin MT2 receptors activation in MK-801-induced schizophrenia-like dysfunctions.,https://pubmed.ncbi.nlm.nih.gov/41571206/,,6420042,CC12C3=CC=CC=C3CC(N1)C4=CC=CC=C24.C(=CC(=O)O)C(=O)O,4,Dizocilpine Maleate currently has an ML prediction but requires stronger receptor-specific literature validation.,Literature validation needed before experimental priority,https://pubmed.ncbi.nlm.nih.gov/41571206/
105,Dizocilpine Maleate,MT2-related exploratory candidate,5-HT6 receptor,No,No,No,Yes,Yes,0.17765319347381592,Low,Unvalidated,E,,0.28647457575798035,23,0.5,PubMed,2019,31412259,,Brain research,Rychtyk J; Partyka A; Gdula-Argasińska J; Mysłowska K; Wilczyńska N; Jastrzębska-Więsek M; Wesołowska A,10.1016/j.brainres.2019.146375,5-HT6 receptor agonist and antagonist improve memory impairments and hippocampal BDNF signaling alterations induced by MK-801.,https://pubmed.ncbi.nlm.nih.gov/31412259/,,6420042,CC12C3=CC=CC=C3CC(N1)C4=CC=CC=C24.C(=CC(=O)O)C(=O)O,4,Dizocilpine Maleate currently has an ML prediction but requires stronger receptor-specific literature validation.,Literature validation needed before experimental priority,https://pubmed.ncbi.nlm.nih.gov/31412259/
105,Dizocilpine Maleate,MT2-related exploratory candidate,5-HT6 receptor,No,No,No,Yes,Yes,0.17765319347381592,Low,Unvalidated,E,,0.28647457575798035,23,0.5,PubMed,2017,27373846,,Pharmacological research,Asselot R; Simon-O'Brien E; Lebourgeois S; Nee G; Delaunay V; Duchatelle P; Bouet V; Dauphin F,10.1016/j.phrs.2016.06.009,Time-dependent impact of glutamatergic modulators on the promnesiant effect of 5-HT6R blockade on mice recognition memory.,https://pubmed.ncbi.nlm.nih.gov/27373846/,,6420042,CC12C3=CC=CC=C3CC(N1)C4=CC=CC=C24.C(=CC(=O)O)C(=O)O,4,Dizocilpine Maleate currently has an ML prediction but requires stronger receptor-specific literature validation.,Literature validation needed before experimental priority,https://pubmed.ncbi.nlm.nih.gov/27373846/
105,Dizocilpine Maleate,MT2-related exploratory candidate,5-HT6 receptor,No,No,No,Yes,Yes,0.17765319347381592,Low,Unvalidated,E,,0.28647457575798035,23,0.5,PubMed + PMC,2014,23954911,PMC3889519,Psychopharmacology,Fijał K; Popik P; Nikiforuk A,10.1007/s00213-013-3234-2,"Co-administration of 5-HT6 receptor antagonists with clozapine, risperidone, and a 5-HT2A receptor antagonist: effects on prepulse inhibition in rats.",https://pubmed.ncbi.nlm.nih.gov/23954911/,https://pmc.ncbi.nlm.nih.gov/articles/PMC3889519/,6420042,CC12C3=CC=CC=C3CC(N1)C4=CC=CC=C24.C(=CC(=O)O)C(=O)O,4,Dizocilpine Maleate currently has an ML prediction but requires stronger receptor-specific literature validation.,Literature validation needed before experimental priority,https://pubmed.ncbi.nlm.nih.gov/23954911/
106,2-iodomelatonin,MT2-related exploratory candidate,MT2 receptor,No,No,No,Yes,No,0.20315669476985931,Low,Unvalidated,E,,0.2830518516004086,13,0.5,PubMed,2024,38606814,,Journal of pineal research,Bedini A; Elisi GM; Fanini F; Retini M; Scalvini L; Pasquini S; Contri C; Varani K; Spadoni G; Mor M; Vincenzi F; Rivara S,10.1111/jpi.12941,Binding and unbinding of potent melatonin receptor ligands: Mechanistic simulations and experimental evidence.,https://pubmed.ncbi.nlm.nih.gov/38606814/,,115348,CC(=O)NCCC1=C(NC2=C1C=C(C=C2)OC)I,3,2-iodomelatonin currently has an ML prediction but requires stronger receptor-specific literature validation.,Literature validation needed before experimental priority,https://pubmed.ncbi.nlm.nih.gov/38606814/
106,2-iodomelatonin,MT2-related exploratory candidate,MT2 receptor,No,No,No,Yes,No,0.20315669476985931,Low,Unvalidated,E,,0.2830518516004086,13,0.5,PubMed + PMC,2022,35075127,PMC8786939,Nature communications,Wang Q; Lu Q; Guo Q; Teng M; Gong Q; Li X; Du Y; Liu Z; Tao Y,10.1038/s41467-022-28111-3,Structural basis of the ligand binding and signaling mechanism of melatonin receptors.,https://pubmed.ncbi.nlm.nih.gov/35075127/,https://pmc.ncbi.nlm.nih.gov/articles/PMC8786939/,115348,CC(=O)NCCC1=C(NC2=C1C=C(C=C2)OC)I,3,2-iodomelatonin currently has an ML prediction but requires stronger receptor-specific literature validation.,Literature validation needed before experimental priority,https://pubmed.ncbi.nlm.nih.gov/35075127/
106,2-iodomelatonin,MT2-related exploratory candidate,MT2 receptor,No,No,No,Yes,No,0.20315669476985931,Low,Unvalidated,E,,0.2830518516004086,13,0.5,PubMed + PMC,2022,34932329,PMC8757440,Journal of chemical information and modeling,Elisi GM; Scalvini L; Lodola A; Mor M; Rivara S,10.1021/acs.jcim.1c01183,Free-Energy Simulations Support a Lipophilic Binding Route for Melatonin Receptors.,https://pubmed.ncbi.nlm.nih.gov/34932329/,https://pmc.ncbi.nlm.nih.gov/articles/PMC8757440/,115348,CC(=O)NCCC1=C(NC2=C1C=C(C=C2)OC)I,3,2-iodomelatonin currently has an ML prediction but requires stronger receptor-specific literature validation.,Literature validation needed before experimental priority,https://pubmed.ncbi.nlm.nih.gov/34932329/
107,Olanzapine,5-HT6 exploratory candidate,5-HT6 receptor,No,No,No,No,Yes,0.2826659381389618,Low,Unvalidated,E,,0.2802328597903252,17,0.25,PubMed + PMC,2023,37259305,PMC9967858,"Pharmaceuticals (Basel, Switzerland)",Partyka A; Górecka K; Gdula-Argasińska J; Wilczyńska-Zawal N; Jastrzębska-Więsek M; Wesołowska A,10.3390/ph16020154,Selective 5-HT6 Receptor Ligands (Agonist and Antagonist) Show Different Effects on Antipsychotic Drug-Induced Metabolic Dysfunctions in Rats.,https://pubmed.ncbi.nlm.nih.gov/37259305/,https://pmc.ncbi.nlm.nih.gov/articles/PMC9967858/,135398745,CC1=CC2=C(S1)NC3=CC=CC=C3N=C2N4CCN(CC4)C,5,Olanzapine currently has an ML prediction but requires stronger receptor-specific literature validation.,Literature validation needed before experimental priority,https://pubmed.ncbi.nlm.nih.gov/37259305/
107,Olanzapine,5-HT6 exploratory candidate,5-HT6 receptor,No,No,No,No,Yes,0.2826659381389618,Low,Unvalidated,E,,0.2802328597903252,17,0.25,PubMed,2020,31760336,,Psychiatry research. Neuroimaging,Radhakrishnan R; Matuskey D; Nabulsi N; Gaiser E; Gallezot JD; Henry S; Planeta B; Lin SF; Ropchan J; Huang Y; Carson RE; D'Souza DC,10.1016/j.pscychresns.2019.111007,In vivo 5-HT6 and 5-HT2A receptor availability in antipsychotic treated schizophrenia patients vs. unmedicated healthy humans measured with [11C]GSK215083 PET.,https://pubmed.ncbi.nlm.nih.gov/31760336/,,135398745,CC1=CC2=C(S1)NC3=CC=CC=C3N=C2N4CCN(CC4)C,5,Olanzapine currently has an ML prediction but requires stronger receptor-specific literature validation.,Literature validation needed before experimental priority,https://pubmed.ncbi.nlm.nih.gov/31760336/
107,Olanzapine,5-HT6 exploratory candidate,5-HT6 receptor,No,No,No,No,Yes,0.2826659381389618,Low,Unvalidated,E,,0.2802328597903252,17,0.25,PubMed,2015,26027065,,Nihon shinkei seishin yakurigaku zasshi = Japanese journal of psychopharmacology,Nakagawa T; Nagayasu K; Kaneko S,,[Utility of organotypic raphe slice cultures to investigate the effects of psychotropic drugs on the function of serotoninergic neurons].,https://pubmed.ncbi.nlm.nih.gov/26027065/,,135398745,CC1=CC2=C(S1)NC3=CC=CC=C3N=C2N4CCN(CC4)C,5,Olanzapine currently has an ML prediction but requires stronger receptor-specific literature validation.,Literature validation needed before experimental priority,https://pubmed.ncbi.nlm.nih.gov/26027065/
107,Olanzapine,5-HT6 exploratory candidate,5-HT6 receptor,No,No,No,No,Yes,0.2826659381389618,Low,Unvalidated,E,,0.2802328597903252,17,0.25,PubMed,2015,25863120,,Neuropharmacology,Asaoka N; Nagayasu K; Nishitani N; Yamashiro M; Shirakawa H; Nakagawa T; Kaneko S,10.1016/j.neuropharm.2015.03.032,Olanzapine augments the effect of selective serotonin reuptake inhibitors by suppressing GABAergic inhibition via antagonism of 5-HT₆ receptors in the dorsal raphe nucleus.,https://pubmed.ncbi.nlm.nih.gov/25863120/,,135398745,CC1=CC2=C(S1)NC3=CC=CC=C3N=C2N4CCN(CC4)C,5,Olanzapine currently has an ML prediction but requires stronger receptor-specific literature validation.,Literature validation needed before experimental priority,https://pubmed.ncbi.nlm.nih.gov/25863120/
107,Olanzapine,5-HT6 exploratory candidate,5-HT6 receptor,No,No,No,No,Yes,0.2826659381389618,Low,Unvalidated,E,,0.2802328597903252,17,0.25,PubMed,2013,24135200,,European journal of pharmacology,Jayarajan P; Nirogi R; Shinde A,10.1016/j.ejphar.2013.10.005,Effect of olanzapine on scopolamine induced deficits in differential reinforcement of low rate 72s (DRL-72s) schedule in rats: involvement of the serotonergic receptors in restoring the deficits.,https://pubmed.ncbi.nlm.nih.gov/24135200/,,135398745,CC1=CC2=C(S1)NC3=CC=CC=C3N=C2N4CCN(CC4)C,5,Olanzapine currently has an ML prediction but requires stronger receptor-specific literature validation.,Literature validation needed before experimental priority,https://pubmed.ncbi.nlm.nih.gov/24135200/
108,dl-p-chlorophenylalanine,5-HT6 exploratory candidate,5-HT6 receptor,No,No,No,No,Yes,0.32338035106658936,Low,Unvalidated,E,,0.27869722819328313,3,0.25,PubMed,2013,25287308,,Acta neuropsychiatrica,Masuda T; Nishikawa H; Inoue T; Toda H; Nakagawa S; Boku S; Koyama T,10.1111/j.1601-5215.2012.00669.x,"5-HT depletion, but not 5-HT1A antagonist, prevents the anxiolytic-like effect of citalopram in rat contextual conditioned fear stress model.",https://pubmed.ncbi.nlm.nih.gov/25287308/,,4652,C1=CC(=CC=C1CC(C(=O)O)N)Cl,1,dl-p-chlorophenylalanine currently has an ML prediction but requires stronger receptor-specific literature validation.,Literature validation needed before experimental priority,https://pubmed.ncbi.nlm.nih.gov/25287308/
109,phenothiazine,5-HT6 exploratory candidate,5-HT6 receptor,No,No,No,No,Yes,0.31162142753601074,Low,Direct receptor evidence,C,"In-silico Design, ADMET Screening, Prime MM-GBSA Binding Free Energy Calculation and MD Simulation of Some Novel Phenothiazines as 5HT6R Antagonists Targeting Alzheimer's Disease.",0.277053927898407,6,0.25,PubMed,2025,38204222,,Current computer-aided drug design,Vediappan P; Arumugam M; Natarajan R,10.2174/0115734099282836231212064925,"In-silico Design, ADMET Screening, Prime MM-GBSA Binding Free Energy Calculation and MD Simulation of Some Novel Phenothiazines as 5HT6R Antagonists Targeting Alzheimer's Disease.",https://pubmed.ncbi.nlm.nih.gov/38204222/,,7108,C1=CC=C2C(=C1)NC3=CC=CC=C3S2,1,phenothiazine has experimental receptor evidence involving 5-HT6 receptor and is being evaluated as a possible GPR62 candidate.,Review pharmacology and consider experimental testing,https://pubmed.ncbi.nlm.nih.gov/38204222/
110,Boron,MT2-related exploratory candidate,MT2 receptor,No,No,No,Yes,No,0.2298387885093689,Low,Unvalidated,E,,0.2763952125310898,1,0.5,PubMed + PMC,2022,35328650,PMC8952423,International journal of molecular sciences,Barrón-González M; Rosales-Hernández MC; Abad-García A; Ocampo-Néstor AL; Santiago-Quintana JM; Pérez-Capistran T; Trujillo-Ferrara JG; Padilla-Martínez II; Farfán-García ED; Soriano-Ursúa MA,10.3390/ijms23063229,"Synthesis, In Silico, and Biological Evaluation of a Borinic Tryptophan-Derivative That Induces Melatonin-like Amelioration of Cognitive Deficit in Male Rat.",https://pubmed.ncbi.nlm.nih.gov/35328650/,https://pmc.ncbi.nlm.nih.gov/articles/PMC8952423/,5462311,[B],1,Boron currently has an ML prediction but requires stronger receptor-specific literature validation.,Literature validation needed before experimental priority,https://pubmed.ncbi.nlm.nih.gov/35328650/
111,Epinephrine,Close/related orphan GPCR candidate,GPR135,No,No,Yes,No,No,0.12740598618984222,Low,Unvalidated,E,,0.27631389102339743,3,0.75,PubMed,2014,24503482,,Molecular phylogenetics and evolution,Kakarala KK; Jamil K,10.1016/j.ympev.2014.01.022,Sequence-structure based phylogeny of GPCR Class A Rhodopsin receptors.,https://pubmed.ncbi.nlm.nih.gov/24503482/,,5816,CNCC(C1=CC(=C(C=C1)O)O)O,1,Epinephrine currently has an ML prediction but requires stronger receptor-specific literature validation.,Literature validation needed before experimental priority,https://pubmed.ncbi.nlm.nih.gov/24503482/
112,AVN-492,5-HT6 exploratory candidate,5-HT6 receptor,No,No,No,No,Yes,0.284511923789978,Low,Direct receptor evidence,C,"AVN-492, A Novel Highly Selective 5-HT6R Antagonist: Preclinical Evaluation.",0.27143275046348575,12,0.25,PubMed,2017,28550249,,Journal of Alzheimer's disease : JAD,Ivachtchenko AV; Okun I; Aladinskiy V; Ivanenkov Y; Koryakova A; Karapetyan R; Mitkin O; Salimov R; Ivashchenko A,10.3233/JAD-161262,"AVN-492, A Novel Highly Selective 5-HT6R Antagonist: Preclinical Evaluation.",https://pubmed.ncbi.nlm.nih.gov/28550249/,,56655571,CC1=C(C(=NC2=C(C(=NN12)NC)S(=O)(=O)C3=CC=CC=C3)C)N(C)C,1,AVN-492 has experimental receptor evidence involving 5-HT6 receptor and is being evaluated as a possible GPR62 candidate.,Review pharmacology and consider experimental testing,https://pubmed.ncbi.nlm.nih.gov/28550249/
113,Bicuculline,5-HT6 exploratory candidate,5-HT6 receptor,No,No,No,No,Yes,0.305184543132782,Low,Unvalidated,E,,0.26686995303630834,3,0.25,PubMed,2015,25863120,,Neuropharmacology,Asaoka N; Nagayasu K; Nishitani N; Yamashiro M; Shirakawa H; Nakagawa T; Kaneko S,10.1016/j.neuropharm.2015.03.032,Olanzapine augments the effect of selective serotonin reuptake inhibitors by suppressing GABAergic inhibition via antagonism of 5-HT₆ receptors in the dorsal raphe nucleus.,https://pubmed.ncbi.nlm.nih.gov/25863120/,,10237,CN1CCC2=CC3=C(C=C2C1C4C5=C(C6=C(C=C5)OCO6)C(=O)O4)OCO3,1,Bicuculline currently has an ML prediction but requires stronger receptor-specific literature validation.,Literature validation needed before experimental priority,https://pubmed.ncbi.nlm.nih.gov/25863120/
114,benzofuran,MT2-related exploratory candidate,MT2 receptor,No,No,No,Yes,No,0.20484234392642975,Low,Unvalidated,E,,0.26414752355217935,3,0.5,PubMed + PMC,2022,36325395,PMC9579922,RSC medicinal chemistry,Li TZ; Hu J; Sun JJ; Huang XY; Geng CA; Liu SB; Zhang XM; Chen JJ,10.1039/d2md00156j,Synthesis and biological evaluation of paeoveitol D derivatives as new melatonin receptor agonists with antidepressant activities.,https://pubmed.ncbi.nlm.nih.gov/36325395/,https://pmc.ncbi.nlm.nih.gov/articles/PMC9579922/,9223,C1=CC=C2C(=C1)C=CO2,1,benzofuran currently has an ML prediction but requires stronger receptor-specific literature validation.,Literature validation needed before experimental priority,https://pubmed.ncbi.nlm.nih.gov/36325395/
115,2-[125I]iodomelatonin,MT2-related exploratory candidate,MT2 receptor,No,No,No,Yes,No,0.20315669476985931,Low,Unvalidated,E,,0.26305185160040856,3,0.5,PubMed,2024,38606814,,Journal of pineal research,Bedini A; Elisi GM; Fanini F; Retini M; Scalvini L; Pasquini S; Contri C; Varani K; Spadoni G; Mor M; Vincenzi F; Rivara S,10.1111/jpi.12941,Binding and unbinding of potent melatonin receptor ligands: Mechanistic simulations and experimental evidence.,https://pubmed.ncbi.nlm.nih.gov/38606814/,,644212,CC(=O)NCCC1=C(NC2=C1C=C(C=C2)OC)I,1,2-[125I]iodomelatonin currently has an ML prediction but requires stronger receptor-specific literature validation.,Literature validation needed before experimental priority,https://pubmed.ncbi.nlm.nih.gov/38606814/
116,Zinc Oxide,MT2-related exploratory candidate,MT2 receptor,No,No,No,Yes,No,0.19647784531116486,Low,Unvalidated,E,,0.25671059945225716,2,0.5,PubMed,2025,40945137,,Journal of trace elements in medicine and biology : organ of the Society for Minerals and Trace Elements (GMS),Hua S; Song S; Yang C; Xu J; Li Z; Zhu B; Hua Z,10.1016/j.jtemb.2025.127746,Metallothionein 2A alleviates ulcerative colitis by inhibiting ferroptosis in intestinal epithelial cells with Tfrc downregulation.,https://pubmed.ncbi.nlm.nih.gov/40945137/,,3007857,[O-2].[Zn+2],1,Zinc Oxide currently has an ML prediction but requires stronger receptor-specific literature validation.,Literature validation needed before experimental priority,https://pubmed.ncbi.nlm.nih.gov/40945137/
117,Niacinamide,MT2-related exploratory candidate,MT2 receptor,No,No,No,Yes,No,0.1927245706319809,Low,Unvalidated,E,,0.2562709709107876,3,0.5,PubMed + PMC,2022,35455066,PMC9029934,"Life (Basel, Switzerland)",Yapislar H; Haciosmanoglu E; Sarioglu T; Degirmencioglu S; Sogut I; Poteser M; Ekmekcioglu C,10.3390/life12040574,Anti-Inflammatory Effects of Melatonin in Rats with Induced Type 2 Diabetes Mellitus.,https://pubmed.ncbi.nlm.nih.gov/35455066/,https://pmc.ncbi.nlm.nih.gov/articles/PMC9029934/,936,C1=CC(=CN=C1)C(=O)N,1,Niacinamide currently has an ML prediction but requires stronger receptor-specific literature validation.,Literature validation needed before experimental priority,https://pubmed.ncbi.nlm.nih.gov/35455066/
118,N-(2-(4-(2-methoxyphenyl)-1-piperazinyl)ethyl)-N-(2-pyridinyl)cyclohexanecarboxamide,5-HT6 exploratory candidate,5-HT6 receptor,No,No,No,No,Yes,0.271332710981369,Low,Unvalidated,E,,0.2508662621378899,6,0.25,PubMed,2015,25932719,,Behavioural pharmacology,Hasebe S; Ago Y; Nishiyama S; Oka S; Hashimoto H; Takuma K; Matsuda T,10.1097/FBP.0000000000000140,Pharmacological profile of encounter-induced hyperactivity in isolation-reared mice.,https://pubmed.ncbi.nlm.nih.gov/25932719/,,5684,COC1=CC=CC=C1N2CCN(CC2)CCN(C3=CC=CC=N3)C(=O)C4CCCCC4,2,N-(2-(4-(2-methoxyphenyl)-1-piperazinyl)ethyl)-N-(2-pyridinyl)cyclohexanecarboxamide currently has an ML prediction but requires stronger receptor-specific literature validation.,Literature validation needed before experimental priority,https://pubmed.ncbi.nlm.nih.gov/25932719/
118,N-(2-(4-(2-methoxyphenyl)-1-piperazinyl)ethyl)-N-(2-pyridinyl)cyclohexanecarboxamide,5-HT6 exploratory candidate,5-HT6 receptor,No,No,No,No,Yes,0.271332710981369,Low,Unvalidated,E,,0.2508662621378899,6,0.25,PubMed,2013,25287308,,Acta neuropsychiatrica,Masuda T; Nishikawa H; Inoue T; Toda H; Nakagawa S; Boku S; Koyama T,10.1111/j.1601-5215.2012.00669.x,"5-HT depletion, but not 5-HT1A antagonist, prevents the anxiolytic-like effect of citalopram in rat contextual conditioned fear stress model.",https://pubmed.ncbi.nlm.nih.gov/25287308/,,5684,COC1=CC=CC=C1N2CCN(CC2)CCN(C3=CC=CC=N3)C(=O)C4CCCCC4,2,N-(2-(4-(2-methoxyphenyl)-1-piperazinyl)ethyl)-N-(2-pyridinyl)cyclohexanecarboxamide currently has an ML prediction but requires stronger receptor-specific literature validation.,Literature validation needed before experimental priority,https://pubmed.ncbi.nlm.nih.gov/25287308/
119,benzothiazolone,5-HT6 exploratory candidate,5-HT6 receptor,No,No,No,No,Yes,0.2659669816493988,Low,Direct receptor evidence,C,6-Sulfonylbenzothiazolones as potential scaffolds for the design of 5-HT6 ligands.,0.24737853807210924,6,0.25,PubMed,2015,25637882,,European journal of medicinal chemistry,Larchanche PE; Ultré V; Le Broc D; Ballandone C; Furman C; Dallemagne P; Melnyk P; Carato P,10.1016/j.ejmech.2015.01.052,6-Sulfonylbenzothiazolones as potential scaffolds for the design of 5-HT6 ligands.,https://pubmed.ncbi.nlm.nih.gov/25637882/,,13625,C1=CC=C2C(=C1)NC(=O)S2,1,benzothiazolone has experimental receptor evidence involving 5-HT6 receptor and is being evaluated as a possible GPR62 candidate.,Review pharmacology and consider experimental testing,https://pubmed.ncbi.nlm.nih.gov/25637882/
120,Metformin,MT2-related exploratory candidate,MT2 receptor,No,No,No,Yes,No,0.1762213259935379,Low,Unvalidated,E,,0.24554386189579963,3,0.5,PubMed + PMC,2025,40871079,PMC12389105,Pharmaceutics,Gauthereau-Torres MY; Martínez-Guillen JS; Cervantes-Durán C; Gutiérrez-García CJ; Godínez-Hernández D; Aguilera Méndez A; Ortega-Varela LF,10.3390/pharmaceutics17081057,Preclinical Assessment of a Metformin-Melatonin Combination: Antinociceptive Synergism.,https://pubmed.ncbi.nlm.nih.gov/40871079/,https://pmc.ncbi.nlm.nih.gov/articles/PMC12389105/,4091,CN(C)C(=N)N=C(N)N,1,Metformin currently has an ML prediction but requires stronger receptor-specific literature validation.,Literature validation needed before experimental priority,https://pubmed.ncbi.nlm.nih.gov/40871079/
121,Strontium,MT2-related exploratory candidate,MT2 receptor,No,No,No,Yes,No,0.17730380594730377,Low,Unvalidated,E,,0.24224747386574746,1,0.5,PubMed,2023,37334912,,Food & function,Chang CH; Wu HC; Hsieh YR; Lai WD; Tung TH; Huang JJ; Kao WY; Huang SY,10.1039/d3fo01452e,Modulatory effect of n-3 polyunsaturated fatty acids on depressive-like behaviors in rats with chronic sleep deprivation: potential involvement of melatonin receptor pathway and brain lipidome.,https://pubmed.ncbi.nlm.nih.gov/37334912/,,5359327,[Sr],1,Strontium currently has an ML prediction but requires stronger receptor-specific literature validation.,Literature validation needed before experimental priority,https://pubmed.ncbi.nlm.nih.gov/37334912/
122,dopamine,MT2-related exploratory candidate,MT2 receptor,No,No,No,Yes,Yes,0.06756026297807693,Low,Direct receptor evidence,C,Metabolic and Cardiovascular Benefits and Risks of EMD386088-A 5-HT6 Receptor Partial Agonist and Dopamine Transporter Inhibitor.,0.23691417093575,34,0.5,PubMed + PMC,2025,41158173,PMC12554533,International journal of ophthalmology,Li XX; Yu J; Zhang LY; Shen Y; Wu MQ,10.18240/ijo.2025.11.04,Different color lights on refractive status and secretion of neurotransmitters in the guinea pig model of myopia.,https://pubmed.ncbi.nlm.nih.gov/41158173/,https://pmc.ncbi.nlm.nih.gov/articles/PMC12554533/,681,C1=CC(=C(C=C1CCN)O)O,15,"dopamine has experimental receptor evidence involving 5-HT6 receptor, MT2 receptor and is being evaluated as a possible GPR62 candidate.",Review pharmacology and consider experimental testing,https://pubmed.ncbi.nlm.nih.gov/41158173/
122,dopamine,MT2-related exploratory candidate,5-HT6 receptor,No,No,No,Yes,Yes,0.06756026297807693,Low,Direct receptor evidence,C,Metabolic and Cardiovascular Benefits and Risks of EMD386088-A 5-HT6 Receptor Partial Agonist and Dopamine Transporter Inhibitor.,0.23691417093575,34,0.5,PubMed,2025,40023605,,The Journal of pharmacology and experimental therapeutics,Zajdel P; Matłoka M; Konieczny J; Kos T; Lammers JC; Cavalco NG; Clark AA; Lenda T; Satała G; Canale V; Grychowska K; Krawczyk M; Nikiforuk A; Partyka A; Jastrzębska-Więsek M; Berghauzen-Maciejewska K; Biała D; Janicka M; Janusz A; Piast R; Mulewski K; Smuga D; Pieczykolan J; Wieczorek M; Moszczyński-Pętkowski R; Dubiel K; Ossowska K; Bojarski AJ; Kamiński K; McCorvy JD; Popik P,10.1016/j.jpet.2024.100055,Simultaneous 5-HT1BR agonist/5-HT6R antagonist action as a potential treatment of Parkinson's disease and its comorbidities.,https://pubmed.ncbi.nlm.nih.gov/40023605/,,681,C1=CC(=C(C=C1CCN)O)O,15,"dopamine has experimental receptor evidence involving 5-HT6 receptor, MT2 receptor and is being evaluated as a possible GPR62 candidate.",Review pharmacology and consider experimental testing,https://pubmed.ncbi.nlm.nih.gov/40023605/
122,dopamine,MT2-related exploratory candidate,5-HT6 receptor,No,No,No,Yes,Yes,0.06756026297807693,Low,Direct receptor evidence,C,Metabolic and Cardiovascular Benefits and Risks of EMD386088-A 5-HT6 Receptor Partial Agonist and Dopamine Transporter Inhibitor.,0.23691417093575,34,0.5,PubMed,2023,37270968,,Phytomedicine : international journal of phytotherapy and phytopharmacology,Oh DR; Choi C; Kim MJ; Mun BY; Ko H; Oh KN; Jo A; Kim JY; Bae D,10.1016/j.phymed.2023.154871,Antidepressant effects of p-coumaric acid isolated from Vaccinium bracteatum leaves extract on chronic restraint stress mouse model and antagonism of serotonin 6 receptor in vitro.,https://pubmed.ncbi.nlm.nih.gov/37270968/,,681,C1=CC(=C(C=C1CCN)O)O,15,"dopamine has experimental receptor evidence involving 5-HT6 receptor, MT2 receptor and is being evaluated as a possible GPR62 candidate.",Review pharmacology and consider experimental testing,https://pubmed.ncbi.nlm.nih.gov/37270968/
122,dopamine,MT2-related exploratory candidate,5-HT6 receptor,No,No,No,Yes,Yes,0.06756026297807693,Low,Direct receptor evidence,C,Metabolic and Cardiovascular Benefits and Risks of EMD386088-A 5-HT6 Receptor Partial Agonist and Dopamine Transporter Inhibitor.,0.23691417093575,34,0.5,PubMed,2020,32853642,,Brain research,Li L; Hui Y; Wu Z; Qiao H; Guo F; Ma B; Zhang Q,10.1016/j.brainres.2020.147072,Activation and blockade of 5-HT6 receptor in the medial septum-diagonal band recover working memory in the hemiparkinsonian rats.,https://pubmed.ncbi.nlm.nih.gov/32853642/,,681,C1=CC(=C(C=C1CCN)O)O,15,"dopamine has experimental receptor evidence involving 5-HT6 receptor, MT2 receptor and is being evaluated as a possible GPR62 candidate.",Review pharmacology and consider experimental testing,https://pubmed.ncbi.nlm.nih.gov/32853642/
122,dopamine,MT2-related exploratory candidate,5-HT6 receptor,No,No,No,Yes,Yes,0.06756026297807693,Low,Direct receptor evidence,C,Metabolic and Cardiovascular Benefits and Risks of EMD386088-A 5-HT6 Receptor Partial Agonist and Dopamine Transporter Inhibitor.,0.23691417093575,34,0.5,PubMed + PMC,2020,32279445,PMC7442682,Chemical biology & drug design,Giri R; Alberts I; Harding WW,10.1111/cbdd.13691,"Synthesis, pharmacological evaluations, and molecular docking studies on a new 1,3,4,11b-tetrahydro-1H-fluoreno[9,1-cd]azepine framework: Rigidification of D1 receptor selective 1-phenylbenzazepines and discovery of a new 5-HT6 receptor scaffold.",https://pubmed.ncbi.nlm.nih.gov/32279445/,https://pmc.ncbi.nlm.nih.gov/articles/PMC7442682/,681,C1=CC(=C(C=C1CCN)O)O,15,"dopamine has experimental receptor evidence involving 5-HT6 receptor, MT2 receptor and is being evaluated as a possible GPR62 candidate.",Review pharmacology and consider experimental testing,https://pubmed.ncbi.nlm.nih.gov/32279445/
122,dopamine,MT2-related exploratory candidate,5-HT6 receptor,No,No,No,Yes,Yes,0.06756026297807693,Low,Direct receptor evidence,C,Metabolic and Cardiovascular Benefits and Risks of EMD386088-A 5-HT6 Receptor Partial Agonist and Dopamine Transporter Inhibitor.,0.23691417093575,34,0.5,PubMed + PMC,2020,31468338,PMC7035192,Molecular neurobiology,Padovan-Neto FE; Patterson S; F Voelkner NM; Altwal F; Beverley JA; West AR; Steiner H,10.1007/s12035-019-01739-x,Selective Regulation of 5-HT1B Serotonin Receptor Expression in the Striatum by Dopamine Depletion and Repeated L-DOPA Treatment: Relationship to L-DOPA-Induced Dyskinesias.,https://pubmed.ncbi.nlm.nih.gov/31468338/,https://pmc.ncbi.nlm.nih.gov/articles/PMC7035192/,681,C1=CC(=C(C=C1CCN)O)O,15,"dopamine has experimental receptor evidence involving 5-HT6 receptor, MT2 receptor and is being evaluated as a possible GPR62 candidate.",Review pharmacology and consider experimental testing,https://pubmed.ncbi.nlm.nih.gov/31468338/
122,dopamine,MT2-related exploratory candidate,5-HT6 receptor,No,No,No,Yes,Yes,0.06756026297807693,Low,Direct receptor evidence,C,Metabolic and Cardiovascular Benefits and Risks of EMD386088-A 5-HT6 Receptor Partial Agonist and Dopamine Transporter Inhibitor.,0.23691417093575,34,0.5,PubMed,2018,29848076,,Expert opinion on investigational drugs,Khoury R; Grysman N; Gold J; Patel K; Grossberg GT,10.1080/13543784.2018.1483334,The role of 5 HT6-receptor antagonists in Alzheimer's disease: an update.,https://pubmed.ncbi.nlm.nih.gov/29848076/,,681,C1=CC(=C(C=C1CCN)O)O,15,"dopamine has experimental receptor evidence involving 5-HT6 receptor, MT2 receptor and is being evaluated as a possible GPR62 candidate.",Review pharmacology and consider experimental testing,https://pubmed.ncbi.nlm.nih.gov/29848076/
122,dopamine,MT2-related exploratory candidate,5-HT6 receptor,No,No,No,Yes,Yes,0.06756026297807693,Low,Direct receptor evidence,C,Metabolic and Cardiovascular Benefits and Risks of EMD386088-A 5-HT6 Receptor Partial Agonist and Dopamine Transporter Inhibitor.,0.23691417093575,34,0.5,PubMed,2018,29778944,,Neuropharmacology,Sun YN; Yao L; Li LB; Wang Y; Du CX; Guo Y; Liu J,10.1016/j.neuropharm.2018.05.016,Activation and blockade of basolateral amygdala 5-HT6 receptor produce anxiolytic-like behaviors in an experimental model of Parkinson's disease.,https://pubmed.ncbi.nlm.nih.gov/29778944/,,681,C1=CC(=C(C=C1CCN)O)O,15,"dopamine has experimental receptor evidence involving 5-HT6 receptor, MT2 receptor and is being evaluated as a possible GPR62 candidate.",Review pharmacology and consider experimental testing,https://pubmed.ncbi.nlm.nih.gov/29778944/
122,dopamine,MT2-related exploratory candidate,5-HT6 receptor,No,No,No,Yes,Yes,0.06756026297807693,Low,Direct receptor evidence,C,Metabolic and Cardiovascular Benefits and Risks of EMD386088-A 5-HT6 Receptor Partial Agonist and Dopamine Transporter Inhibitor.,0.23691417093575,34,0.5,PubMed + PMC,2017,28228713,PMC5296348,Frontiers in neuroscience,Kotańska M; Śniecikowska J; Jastrzębska-Więsek M; Kołaczkowski M; Pytka K,10.3389/fnins.2017.00050,Metabolic and Cardiovascular Benefits and Risks of EMD386088-A 5-HT6 Receptor Partial Agonist and Dopamine Transporter Inhibitor.,https://pubmed.ncbi.nlm.nih.gov/28228713/,https://pmc.ncbi.nlm.nih.gov/articles/PMC5296348/,681,C1=CC(=C(C=C1CCN)O)O,15,"dopamine has experimental receptor evidence involving 5-HT6 receptor, MT2 receptor and is being evaluated as a possible GPR62 candidate.",Review pharmacology and consider experimental testing,https://pubmed.ncbi.nlm.nih.gov/28228713/
122,dopamine,MT2-related exploratory candidate,5-HT6 receptor,No,No,No,Yes,Yes,0.06756026297807693,Low,Direct receptor evidence,C,Metabolic and Cardiovascular Benefits and Risks of EMD386088-A 5-HT6 Receptor Partial Agonist and Dopamine Transporter Inhibitor.,0.23691417093575,34,0.5,PubMed,2016,27616337,,Brain research,Liu KC; Li JY; Xie W; Li LB; Zhang J; Du CX; Zhang YM; Tan HH; Wang HS; Zhang L,10.1016/j.brainres.2016.09.009,Activation and blockade of serotonin6 receptors in the dorsal hippocampus enhance T maze and hole-board performance in a unilateral 6-hydroxydopamine rat model of Parkinson's disease.,https://pubmed.ncbi.nlm.nih.gov/27616337/,,681,C1=CC(=C(C=C1CCN)O)O,15,"dopamine has experimental receptor evidence involving 5-HT6 receptor, MT2 receptor and is being evaluated as a possible GPR62 candidate.",Review pharmacology and consider experimental testing,https://pubmed.ncbi.nlm.nih.gov/27616337/
122,dopamine,MT2-related exploratory candidate,5-HT6 receptor,No,No,No,Yes,Yes,0.06756026297807693,Low,Direct receptor evidence,C,Metabolic and Cardiovascular Benefits and Risks of EMD386088-A 5-HT6 Receptor Partial Agonist and Dopamine Transporter Inhibitor.,0.23691417093575,34,0.5,PubMed,2016,27424103,,Neuropharmacology,Zhang YM; Zhang L; Wang Y; Sun YN; Guo Y; Du CX; Zhang J; Yao L; Yu SQ; Liu J,10.1016/j.neuropharm.2016.07.014,Activation and blockade of prelimbic 5-HT6 receptors produce different effects on depressive-like behaviors in unilateral 6-hydroxydopamine-induced Parkinson's rats.,https://pubmed.ncbi.nlm.nih.gov/27424103/,,681,C1=CC(=C(C=C1CCN)O)O,15,"dopamine has experimental receptor evidence involving 5-HT6 receptor, MT2 receptor and is being evaluated as a possible GPR62 candidate.",Review pharmacology and consider experimental testing,https://pubmed.ncbi.nlm.nih.gov/27424103/
122,dopamine,MT2-related exploratory candidate,5-HT6 receptor,No,No,No,Yes,Yes,0.06756026297807693,Low,Direct receptor evidence,C,Metabolic and Cardiovascular Benefits and Risks of EMD386088-A 5-HT6 Receptor Partial Agonist and Dopamine Transporter Inhibitor.,0.23691417093575,34,0.5,PubMed,2016,27035065,,Behavioural pharmacology,Briones-Aranda A; Suárez-Santiago JE; Picazo O; Castellanos-Pérez M,10.1097/FBP.0000000000000235,"Effect of ketamine administration, alone and in combination with E-6837, on climbing behavior.",https://pubmed.ncbi.nlm.nih.gov/27035065/,,681,C1=CC(=C(C=C1CCN)O)O,15,"dopamine has experimental receptor evidence involving 5-HT6 receptor, MT2 receptor and is being evaluated as a possible GPR62 candidate.",Review pharmacology and consider experimental testing,https://pubmed.ncbi.nlm.nih.gov/27035065/
122,dopamine,MT2-related exploratory candidate,5-HT6 receptor,No,No,No,Yes,Yes,0.06756026297807693,Low,Direct receptor evidence,C,Metabolic and Cardiovascular Benefits and Risks of EMD386088-A 5-HT6 Receptor Partial Agonist and Dopamine Transporter Inhibitor.,0.23691417093575,34,0.5,PubMed + PMC,2016,27032690,PMC4946068,Neuropsychopharmacology : official publication of the American College of Neuropsychopharmacology,Brodsky M; Gibson AW; Smirnov D; Nair SG; Neumaier JF,10.1038/npp.2016.45,Striatal 5-HT6 Receptors Regulate Cocaine Reinforcement in a Pathway-Selective Manner.,https://pubmed.ncbi.nlm.nih.gov/27032690/,https://pmc.ncbi.nlm.nih.gov/articles/PMC4946068/,681,C1=CC(=C(C=C1CCN)O)O,15,"dopamine has experimental receptor evidence involving 5-HT6 receptor, MT2 receptor and is being evaluated as a possible GPR62 candidate.",Review pharmacology and consider experimental testing,https://pubmed.ncbi.nlm.nih.gov/27032690/
122,dopamine,MT2-related exploratory candidate,5-HT6 receptor,No,No,No,Yes,Yes,0.06756026297807693,Low,Direct receptor evidence,C,Metabolic and Cardiovascular Benefits and Risks of EMD386088-A 5-HT6 Receptor Partial Agonist and Dopamine Transporter Inhibitor.,0.23691417093575,34,0.5,PubMed + PMC,2015,25934037,PMC4457577,Neuroscience,Eskenazi D; Brodsky M; Neumaier JF,10.1016/j.neuroscience.2015.04.046,Deconstructing 5-HT6 receptor effects on striatal circuit function.,https://pubmed.ncbi.nlm.nih.gov/25934037/,https://pmc.ncbi.nlm.nih.gov/articles/PMC4457577/,681,C1=CC(=C(C=C1CCN)O)O,15,"dopamine has experimental receptor evidence involving 5-HT6 receptor, MT2 receptor and is being evaluated as a possible GPR62 candidate.",Review pharmacology and consider experimental testing,https://pubmed.ncbi.nlm.nih.gov/25934037/
122,dopamine,MT2-related exploratory candidate,5-HT6 receptor,No,No,No,Yes,Yes,0.06756026297807693,Low,Direct receptor evidence,C,Metabolic and Cardiovascular Benefits and Risks of EMD386088-A 5-HT6 Receptor Partial Agonist and Dopamine Transporter Inhibitor.,0.23691417093575,34,0.5,PubMed,2015,25735994,,"Journal of psychopharmacology (Oxford, England)",Borsini F; Bordi F; Poggi A; Di Matteo V,10.1177/0269881115573804,"Effects of ST1936, a selective serotonin-6 agonist, on electrical activity of putative mesencephalic dopaminergic neurons in the rat brain.",https://pubmed.ncbi.nlm.nih.gov/25735994/,,681,C1=CC(=C(C=C1CCN)O)O,15,"dopamine has experimental receptor evidence involving 5-HT6 receptor, MT2 receptor and is being evaluated as a possible GPR62 candidate.",Review pharmacology and consider experimental testing,https://pubmed.ncbi.nlm.nih.gov/25735994/
123,Streptozocin,MT2-related exploratory candidate,MT2 receptor,No,No,No,Yes,Yes,0.13757288455963135,Low,Unvalidated,E,,0.23642237496376037,11,0.5,PubMed + PMC,2022,35455066,PMC9029934,"Life (Basel, Switzerland)",Yapislar H; Haciosmanoglu E; Sarioglu T; Degirmencioglu S; Sogut I; Poteser M; Ekmekcioglu C,10.3390/life12040574,Anti-Inflammatory Effects of Melatonin in Rats with Induced Type 2 Diabetes Mellitus.,https://pubmed.ncbi.nlm.nih.gov/35455066/,https://pmc.ncbi.nlm.nih.gov/articles/PMC9029934/,29327,CN(C(=O)NC1C(C(C(OC1O)CO)O)O)N=O,4,Streptozocin currently has an ML prediction but requires stronger receptor-specific literature validation.,Literature validation needed before experimental priority,https://pubmed.ncbi.nlm.nih.gov/35455066/
123,Streptozocin,MT2-related exploratory candidate,5-HT6 receptor,No,No,No,Yes,Yes,0.13757288455963135,Low,Unvalidated,E,,0.23642237496376037,11,0.5,PubMed,2025,40757510,,Journal of neurochemistry,Mokhtar N; Drop M; Delay L; Rondón LJ; Costerousse L; Chapuy E; Prival L; Lamaty F; Bantreil X; Canale V; Marin P; Zajdel P; Doly S; Courteix C,10.1111/jnc.70179,5-HT6 Receptor Inverse Agonists Modulate Diabetic Neuropathic Pain in Female Rats: Evidence for 5-HT6 Receptor Constitutive Activity.,https://pubmed.ncbi.nlm.nih.gov/40757510/,,29327,CN(C(=O)NC1C(C(C(OC1O)CO)O)O)N=O,4,Streptozocin currently has an ML prediction but requires stronger receptor-specific literature validation.,Literature validation needed before experimental priority,https://pubmed.ncbi.nlm.nih.gov/40757510/
123,Streptozocin,MT2-related exploratory candidate,5-HT6 receptor,No,No,No,Yes,Yes,0.13757288455963135,Low,Unvalidated,E,,0.23642237496376037,11,0.5,PubMed + PMC,2023,36830733,PMC9953062,Biomolecules,Mokhtar N; Drop M; Jacquot F; Lamoine S; Chapuy E; Prival L; Aissouni Y; Canale V; Lamaty F; Zajdel P; Marin P; Doly S; Courteix C,10.3390/biom13020364,The Constitutive Activity of Spinal 5-HT6 Receptors Contributes to Diabetic Neuropathic Pain in Rats.,https://pubmed.ncbi.nlm.nih.gov/36830733/,https://pmc.ncbi.nlm.nih.gov/articles/PMC9953062/,29327,CN(C(=O)NC1C(C(C(OC1O)CO)O)O)N=O,4,Streptozocin currently has an ML prediction but requires stronger receptor-specific literature validation.,Literature validation needed before experimental priority,https://pubmed.ncbi.nlm.nih.gov/36830733/
123,Streptozocin,MT2-related exploratory candidate,5-HT6 receptor,No,No,No,Yes,Yes,0.13757288455963135,Low,Unvalidated,E,,0.23642237496376037,11,0.5,PubMed,2018,29502275,,Psychopharmacology,Bokare AM; Bhonde M; Goel R; Nayak Y,10.1007/s00213-018-4866-z,5-HT6 receptor agonist and antagonist modulates ICV-STZ-induced memory impairment in rats.,https://pubmed.ncbi.nlm.nih.gov/29502275/,,29327,CN(C(=O)NC1C(C(C(OC1O)CO)O)O)N=O,4,Streptozocin currently has an ML prediction but requires stronger receptor-specific literature validation.,Literature validation needed before experimental priority,https://pubmed.ncbi.nlm.nih.gov/29502275/
124,indole,5-HT6 exploratory candidate,5-HT6 receptor,No,No,No,No,Yes,0.18069739639759064,Low,Direct receptor evidence,C,"Design and synthesis of novel series of 5-HT6 receptor ligands having indole, a central aromatic core and 1-amino-4 methyl piperazine as a positive ionizable group.",0.23595330765843392,28,0.25,PubMed + PMC,2025,40069248,PMC11897353,Scientific reports,Alcaíno JM; Vera G; Almarza G; Lagos CF; Terraza CA; Del Campo A; Recabarren-Gajardo G,10.1038/s41598-025-92755-6,Novel 5-HT6R modulators as mTOR-dependent neuronal autophagy inductors.,https://pubmed.ncbi.nlm.nih.gov/40069248/,https://pmc.ncbi.nlm.nih.gov/articles/PMC11897353/,798,C1=CC=C2C(=C1)C=CN2,7,indole has experimental receptor evidence involving 5-HT6 receptor and is being evaluated as a possible GPR62 candidate.,Review pharmacology and consider experimental testing,https://pubmed.ncbi.nlm.nih.gov/40069248/
124,indole,5-HT6 exploratory candidate,5-HT6 receptor,No,No,No,No,Yes,0.18069739639759064,Low,Direct receptor evidence,C,"Design and synthesis of novel series of 5-HT6 receptor ligands having indole, a central aromatic core and 1-amino-4 methyl piperazine as a positive ionizable group.",0.23595330765843392,28,0.25,PubMed + PMC,2021,33705101,PMC8041276,ACS chemical neuroscience,Drop M; Canale V; Chaumont-Dubel S; Kurczab R; Satała G; Bantreil X; Walczak M; Koczurkiewicz-Adamczyk P; Latacz G; Gwizdak A; Krawczyk M; Gołębiowska J; Grychowska K; Bojarski AJ; Nikiforuk A; Subra G; Martinez J; Pawłowski M; Popik P; Marin P; Lamaty F; Zajdel P,10.1021/acschemneuro.1c00061,2-Phenyl-1H-pyrrole-3-carboxamide as a New Scaffold for Developing 5-HT6 Receptor Inverse Agonists with Cognition-Enhancing Activity.,https://pubmed.ncbi.nlm.nih.gov/33705101/,https://pmc.ncbi.nlm.nih.gov/articles/PMC8041276/,798,C1=CC=C2C(=C1)C=CN2,7,indole has experimental receptor evidence involving 5-HT6 receptor and is being evaluated as a possible GPR62 candidate.,Review pharmacology and consider experimental testing,https://pubmed.ncbi.nlm.nih.gov/33705101/
124,indole,5-HT6 exploratory candidate,5-HT6 receptor,No,No,No,No,Yes,0.18069739639759064,Low,Direct receptor evidence,C,"Design and synthesis of novel series of 5-HT6 receptor ligands having indole, a central aromatic core and 1-amino-4 methyl piperazine as a positive ionizable group.",0.23595330765843392,28,0.25,PubMed,2020,32693296,,European journal of medicinal chemistry,Sudoł S; Kucwaj-Brysz K; Kurczab R; Wilczyńska N; Jastrzębska-Więsek M; Satała G; Latacz G; Głuch-Lutwin M; Mordyl B; Żesławska E; Nitek W; Partyka A; Buzun K; Doroz-Płonka A; Wesołowska A; Bielawska A; Handzlik J,10.1016/j.ejmech.2020.112529,"Chlorine substituents and linker topology as factors of 5-HT6R activity for novel highly active 1,3,5-triazine derivatives with procognitive properties in vivo.",https://pubmed.ncbi.nlm.nih.gov/32693296/,,798,C1=CC=C2C(=C1)C=CN2,7,indole has experimental receptor evidence involving 5-HT6 receptor and is being evaluated as a possible GPR62 candidate.,Review pharmacology and consider experimental testing,https://pubmed.ncbi.nlm.nih.gov/32693296/
124,indole,5-HT6 exploratory candidate,5-HT6 receptor,No,No,No,No,Yes,0.18069739639759064,Low,Direct receptor evidence,C,"Design and synthesis of novel series of 5-HT6 receptor ligands having indole, a central aromatic core and 1-amino-4 methyl piperazine as a positive ionizable group.",0.23595330765843392,28,0.25,PubMed + PMC,2019,31817628,PMC6943527,"Molecules (Basel, Switzerland)",Lubelska A; Latacz G; Jastrzębska-Więsek M; Kotańska M; Kurczab R; Partyka A; Marć MA; Wilczyńska D; Doroz-Płonka A; Łażewska D; Wesołowska A; Kieć-Kononowicz K; Handzlik J,10.3390/molecules24244472,"Are the Hydantoin-1,3,5-triazine 5-HT6R Ligands a Hope to a Find New Procognitive and Anti-Obesity Drug? Considerations Based on Primary In Vivo Assays and ADME-Tox Profile In Vitro.",https://pubmed.ncbi.nlm.nih.gov/31817628/,https://pmc.ncbi.nlm.nih.gov/articles/PMC6943527/,798,C1=CC=C2C(=C1)C=CN2,7,indole has experimental receptor evidence involving 5-HT6 receptor and is being evaluated as a possible GPR62 candidate.,Review pharmacology and consider experimental testing,https://pubmed.ncbi.nlm.nih.gov/31817628/
124,indole,5-HT6 exploratory candidate,5-HT6 receptor,No,No,No,No,Yes,0.18069739639759064,Low,Direct receptor evidence,C,"Design and synthesis of novel series of 5-HT6 receptor ligands having indole, a central aromatic core and 1-amino-4 methyl piperazine as a positive ionizable group.",0.23595330765843392,28,0.25,PubMed + PMC,2019,31336820,PMC6678253,International journal of molecular sciences,Latacz G; Lubelska A; Jastrzębska-Więsek M; Partyka A; Marć MA; Satała G; Wilczyńska D; Kotańska M; Więcek M; Kamińska K; Wesołowska A; Kieć-Kononowicz K; Handzlik J,10.3390/ijms20143420,"The 1,3,5-Triazine Derivatives as Innovative Chemical Family of 5-HT6 Serotonin Receptor Agents with Therapeutic Perspectives for Cognitive Impairment.",https://pubmed.ncbi.nlm.nih.gov/31336820/,https://pmc.ncbi.nlm.nih.gov/articles/PMC6678253/,798,C1=CC=C2C(=C1)C=CN2,7,indole has experimental receptor evidence involving 5-HT6 receptor and is being evaluated as a possible GPR62 candidate.,Review pharmacology and consider experimental testing,https://pubmed.ncbi.nlm.nih.gov/31336820/
124,indole,5-HT6 exploratory candidate,5-HT6 receptor,No,No,No,No,Yes,0.18069739639759064,Low,Direct receptor evidence,C,"Design and synthesis of novel series of 5-HT6 receptor ligands having indole, a central aromatic core and 1-amino-4 methyl piperazine as a positive ionizable group.",0.23595330765843392,28,0.25,PubMed,2013,23810425,,Bioorganic & medicinal chemistry,Hayat F; Cho S; Rhim H; Indu Viswanath AN; Pae AN; Lee JY; Choo DJ; Choo HY,10.1016/j.bmc.2013.05.051,"Design and synthesis of novel series of 5-HT6 receptor ligands having indole, a central aromatic core and 1-amino-4 methyl piperazine as a positive ionizable group.",https://pubmed.ncbi.nlm.nih.gov/23810425/,,798,C1=CC=C2C(=C1)C=CN2,7,indole has experimental receptor evidence involving 5-HT6 receptor and is being evaluated as a possible GPR62 candidate.,Review pharmacology and consider experimental testing,https://pubmed.ncbi.nlm.nih.gov/23810425/
124,indole,5-HT6 exploratory candidate,5-HT6 receptor,No,No,No,No,Yes,0.18069739639759064,Low,Direct receptor evidence,C,"Design and synthesis of novel series of 5-HT6 receptor ligands having indole, a central aromatic core and 1-amino-4 methyl piperazine as a positive ionizable group.",0.23595330765843392,28,0.25,PubMed,2013,23542166,,European journal of medicinal chemistry,Mattsson C; Svensson P; Boettcher H; Sonesson C,10.1016/j.ejmech.2013.03.006,"Structure-activity relationship of 5-chloro-2-methyl-3-(1,2,3,6-tetrahydropyridin-4-yl)-1H-indole analogues as 5-HT(6) receptor agonists.",https://pubmed.ncbi.nlm.nih.gov/23542166/,,798,C1=CC=C2C(=C1)C=CN2,7,indole has experimental receptor evidence involving 5-HT6 receptor and is being evaluated as a possible GPR62 candidate.,Review pharmacology and consider experimental testing,https://pubmed.ncbi.nlm.nih.gov/23542166/
125,1-naphthaleneacetic acid,MT2-related exploratory candidate,MT2 receptor,No,No,No,Yes,No,0.16315309703350067,Low,Unvalidated,E,,0.23304951307177546,1,0.5,PubMed + PMC,2023,37324427,PMC10264656,Frontiers in bioengineering and biotechnology,Han Z; Maruwan J; Tang Y; Su WW,10.3389/fbioe.2023.1188119,Conditional protein degradation in Yarrowia lipolytica using the auxin-inducible degron.,https://pubmed.ncbi.nlm.nih.gov/37324427/,https://pmc.ncbi.nlm.nih.gov/articles/PMC10264656/,6862,C1=CC=C2C(=C1)C=CC=C2CC(=O)O,1,1-naphthaleneacetic acid currently has an ML prediction but requires stronger receptor-specific literature validation.,Literature validation needed before experimental priority,https://pubmed.ncbi.nlm.nih.gov/37324427/
126,benzenesulfonamide,5-HT6 exploratory candidate,5-HT6 receptor,No,No,No,No,Yes,0.254574179649353,Low,Indirect/context evidence,D,Benzenesulfonyl and Benzenesulfonamide as Modulators of the 5-HT6 Receptor: Patent Highlight.,0.22997321677207946,1,0.25,PubMed + PMC,2012,24900400,PMC4025790,ACS medicinal chemistry letters,Rosse G,10.1021/ml300338u,Benzenesulfonyl and Benzenesulfonamide as Modulators of the 5-HT6 Receptor: Patent Highlight.,https://pubmed.ncbi.nlm.nih.gov/24900400/,https://pmc.ncbi.nlm.nih.gov/articles/PMC4025790/,7370,C1=CC=C(C=C1)S(=O)(=O)N,1,"benzenesulfonamide appears in literature related to 5-HT6 receptor, but direct receptor interaction has not been established.",Review full article for direct receptor evidence,https://pubmed.ncbi.nlm.nih.gov/24900400/
127,Zn2+,MT2-related exploratory candidate,MT2 receptor,No,No,No,Yes,No,0.15823692083358765,Low,Unvalidated,E,,0.22985399854183197,1,0.5,PubMed + PMC,2024,38593708,PMC11913417,Biomedicine & pharmacotherapy = Biomedecine & pharmacotherapie,González R; Ceacero-Heras D; Tena-Garitaonaindia M; Álvarez-Mercado A; Gámez-Belmonte R; Chazin WJ; Sánchez de Medina F; Martínez-Augustin O,10.1016/j.biopha.2024.116555,Intestinal inflammation marker calprotectin regulates epithelial intestinal zinc metabolism and proliferation in mouse jejunal organoids.,https://pubmed.ncbi.nlm.nih.gov/38593708/,https://pmc.ncbi.nlm.nih.gov/articles/PMC11913417/,32051,[Zn+2],1,Zn2+ currently has an ML prediction but requires stronger receptor-specific literature validation.,Literature validation needed before experimental priority,https://pubmed.ncbi.nlm.nih.gov/38593708/
128,BGC,5-HT6 exploratory candidate,5-HT6 receptor,No,No,No,No,Yes,0.2442263513803482,Low,Unvalidated,E,,0.22724712839722636,3,0.25,PubMed,2021,33220385,,"Pharmacology, biochemistry, and behavior",Amodeo DA; Oliver B; Pahua A; Hitchcock K; Bykowski A; Tice D; Musleh A; Ryan BC,10.1016/j.pbb.2020.173076,Serotonin 6 receptor blockade reduces repetitive behavior in the BTBR mouse model of autism spectrum disorder.,https://pubmed.ncbi.nlm.nih.gov/33220385/,,64689,C(C1C(C(C(C(O1)O)O)O)O)O,1,BGC currently has an ML prediction but requires stronger receptor-specific literature validation.,Literature validation needed before experimental priority,https://pubmed.ncbi.nlm.nih.gov/33220385/
129,Cadmium,MT2-related exploratory candidate,MT2 receptor,No,No,No,Yes,No,0.13735178112983704,Low,Indirect/context evidence,D,"Agonism of MT1 and MT2 Receptor Mitigates Oxidative Insult, Neuroinflammation, and Cerebral Injury in Cadmium Chloride Treated Animals.",0.2242786577343941,5,0.5,PubMed,2025,40526280,,Molecular biology reports,Sheibani M; Hosseinzadeh A; Fatemi I; Mehrzadi S,10.1007/s11033-025-10713-x,Melatonin and necroptosis: therapeutic aspects based on cellular mechanisms.,https://pubmed.ncbi.nlm.nih.gov/40526280/,,23973,[Cd],2,"Cadmium appears in literature related to MT2 receptor, but direct receptor interaction has not been established.",Review full article for direct receptor evidence,https://pubmed.ncbi.nlm.nih.gov/40526280/
129,Cadmium,MT2-related exploratory candidate,MT2 receptor,No,No,No,Yes,No,0.13735178112983704,Low,Indirect/context evidence,D,"Agonism of MT1 and MT2 Receptor Mitigates Oxidative Insult, Neuroinflammation, and Cerebral Injury in Cadmium Chloride Treated Animals.",0.2242786577343941,5,0.5,PubMed,2025,40493137,,Neurochemical research,Jadaun MS; Singh P; Gupta S,10.1007/s11064-025-04451-6,"Agonism of MT1 and MT2 Receptor Mitigates Oxidative Insult, Neuroinflammation, and Cerebral Injury in Cadmium Chloride Treated Animals.",https://pubmed.ncbi.nlm.nih.gov/40493137/,,23973,[Cd],2,"Cadmium appears in literature related to MT2 receptor, but direct receptor interaction has not been established.",Review full article for direct receptor evidence,https://pubmed.ncbi.nlm.nih.gov/40493137/
130,Fe2+,MT2-related exploratory candidate,MT2 receptor,No,No,No,Yes,No,0.14468339085578918,Low,Unvalidated,E,,0.22104420405626296,1,0.5,PubMed,2025,40945137,,Journal of trace elements in medicine and biology : organ of the Society for Minerals and Trace Elements (GMS),Hua S; Song S; Yang C; Xu J; Li Z; Zhu B; Hua Z,10.1016/j.jtemb.2025.127746,Metallothionein 2A alleviates ulcerative colitis by inhibiting ferroptosis in intestinal epithelial cells with Tfrc downregulation.,https://pubmed.ncbi.nlm.nih.gov/40945137/,,27284,[Fe+2],1,Fe2+ currently has an ML prediction but requires stronger receptor-specific literature validation.,Literature validation needed before experimental priority,https://pubmed.ncbi.nlm.nih.gov/40945137/
131,Acrylamide,MT2-related exploratory candidate,MT2 receptor,No,No,No,Yes,No,0.1431623250246048,Low,Unvalidated,E,,0.22005551126599313,1,0.5,PubMed + PMC,2025,40402233,PMC12552338,Naunyn-Schmiedeberg's archives of pharmacology,Atasever A; Tekin S; Bolat İ; Bolat M; Dağ Y; ÇınaR B; Şengül E; Yıldırım S; Warda M; Çelebi F,10.1007/s00210-025-04292-8,"The effects of melatonin on oxidative stress, inflammation, apoptosis and Nrf2/HO-1 in acrylamide-induced lung injury in rats.",https://pubmed.ncbi.nlm.nih.gov/40402233/,https://pmc.ncbi.nlm.nih.gov/articles/PMC12552338/,6579,C=CC(=O)N,1,Acrylamide currently has an ML prediction but requires stronger receptor-specific literature validation.,Literature validation needed before experimental priority,https://pubmed.ncbi.nlm.nih.gov/40402233/
132,Copper,MT2-related exploratory candidate,MT2 receptor,No,No,No,Yes,No,0.14189766347408295,Low,Unvalidated,E,,0.21923348125815392,1,0.5,PubMed + PMC,2023,37324427,PMC10264656,Frontiers in bioengineering and biotechnology,Han Z; Maruwan J; Tang Y; Su WW,10.3389/fbioe.2023.1188119,Conditional protein degradation in Yarrowia lipolytica using the auxin-inducible degron.,https://pubmed.ncbi.nlm.nih.gov/37324427/,https://pmc.ncbi.nlm.nih.gov/articles/PMC10264656/,23978,[Cu],1,Copper currently has an ML prediction but requires stronger receptor-specific literature validation.,Literature validation needed before experimental priority,https://pubmed.ncbi.nlm.nih.gov/37324427/
133,Sodium,MT2-related exploratory candidate,MT2 receptor,No,No,No,Yes,No,0.13455082476139069,Low,Unvalidated,E,,0.21445803609490394,1,0.5,PubMed + PMC,2023,37002193,PMC10123881,Molecular pain,Lv MD; Wei YX; Chen JP; Cao MY; Wang QL; Hu S,10.1177/17448069231170072,Melatonin attenuated chronic visceral pain by reducing Nav1.8 expression and nociceptive neuronal sensitization.,https://pubmed.ncbi.nlm.nih.gov/37002193/,https://pmc.ncbi.nlm.nih.gov/articles/PMC10123881/,5360545,[Na],1,Sodium currently has an ML prediction but requires stronger receptor-specific literature validation.,Literature validation needed before experimental priority,https://pubmed.ncbi.nlm.nih.gov/37002193/
134,N-Methylaspartate,5-HT6 exploratory candidate,5-HT6 receptor,No,No,No,No,Yes,0.210951566696167,Low,Unvalidated,E,,0.21361851835250856,7,0.25,PubMed,2017,27373846,,Pharmacological research,Asselot R; Simon-O'Brien E; Lebourgeois S; Nee G; Delaunay V; Duchatelle P; Bouet V; Dauphin F,10.1016/j.phrs.2016.06.009,Time-dependent impact of glutamatergic modulators on the promnesiant effect of 5-HT6R blockade on mice recognition memory.,https://pubmed.ncbi.nlm.nih.gov/27373846/,,22880,CNC(CC(=O)O)C(=O)O,2,N-Methylaspartate currently has an ML prediction but requires stronger receptor-specific literature validation.,Literature validation needed before experimental priority,https://pubmed.ncbi.nlm.nih.gov/27373846/
134,N-Methylaspartate,5-HT6 exploratory candidate,5-HT6 receptor,No,No,No,No,Yes,0.210951566696167,Low,Unvalidated,E,,0.21361851835250856,7,0.25,PubMed,2015,26548316,,Expert opinion on investigational drugs,Wicke K; Haupt A; Bespalov A,10.1517/13543784.2015.1102884,Investigational drugs targeting 5-HT6 receptors for the treatment of Alzheimer's disease.,https://pubmed.ncbi.nlm.nih.gov/26548316/,,22880,CNC(CC(=O)O)C(=O)O,2,N-Methylaspartate currently has an ML prediction but requires stronger receptor-specific literature validation.,Literature validation needed before experimental priority,https://pubmed.ncbi.nlm.nih.gov/26548316/
135,Ca2+,MT2-related exploratory candidate,MT2 receptor,No,No,No,Yes,No,0.12520547211170197,Low,Unvalidated,E,,0.2103835568726063,2,0.5,PubMed + PMC,2025,40697662,PMC12279780,Frontiers in pharmacology,Salagre D; Sanjuán-Hidalgo J; Elmahallawy EK; Medina PP; Agil A,10.3389/fphar.2025.1633326,MT2 receptor mediates melatonin-induced thermogenic program in human myoblasts: insights for circadian syndrome and diabesity treatment.,https://pubmed.ncbi.nlm.nih.gov/40697662/,https://pmc.ncbi.nlm.nih.gov/articles/PMC12279780/,271,[Ca+2],2,Ca2+ currently has an ML prediction but requires stronger receptor-specific literature validation.,Literature validation needed before experimental priority,https://pubmed.ncbi.nlm.nih.gov/40697662/
135,Ca2+,MT2-related exploratory candidate,MT2 receptor,No,No,No,Yes,No,0.12520547211170197,Low,Unvalidated,E,,0.2103835568726063,2,0.5,PubMed,2023,37742475,,Biochemical and biophysical research communications,Dong S; Kifune T; Kato H; Wang L; Kong J; Hirofuji Y; Sun X; Sato H; Ito Y; Kato TA; Sakai Y; Ohga S; Fukumoto S; Masuda K,10.1016/j.bbrc.2023.09.050,Effects of melatonin on dopaminergic neuron development via IP3-mediated mitochondrial Ca2+ regulation in autism spectrum disorder.,https://pubmed.ncbi.nlm.nih.gov/37742475/,,271,[Ca+2],2,Ca2+ currently has an ML prediction but requires stronger receptor-specific literature validation.,Literature validation needed before experimental priority,https://pubmed.ncbi.nlm.nih.gov/37742475/
136,Scopolamine,5-HT6 exploratory candidate,5-HT6 receptor,No,No,No,No,Yes,0.2069084495306015,Low,Unvalidated,E,,0.208990492194891,6,0.25,PubMed,2013,24135200,,European journal of pharmacology,Jayarajan P; Nirogi R; Shinde A,10.1016/j.ejphar.2013.10.005,Effect of olanzapine on scopolamine induced deficits in differential reinforcement of low rate 72s (DRL-72s) schedule in rats: involvement of the serotonergic receptors in restoring the deficits.,https://pubmed.ncbi.nlm.nih.gov/24135200/,,3000322,CN1C2CC(CC1C3C2O3)OC(=O)C(CO)C4=CC=CC=C4,1,Scopolamine currently has an ML prediction but requires stronger receptor-specific literature validation.,Literature validation needed before experimental priority,https://pubmed.ncbi.nlm.nih.gov/24135200/
137,"6-fluoro-3-(piperidin-4-yl)-1,2-benzoxazole",5-HT6 exploratory candidate,5-HT6 receptor,No,No,No,No,Yes,0.22003638744354248,Low,Unvalidated,E,,0.20752365183830263,1,0.25,PubMed,2014,24805037,,Journal of medicinal chemistry,Kołaczkowski M; Marcinkowska M; Bucki A; Pawłowski M; Mitka K; Jaśkowska J; Kowalski P; Kazek G; Siwek A; Wasik A; Wesołowska A; Mierzejewski P; Bienkowski P,10.1021/jm401895u,Novel arylsulfonamide derivatives with 5-HT₆/5-HT₇ receptor antagonism targeting behavioral and psychological symptoms of dementia.,https://pubmed.ncbi.nlm.nih.gov/24805037/,,849421,C1CNCCC1C2=NOC3=C2C=CC(=C3)F,1,"6-fluoro-3-(piperidin-4-yl)-1,2-benzoxazole currently has an ML prediction but requires stronger receptor-specific literature validation.",Literature validation needed before experimental priority,https://pubmed.ncbi.nlm.nih.gov/24805037/
138,Cadmium Chloride,MT2-related exploratory candidate,MT2 receptor,No,No,No,Yes,No,0.11320284754037857,Low,Indirect/context evidence,D,"Agonism of MT1 and MT2 Receptor Mitigates Oxidative Insult, Neuroinflammation, and Cerebral Injury in Cadmium Chloride Treated Animals.",0.2065818509012461,4,0.5,PubMed,2025,40493137,,Neurochemical research,Jadaun MS; Singh P; Gupta S,10.1007/s11064-025-04451-6,"Agonism of MT1 and MT2 Receptor Mitigates Oxidative Insult, Neuroinflammation, and Cerebral Injury in Cadmium Chloride Treated Animals.",https://pubmed.ncbi.nlm.nih.gov/40493137/,,24947,Cl[Cd]Cl,1,"Cadmium Chloride appears in literature related to MT2 receptor, but direct receptor interaction has not been established.",Review full article for direct receptor evidence,https://pubmed.ncbi.nlm.nih.gov/40493137/
139,Tyrosine,MT2-related exploratory candidate,MT2 receptor,No,No,No,Yes,No,0.11300835758447647,Low,Unvalidated,E,,0.2044554324299097,3,0.5,PubMed,2024,38606814,,Journal of pineal research,Bedini A; Elisi GM; Fanini F; Retini M; Scalvini L; Pasquini S; Contri C; Varani K; Spadoni G; Mor M; Vincenzi F; Rivara S,10.1111/jpi.12941,Binding and unbinding of potent melatonin receptor ligands: Mechanistic simulations and experimental evidence.,https://pubmed.ncbi.nlm.nih.gov/38606814/,,6057,C1=CC(=CC=C1CC(C(=O)O)N)O,1,Tyrosine currently has an ML prediction but requires stronger receptor-specific literature validation.,Literature validation needed before experimental priority,https://pubmed.ncbi.nlm.nih.gov/38606814/
140,melatonin sulfate,MT2-related exploratory candidate,MT2 receptor,No,No,No,Yes,No,0.11160489916801453,Low,Unvalidated,E,,0.20354318445920944,3,0.5,PubMed + PMC,2025,41295285,PMC12654617,Metabolites,França DCH; França EL; Honório-França AC; Silva KMR; Queiroz AA; Morais TC; França ECH; de Carvalho CNF; Fagundes-Triches DLG; Barbosa AMP; Calderon IMP; Sobrevia L; Rudge MVC,10.3390/metabo15110699,Melatonin and Inflammatory Cytokines as Modulators of the Interaction Between Gestational Diabetes Mellitus and Pregnancy-Specific Urinary Incontinence.,https://pubmed.ncbi.nlm.nih.gov/41295285/,https://pmc.ncbi.nlm.nih.gov/articles/PMC12654617/,129629376,CC(=O)NCCC1=C2N(C3=C1C=C(C=C3)OC)OS(=O)(=O)O2,1,melatonin sulfate currently has an ML prediction but requires stronger receptor-specific literature validation.,Literature validation needed before experimental priority,https://pubmed.ncbi.nlm.nih.gov/41295285/
141,Helium,MT2-related exploratory candidate,MT2 receptor,No,No,No,Yes,No,0.11473513394594193,Low,Unvalidated,E,,0.20157783706486226,1,0.5,PubMed,2026,42104152,,Journal of molecular histology,Affat SH; Kamoona HR,10.1007/s10735-026-10817-z,Immunohistochemical expression of pancreatic melatonin receptor (MTNR1B) under experimental sleep disturbance in rats.,https://pubmed.ncbi.nlm.nih.gov/42104152/,,23987,[He],1,Helium currently has an ML prediction but requires stronger receptor-specific literature validation.,Literature validation needed before experimental priority,https://pubmed.ncbi.nlm.nih.gov/42104152/
142,Chloroquine,5-HT6 exploratory candidate,5-HT6 receptor,No,No,No,No,Yes,0.20125119388103485,Low,Indirect/context evidence,D,"Differential Contribution of 5-HT4, 5-HT5, and 5-HT6 Receptors to Acute Pruriceptive Processing Induced by Chloroquine and Histamine in Mice.",0.20131327602267265,4,0.25,PubMed,2023,37722878,,Biological & pharmaceutical bulletin,Miyahara Y; Funahashi H; Haruta-Tsukamoto A; Kogoh Y; Kanemaru-Kawazoe A; Hirano Y; Nishimori T; Ishida Y,10.1248/bpb.b23-00445,"Differential Contribution of 5-HT4, 5-HT5, and 5-HT6 Receptors to Acute Pruriceptive Processing Induced by Chloroquine and Histamine in Mice.",https://pubmed.ncbi.nlm.nih.gov/37722878/,,2719,CCN(CC)CCCC(C)NC1=C2C=CC(=CC2=NC=C1)Cl,1,"Chloroquine appears in literature related to 5-HT6 receptor, but direct receptor interaction has not been established.",Review full article for direct receptor evidence,https://pubmed.ncbi.nlm.nih.gov/37722878/
143,gamma-Aminobutyric Acid,MT2-related exploratory candidate,MT2 receptor,No,No,No,Yes,Yes,0.06152084469795227,Low,Unvalidated,E,,0.20098854905366897,18,0.5,PubMed,2023,38176947,,Journal of integrative neuroscience,Meng Z; Guo S; Dong X; Wang Q; Hu D; Liu X; Jiang Y; Ji L; Zhang J; Zhu W; Zhou W; Song W,10.31083/j.jin2206154,Astrocyte-Ablation of Mtnr1b Increases Anxiety-Like Behavior in Adult Male Mice.,https://pubmed.ncbi.nlm.nih.gov/38176947/,,119,C(CC(=O)O)CN,6,gamma-Aminobutyric Acid currently has an ML prediction but requires stronger receptor-specific literature validation.,Literature validation needed before experimental priority,https://pubmed.ncbi.nlm.nih.gov/38176947/
143,gamma-Aminobutyric Acid,MT2-related exploratory candidate,5-HT6 receptor,No,No,No,Yes,Yes,0.06152084469795227,Low,Unvalidated,E,,0.20098854905366897,18,0.5,PubMed + PMC,2023,37014731,PMC10119930,ACS chemical neuroscience,Marcinkowska M; Mordyl B; Siwek A; Głuch-Lutwin M; Karcz T; Gawalska A; Sapa M; Bucki A; Szafrańska K; Pomierny B; Pytka K; Kotańska M; Mika K; Kolaczkowski M,10.1021/acschemneuro.3c00033,Dual Molecules Targeting 5-HT6 and GABA-A Receptors as a New Approach to Combat Depression Associated with Neuroinflammation.,https://pubmed.ncbi.nlm.nih.gov/37014731/,https://pmc.ncbi.nlm.nih.gov/articles/PMC10119930/,119,C(CC(=O)O)CN,6,gamma-Aminobutyric Acid currently has an ML prediction but requires stronger receptor-specific literature validation.,Literature validation needed before experimental priority,https://pubmed.ncbi.nlm.nih.gov/37014731/
143,gamma-Aminobutyric Acid,MT2-related exploratory candidate,5-HT6 receptor,No,No,No,Yes,Yes,0.06152084469795227,Low,Unvalidated,E,,0.20098854905366897,18,0.5,PubMed,2023,36603509,,European journal of medicinal chemistry,Marcinkowska M; Mordyl B; Fajkis-Zajaczkowska N; Siwek A; Karcz T; Gawalska A; Bucki A; Żmudzki P; Partyka A; Jastrzębska-Więsek M; Pomierny B; Walczak M; Smolik M; Pytka K; Mika K; Kotańska M; Kolaczkowski M,10.1016/j.ejmech.2022.115071,Hybrid molecules combining GABA-A and serotonin 5-HT6 receptors activity designed to tackle neuroinflammation associated with depression.,https://pubmed.ncbi.nlm.nih.gov/36603509/,,119,C(CC(=O)O)CN,6,gamma-Aminobutyric Acid currently has an ML prediction but requires stronger receptor-specific literature validation.,Literature validation needed before experimental priority,https://pubmed.ncbi.nlm.nih.gov/36603509/
143,gamma-Aminobutyric Acid,MT2-related exploratory candidate,5-HT6 receptor,No,No,No,Yes,Yes,0.06152084469795227,Low,Unvalidated,E,,0.20098854905366897,18,0.5,PubMed,2018,29848076,,Expert opinion on investigational drugs,Khoury R; Grysman N; Gold J; Patel K; Grossberg GT,10.1080/13543784.2018.1483334,The role of 5 HT6-receptor antagonists in Alzheimer's disease: an update.,https://pubmed.ncbi.nlm.nih.gov/29848076/,,119,C(CC(=O)O)CN,6,gamma-Aminobutyric Acid currently has an ML prediction but requires stronger receptor-specific literature validation.,Literature validation needed before experimental priority,https://pubmed.ncbi.nlm.nih.gov/29848076/
143,gamma-Aminobutyric Acid,MT2-related exploratory candidate,5-HT6 receptor,No,No,No,Yes,Yes,0.06152084469795227,Low,Unvalidated,E,,0.20098854905366897,18,0.5,PubMed,2017,28711518,,Neuropharmacology,de Jong IEM; Mørk A,10.1016/j.neuropharm.2017.07.010,Antagonism of the 5-HT6 receptor - Preclinical rationale for the treatment of Alzheimer's disease.,https://pubmed.ncbi.nlm.nih.gov/28711518/,,119,C(CC(=O)O)CN,6,gamma-Aminobutyric Acid currently has an ML prediction but requires stronger receptor-specific literature validation.,Literature validation needed before experimental priority,https://pubmed.ncbi.nlm.nih.gov/28711518/
143,gamma-Aminobutyric Acid,MT2-related exploratory candidate,5-HT6 receptor,No,No,No,Yes,Yes,0.06152084469795227,Low,Unvalidated,E,,0.20098854905366897,18,0.5,PubMed,2015,26044973,,Current pharmaceutical design,de Bruin NM; Kruse CG,10.2174/1381612821666150605112105,5-HT6 Receptor Antagonists: Potential Efficacy for the Treatment of Cognitive Impairment in Schizophrenia.,https://pubmed.ncbi.nlm.nih.gov/26044973/,,119,C(CC(=O)O)CN,6,gamma-Aminobutyric Acid currently has an ML prediction but requires stronger receptor-specific literature validation.,Literature validation needed before experimental priority,https://pubmed.ncbi.nlm.nih.gov/26044973/
144,2-(4-morpholinyl)-8-phenyl-4H-1-benzopyran-4-one,MT2-related exploratory candidate,MT2 receptor,No,No,No,Yes,No,0.11335601657629013,Low,Unvalidated,E,,0.2006814107745886,1,0.5,PubMed,2023,36928143,,Lung,He F; Wang QF; Li L; Yu C; Liu CZ; Wei WC; Chen LP; Li HY,10.1007/s00408-023-00610-0,Melatonin Protects Against Hyperoxia-Induced Apoptosis in Alveolar Epithelial type II Cells by Activating the MT2/PI3K/AKT/ETS1 Signaling Pathway.,https://pubmed.ncbi.nlm.nih.gov/36928143/,,3973,C1COCCN1C2=CC(=O)C3=C(O2)C(=CC=C3)C4=CC=CC=C4,1,2-(4-morpholinyl)-8-phenyl-4H-1-benzopyran-4-one currently has an ML prediction but requires stronger receptor-specific literature validation.,Literature validation needed before experimental priority,https://pubmed.ncbi.nlm.nih.gov/36928143/
145,3-(2-acetamidoethyl)-6-fluoro-5-methoxy-N-methyl-1H-indole-2-carboxamide,MT2-related exploratory candidate,MT2 receptor,No,No,No,Yes,No,0.10669170320034027,Low,Unvalidated,E,,0.2003496070802212,3,0.5,PubMed,2026,41825710,,European journal of pharmacology,Matsui S; Yanai-Inamura H; Kajiro M; Takamatsu H; Tanahashi M; Yokono M,10.1016/j.ejphar.2026.178782,"Effect of ASP5633, a novel peripherally restricted MT1/MT2 receptor agonist, on urethral function in female rats.",https://pubmed.ncbi.nlm.nih.gov/41825710/,,72948198,CC(=O)NCCC1=C(NC2=CC(=C(C=C21)OC)F)C(=O)NC,1,3-(2-acetamidoethyl)-6-fluoro-5-methoxy-N-methyl-1H-indole-2-carboxamide currently has an ML prediction but requires stronger receptor-specific literature validation.,Literature validation needed before experimental priority,https://pubmed.ncbi.nlm.nih.gov/41825710/
146,Escitalopram,5-HT6 exploratory candidate,5-HT6 receptor,No,No,No,No,Yes,0.20217610895633698,Low,Unvalidated,E,,0.19991447082161903,3,0.25,PubMed,2019,30312638,,Behavioural brain research,Partyka A; Jastrzębska-Więsek M; Antkiewicz-Michaluk L; Michaluk J; Wąsik A; Canale V; Zajdel P; Kołaczkowski M; Wesołowska A,10.1016/j.bbr.2018.10.004,Novel antagonists of 5-HT6 and/or 5-HT7 receptors affect the brain monoamines metabolism and enhance the anti-immobility activity of different antidepressants in rats.,https://pubmed.ncbi.nlm.nih.gov/30312638/,,146570,CN(C)CCCC1(C2=C(CO1)C=C(C=C2)C#N)C3=CC=C(C=C3)F,1,Escitalopram currently has an ML prediction but requires stronger receptor-specific literature validation.,Literature validation needed before experimental priority,https://pubmed.ncbi.nlm.nih.gov/30312638/
147,Citalopram,5-HT6 exploratory candidate,5-HT6 receptor,No,No,No,No,Yes,0.20217610895633698,Low,Unvalidated,E,,0.19991447082161903,3,0.25,PubMed,2013,25287308,,Acta neuropsychiatrica,Masuda T; Nishikawa H; Inoue T; Toda H; Nakagawa S; Boku S; Koyama T,10.1111/j.1601-5215.2012.00669.x,"5-HT depletion, but not 5-HT1A antagonist, prevents the anxiolytic-like effect of citalopram in rat contextual conditioned fear stress model.",https://pubmed.ncbi.nlm.nih.gov/25287308/,,2771,CN(C)CCCC1(C2=C(CO1)C=C(C=C2)C#N)C3=CC=C(C=C3)F,1,Citalopram currently has an ML prediction but requires stronger receptor-specific literature validation.,Literature validation needed before experimental priority,https://pubmed.ncbi.nlm.nih.gov/25287308/
148,6-chloro-5-methyl-1-((2-(2-methylpyrid-3-yloxy)pyrid-5-yl)carbamoyl)indoline,5-HT6 exploratory candidate,5-HT6 receptor,No,No,No,No,Yes,0.20004871487617493,Low,Unvalidated,E,,0.19853166466951372,3,0.25,PubMed,2013,25287308,,Acta neuropsychiatrica,Masuda T; Nishikawa H; Inoue T; Toda H; Nakagawa S; Boku S; Koyama T,10.1111/j.1601-5215.2012.00669.x,"5-HT depletion, but not 5-HT1A antagonist, prevents the anxiolytic-like effect of citalopram in rat contextual conditioned fear stress model.",https://pubmed.ncbi.nlm.nih.gov/25287308/,,3644637,CC1=CC2=C(C=C1Cl)N(CC2)C(=O)NC3=CN=C(C=C3)OC4=C(N=CC=C4)C,1,6-chloro-5-methyl-1-((2-(2-methylpyrid-3-yloxy)pyrid-5-yl)carbamoyl)indoline currently has an ML prediction but requires stronger receptor-specific literature validation.,Literature validation needed before experimental priority,https://pubmed.ncbi.nlm.nih.gov/25287308/
149,Cerlapirdine,5-HT6 exploratory candidate,5-HT6 receptor,No,No,No,No,Yes,0.18091480433940887,Low,Unvalidated,E,,0.1920946228206158,6,0.25,PubMed,2014,25217486,,Drug metabolism and disposition: the biological fate of chemicals,Tse S; Leung L; Raje S; Seymour M; Shishikura Y; Obach RS,10.1124/dmd.114.059675,Disposition and metabolic profiling of [(14)C]cerlapirdine using accelerator mass spectrometry.,https://pubmed.ncbi.nlm.nih.gov/25217486/,,16071605,CN(C)CCCOC1=CC2=C(NN=C2C=C1)S(=O)(=O)C3=CC=CC4=CC=CC=C43,1,Cerlapirdine currently has an ML prediction but requires stronger receptor-specific literature validation.,Literature validation needed before experimental priority,https://pubmed.ncbi.nlm.nih.gov/25217486/
150,pyrroloquinoline,5-HT6 exploratory candidate,5-HT6 receptor,No,No,No,No,Yes,0.17800724506378174,Low,Direct receptor evidence,C,"Pyrroloquinoline scaffold-based 5-HT6R ligands: Synthesis, quantum chemical and molecular dynamic studies, and influence of nitrogen atom position in the scaffold on affinity.",0.19020470929145816,6,0.25,PubMed,2018,29853337,,Bioorganic & medicinal chemistry,Grychowska K; Kurczab R; Śliwa P; Satała G; Dubiel K; Matłoka M; Moszczyński-Pętkowski R; Pieczykolan J; Bojarski AJ; Zajdel P,10.1016/j.bmc.2018.05.033,"Pyrroloquinoline scaffold-based 5-HT6R ligands: Synthesis, quantum chemical and molecular dynamic studies, and influence of nitrogen atom position in the scaffold on affinity.",https://pubmed.ncbi.nlm.nih.gov/29853337/,,5061455,C1=CC2=C(C3=C(C=C2)NC=C3)N=C1,1,pyrroloquinoline has experimental receptor evidence involving 5-HT6 receptor and is being evaluated as a possible GPR62 candidate.,Review pharmacology and consider experimental testing,https://pubmed.ncbi.nlm.nih.gov/29853337/
151,Ro 4-6790,5-HT6 exploratory candidate,5-HT6 receptor,No,No,No,No,Yes,0.1742989420890808,Low,Unvalidated,E,,0.18779431235790256,6,0.25,PubMed + PMC,2014,25450117,PMC4258611,"Pharmacology, biochemistry, and behavior",Thur KE; Nelson AJ; Cassaday HJ,10.1016/j.pbb.2014.10.006,Ro 04-6790-induced cognitive enhancement: no effect in trace conditioning and novel object recognition procedures in adult male Wistar rats.,https://pubmed.ncbi.nlm.nih.gov/25450117/,https://pmc.ncbi.nlm.nih.gov/articles/PMC4258611/,5312145,CNC1=CC(=NC(=N1)NC)NS(=O)(=O)C2=CC=C(C=C2)N,1,Ro 4-6790 currently has an ML prediction but requires stronger receptor-specific literature validation.,Literature validation needed before experimental priority,https://pubmed.ncbi.nlm.nih.gov/25450117/
152,SAM-531,5-HT6 exploratory candidate,5-HT6 receptor,No,No,No,No,Yes,0.18091480433940887,Low,Unvalidated,E,,0.18609462282061578,3,0.25,PubMed,2014,25217486,,Drug metabolism and disposition: the biological fate of chemicals,Tse S; Leung L; Raje S; Seymour M; Shishikura Y; Obach RS,10.1124/dmd.114.059675,Disposition and metabolic profiling of [(14)C]cerlapirdine using accelerator mass spectrometry.,https://pubmed.ncbi.nlm.nih.gov/25217486/,,16071605,CN(C)CCCOC1=CC2=C(NN=C2C=C1)S(=O)(=O)C3=CC=CC4=CC=CC=C43,1,SAM-531 currently has an ML prediction but requires stronger receptor-specific literature validation.,Literature validation needed before experimental priority,https://pubmed.ncbi.nlm.nih.gov/25217486/
153,PF-05212365,5-HT6 exploratory candidate,5-HT6 receptor,No,No,No,No,Yes,0.18091480433940887,Low,Unvalidated,E,,0.18609462282061578,3,0.25,PubMed,2014,25217486,,Drug metabolism and disposition: the biological fate of chemicals,Tse S; Leung L; Raje S; Seymour M; Shishikura Y; Obach RS,10.1124/dmd.114.059675,Disposition and metabolic profiling of [(14)C]cerlapirdine using accelerator mass spectrometry.,https://pubmed.ncbi.nlm.nih.gov/25217486/,,16071605,CN(C)CCCOC1=CC2=C(NN=C2C=C1)S(=O)(=O)C3=CC=CC4=CC=CC=C43,1,PF-05212365 currently has an ML prediction but requires stronger receptor-specific literature validation.,Literature validation needed before experimental priority,https://pubmed.ncbi.nlm.nih.gov/25217486/
154,Carbon Tetrachloride,MT2-related exploratory candidate,MT2 receptor,No,No,No,Yes,No,0.08734878897666931,Low,Unvalidated,E,,0.18377671283483504,1,0.5,PubMed,2024,38246330,,European journal of pharmacology,Kim JI; Cheon HG,10.1016/j.ejphar.2024.176337,Melatonin ameliorates hepatic fibrosis via the melatonin receptor 2-mediated upregulation of BMAL1 and anti-oxidative enzymes.,https://pubmed.ncbi.nlm.nih.gov/38246330/,,5943,C(Cl)(Cl)(Cl)Cl,1,Carbon Tetrachloride currently has an ML prediction but requires stronger receptor-specific literature validation.,Literature validation needed before experimental priority,https://pubmed.ncbi.nlm.nih.gov/38246330/
155,SC79,MT2-related exploratory candidate,MT2 receptor,No,No,No,Yes,No,0.07777196168899536,Low,Unvalidated,E,,0.18355177509784698,4,0.5,PubMed,2024,37739092,,Biochimica et biophysica acta. Molecular basis of disease,Dong Y; Cao X; Huang J; Hu Z; Chen C; Chen M; Long Q; Xu Z; Lv D; Rong Y; Luo S; Wang H; Deng W; Tang B,10.1016/j.bbadis.2023.166887,Melatonin inhibits fibroblast cell functions and hypertrophic scar formation by enhancing autophagy through the MT2 receptor-inhibited PI3K/Akt /mTOR signaling.,https://pubmed.ncbi.nlm.nih.gov/37739092/,,2810830,CCOC(=O)C1=C(OC2=C(C1C(C#N)C(=O)OCC)C=C(C=C2)Cl)N,2,SC79 currently has an ML prediction but requires stronger receptor-specific literature validation.,Literature validation needed before experimental priority,https://pubmed.ncbi.nlm.nih.gov/37739092/
155,SC79,MT2-related exploratory candidate,MT2 receptor,No,No,No,Yes,No,0.07777196168899536,Low,Unvalidated,E,,0.18355177509784698,4,0.5,PubMed,2023,36928143,,Lung,He F; Wang QF; Li L; Yu C; Liu CZ; Wei WC; Chen LP; Li HY,10.1007/s00408-023-00610-0,Melatonin Protects Against Hyperoxia-Induced Apoptosis in Alveolar Epithelial type II Cells by Activating the MT2/PI3K/AKT/ETS1 Signaling Pathway.,https://pubmed.ncbi.nlm.nih.gov/36928143/,,2810830,CCOC(=O)C1=C(OC2=C(C1C(C#N)C(=O)OCC)C=C(C=C2)Cl)N,2,SC79 currently has an ML prediction but requires stronger receptor-specific literature validation.,Literature validation needed before experimental priority,https://pubmed.ncbi.nlm.nih.gov/36928143/
156,Curcumin,MT2-related exploratory candidate,MT2 receptor,No,No,No,Yes,No,0.07023962587118149,Low,Direct receptor evidence,C,Curcumin monomer regulates ferroptosis via the melatonin receptor 2/cyclic adenosine monophosphate/protein kinase A/inositol-requiring enzyme 1 pathway to treat ischemic stroke.,0.18265575681626797,6,0.5,PubMed,2025,41569062,,Journal of physiology and pharmacology : an official journal of the Polish Physiological Society,Xu JB; Chen BZ; Liu SS; Zhao B; Xue YM; Lv L,10.26402/jpp.2025.6.10,Curcumin monomer regulates ferroptosis via the melatonin receptor 2/cyclic adenosine monophosphate/protein kinase A/inositol-requiring enzyme 1 pathway to treat ischemic stroke.,https://pubmed.ncbi.nlm.nih.gov/41569062/,,969516,COC1=C(C=CC(=C1)C=CC(=O)CC(=O)C=CC2=CC(=C(C=C2)O)OC)O,1,Curcumin has experimental receptor evidence involving MT2 receptor and is being evaluated as a possible GPR62 candidate.,Review pharmacology and consider experimental testing,https://pubmed.ncbi.nlm.nih.gov/41569062/
157,9-(tetrahydro-2-furyl)-adenine,5-HT6 exploratory candidate,5-HT6 receptor,No,No,No,No,Yes,0.16994865238666534,Low,Unvalidated,E,,0.17896662405133248,3,0.25,PubMed,2025,38963532,,Molecular neurobiology,Zhao YL; Yi HY; Baba SS; Guo YX; Yuan XC; Hou XM; Liang LL; Huo FQ,10.1007/s12035-024-04314-1,Activation of 5-HT6 Receptors in the Ventrolateral Orbital Cortex Produces Anti-Anxiodepressive Effects in a Rat Model of Neuropathic Pain.,https://pubmed.ncbi.nlm.nih.gov/38963532/,,22879197,C1CC(OC1)N2C=NC3=C(N=CN=C32)N,1,9-(tetrahydro-2-furyl)-adenine currently has an ML prediction but requires stronger receptor-specific literature validation.,Literature validation needed before experimental priority,https://pubmed.ncbi.nlm.nih.gov/38963532/
158,Histamine,5-HT6 exploratory candidate,5-HT6 receptor,No,No,No,No,Yes,0.1518675535917282,Low,Indirect/context evidence,D,"Differential Contribution of 5-HT4, 5-HT5, and 5-HT6 Receptors to Acute Pruriceptive Processing Induced by Chloroquine and Histamine in Mice.",0.17721390983462337,8,0.25,PubMed,2023,37722878,,Biological & pharmaceutical bulletin,Miyahara Y; Funahashi H; Haruta-Tsukamoto A; Kogoh Y; Kanemaru-Kawazoe A; Hirano Y; Nishimori T; Ishida Y,10.1248/bpb.b23-00445,"Differential Contribution of 5-HT4, 5-HT5, and 5-HT6 Receptors to Acute Pruriceptive Processing Induced by Chloroquine and Histamine in Mice.",https://pubmed.ncbi.nlm.nih.gov/37722878/,,774,C1=C(NC=N1)CCN,1,"Histamine appears in literature related to 5-HT6 receptor, but direct receptor interaction has not been established.",Review full article for direct receptor evidence,https://pubmed.ncbi.nlm.nih.gov/37722878/
159,2-phenylpyrrole,5-HT6 exploratory candidate,5-HT6 receptor,No,No,No,No,Yes,0.15618988871574402,Low,Direct receptor evidence,C,5-HT6 receptor neutral antagonists protect astrocytes: A lesson from 2-phenylpyrrole derivatives.,0.17602342766523363,6,0.25,PubMed,2024,38936149,,European journal of medicinal chemistry,Drop M; Koczurkiewicz-Adamczyk P; Bento O; Pietruś W; Satała G; Blicharz-Futera K; Canale V; Grychowska K; Bantreil X; Pękala E; Kurczab R; Bojarski AJ; Chaumont-Dubel S; Marin P; Lamaty F; Zajdel P,10.1016/j.ejmech.2024.116615,5-HT6 receptor neutral antagonists protect astrocytes: A lesson from 2-phenylpyrrole derivatives.,https://pubmed.ncbi.nlm.nih.gov/38936149/,,72898,C1=CC=C(C=C1)C2=CC=CN2,1,2-phenylpyrrole has experimental receptor evidence involving 5-HT6 receptor and is being evaluated as a possible GPR62 candidate.,Review pharmacology and consider experimental testing,https://pubmed.ncbi.nlm.nih.gov/38936149/
160,piperidine,5-HT6 exploratory candidate,5-HT6 receptor,No,No,No,No,Yes,0.16186371445655823,Low,Unvalidated,E,,0.17371141439676285,3,0.25,PubMed,2013,23820387,,Bioorganic & medicinal chemistry letters,Devegowda VN; Hong JR; Cho S; Lim EJ; Choo H; Keum G; Rhim H; Nam G,10.1016/j.bmcl.2013.05.100,"Synthesis and the 5-HT6 receptor antagonistic effect of 3-arylsulfonylamino-5,6-dihydro-6-substituted pyrazolo[3,4]pyridinones for neuropathic pain treatment.",https://pubmed.ncbi.nlm.nih.gov/23820387/,,8082,C1CCNCC1,1,piperidine currently has an ML prediction but requires stronger receptor-specific literature validation.,Literature validation needed before experimental priority,https://pubmed.ncbi.nlm.nih.gov/23820387/
161,8-methoxy-2-propionamidotetralin,MT2-related exploratory candidate,MT2 receptor,No,No,No,Yes,No,0.062083225697278976,Low,Unvalidated,E,,0.17135409670323135,3,0.5,PubMed + PMC,2022,35682961,PMC9181011,International journal of molecular sciences,Fernández-Alegre E; Lacalle E; Soriano-Úbeda C; González-Montaña JR; Domínguez JC; Casao A; Martínez-Pastor F,10.3390/ijms23116284,Bos taurus and Cervus elaphus as Non-Seasonal/Seasonal Models for the Role of Melatonin Receptors in the Spermatozoon.,https://pubmed.ncbi.nlm.nih.gov/35682961/,https://pmc.ncbi.nlm.nih.gov/articles/PMC9181011/,5170952,CCC(=O)NC1CCC2=C(C1)C(=CC=C2)OC,1,8-methoxy-2-propionamidotetralin currently has an ML prediction but requires stronger receptor-specific literature validation.,Literature validation needed before experimental priority,https://pubmed.ncbi.nlm.nih.gov/35682961/
162,Levodopa,5-HT6 exploratory candidate,5-HT6 receptor,No,No,No,No,Yes,0.15303640067577362,Low,Unvalidated,E,,0.16997366043925288,4,0.25,PubMed,2025,40023605,,The Journal of pharmacology and experimental therapeutics,Zajdel P; Matłoka M; Konieczny J; Kos T; Lammers JC; Cavalco NG; Clark AA; Lenda T; Satała G; Canale V; Grychowska K; Krawczyk M; Nikiforuk A; Partyka A; Jastrzębska-Więsek M; Berghauzen-Maciejewska K; Biała D; Janicka M; Janusz A; Piast R; Mulewski K; Smuga D; Pieczykolan J; Wieczorek M; Moszczyński-Pętkowski R; Dubiel K; Ossowska K; Bojarski AJ; Kamiński K; McCorvy JD; Popik P,10.1016/j.jpet.2024.100055,Simultaneous 5-HT1BR agonist/5-HT6R antagonist action as a potential treatment of Parkinson's disease and its comorbidities.,https://pubmed.ncbi.nlm.nih.gov/40023605/,,6047,C1=CC(=C(C=C1CC(C(=O)O)N)O)O,2,Levodopa currently has an ML prediction but requires stronger receptor-specific literature validation.,Literature validation needed before experimental priority,https://pubmed.ncbi.nlm.nih.gov/40023605/
162,Levodopa,5-HT6 exploratory candidate,5-HT6 receptor,No,No,No,No,Yes,0.15303640067577362,Low,Unvalidated,E,,0.16997366043925288,4,0.25,PubMed + PMC,2020,31468338,PMC7035192,Molecular neurobiology,Padovan-Neto FE; Patterson S; F Voelkner NM; Altwal F; Beverley JA; West AR; Steiner H,10.1007/s12035-019-01739-x,Selective Regulation of 5-HT1B Serotonin Receptor Expression in the Striatum by Dopamine Depletion and Repeated L-DOPA Treatment: Relationship to L-DOPA-Induced Dyskinesias.,https://pubmed.ncbi.nlm.nih.gov/31468338/,https://pmc.ncbi.nlm.nih.gov/articles/PMC7035192/,6047,C1=CC(=C(C=C1CC(C(=O)O)N)O)O,2,Levodopa currently has an ML prediction but requires stronger receptor-specific literature validation.,Literature validation needed before experimental priority,https://pubmed.ncbi.nlm.nih.gov/31468338/
163,Caffeine,MT2-related exploratory candidate,MT2 receptor,No,No,No,Yes,No,0.06286896765232086,Low,Indirect/context evidence,D,"Chronic Caffeine Consumption, Alone or Combined with Agomelatine or Quetiapine, Reduces the Maximum EEG Peak, As Linked to Cortical Neurodegeneration, Ovarian Estrogen Receptor Alpha, and Melatonin Receptor 2.",0.16786482897400856,1,0.5,PubMed + PMC,2024,38842700,PMC11442587,Psychopharmacology,Abdelmissih S; Hosny SA; Elwi HM; Sayed WM; Eshra MA; Shaker OG; Samir NF,10.1007/s00213-024-06619-4,"Chronic Caffeine Consumption, Alone or Combined with Agomelatine or Quetiapine, Reduces the Maximum EEG Peak, As Linked to Cortical Neurodegeneration, Ovarian Estrogen Receptor Alpha, and Melatonin Receptor 2.",https://pubmed.ncbi.nlm.nih.gov/38842700/,https://pmc.ncbi.nlm.nih.gov/articles/PMC11442587/,2519,CN1C=NC2=C1C(=O)N(C(=O)N2C)C,1,"Caffeine appears in literature related to MT2 receptor, but direct receptor interaction has not been established.",Review full article for direct receptor evidence,https://pubmed.ncbi.nlm.nih.gov/38842700/
164,naphthalene,MT2-related exploratory candidate,MT2 receptor,No,No,No,Yes,Yes,0.05009707808494568,Low,Unvalidated,E,,0.1655631007552147,4,0.5,PubMed + PMC,2023,36760312,PMC9891099,RSC advances,Cui W; Dong J; Wang S; Vogel H; Zou R; Yuan S,10.1039/d2ra06693a,Molecular basis of ligand selectivity for melatonin receptors.,https://pubmed.ncbi.nlm.nih.gov/36760312/,https://pmc.ncbi.nlm.nih.gov/articles/PMC9891099/,931,C1=CC=C2C=CC=CC2=C1,2,naphthalene currently has an ML prediction but requires stronger receptor-specific literature validation.,Literature validation needed before experimental priority,https://pubmed.ncbi.nlm.nih.gov/36760312/
164,naphthalene,MT2-related exploratory candidate,5-HT6 receptor,No,No,No,Yes,Yes,0.05009707808494568,Low,Unvalidated,E,,0.1655631007552147,4,0.5,PubMed,2017,28729057,,Bioorganic & medicinal chemistry letters,Hong JR; Choo H; Nam G,10.1016/j.bmcl.2017.07.031,Neuropathic pain-alleviating effects of pyrazole-conjugated arylsulfonamides as 5-HT6 receptor antagonists.,https://pubmed.ncbi.nlm.nih.gov/28729057/,,931,C1=CC=C2C=CC=CC2=C1,2,naphthalene currently has an ML prediction but requires stronger receptor-specific literature validation.,Literature validation needed before experimental priority,https://pubmed.ncbi.nlm.nih.gov/28729057/
165,isoquinoline,MT2-related exploratory candidate,MT2 receptor,No,No,No,Yes,No,0.05196663737297058,Low,Direct receptor evidence,C,Synthesis and SAR Studies of Isoquinoline and Tetrahydroisoquinoline Derivatives as Melatonin Receptor Ligands.,0.1647783142924309,3,0.5,PubMed,2022,34797951,,ChemMedChem,Ettaoussi M; Laversin A; Vreulz B; Rami M; Lebegue N; Delagrange P; Caignard DH; Melnyk P; Liberelle M; Yous S,10.1002/cmdc.202100658,Synthesis and SAR Studies of Isoquinoline and Tetrahydroisoquinoline Derivatives as Melatonin Receptor Ligands.,https://pubmed.ncbi.nlm.nih.gov/34797951/,,8405,C1=CC=C2C=NC=CC2=C1,1,isoquinoline has experimental receptor evidence involving MT2 receptor and is being evaluated as a possible GPR62 candidate.,Review pharmacology and consider experimental testing,https://pubmed.ncbi.nlm.nih.gov/34797951/
166,1H-tetrazole,5-HT6 exploratory candidate,5-HT6 receptor,No,No,No,No,Yes,0.1473826766014099,Low,Unvalidated,E,,0.16429873979091647,3,0.25,PubMed,2016,26996373,,Bioorganic & medicinal chemistry letters,Rentería-Gómez A; Islas-Jácome A; Díaz-Cervantes E; Villaseñor-Granados T; Robles J; Gámez-Montaño R,10.1016/j.bmcl.2016.03.036,"Synthesis of azepino[4,5-b]indol-4-ones via MCR/free radical cyclization and in vitro-in silico studies as 5-Ht₆R ligands.",https://pubmed.ncbi.nlm.nih.gov/26996373/,,67519,C1=NNN=N1,1,1H-tetrazole currently has an ML prediction but requires stronger receptor-specific literature validation.,Literature validation needed before experimental priority,https://pubmed.ncbi.nlm.nih.gov/26996373/
167,Lead,5-HT6 exploratory candidate,5-HT6 receptor,No,No,No,No,Yes,0.15585173666477203,Low,Unvalidated,E,,0.1638036288321018,0,0.25,PubMed,2026,42166820,,European journal of medicinal chemistry,Czarnota-Łydka K; Kucwaj-Brysz K; Cios A; Mordyl B; Głuch-Lutwin M; Jastrzębska-Więsek M; Partyka A; Honkisz-Orzechowska E; Karcz T; Pakulska J; Satała G; Żesławska E; Dąbrowska M; Starek M; Więcek M; Kurowska K; Pyka P; Brunetti L; Leuci R; Piemontese L; Nitek W; Wesołowska A; Carrieri A; Handzlik J,10.1016/j.ejmech.2026.118966,"New chalcogen-optimized 1,3,5-triazines as dual 5-HT6R/FAAH modulators: A versatile approach to neurodegenerative disorders.",https://pubmed.ncbi.nlm.nih.gov/42166820/,,5352425,[Pb],1,Lead currently has an ML prediction but requires stronger receptor-specific literature validation.,Literature validation needed before experimental priority,https://pubmed.ncbi.nlm.nih.gov/42166820/
168,Sulfur-35,5-HT6 exploratory candidate,5-HT6 receptor,No,No,No,No,Yes,0.14425905048847198,Low,Unvalidated,E,,0.1622683828175068,3,0.25,PubMed,2018,29805118,,Neuropharmacology,Chen XF; Jin ZL; Gong Y; Zhao N; Wang XY; Ran YH; Zhang YZ; Zhang LM; Li YF,10.1016/j.neuropharm.2018.05.027,"5-HT6 receptor agonist and memory-enhancing properties of hypidone hydrochloride (YL-0919), a novel 5-HT1A receptor partial agonist and SSRI.",https://pubmed.ncbi.nlm.nih.gov/29805118/,,91866193,[S],1,Sulfur-35 currently has an ML prediction but requires stronger receptor-specific literature validation.,Literature validation needed before experimental priority,https://pubmed.ncbi.nlm.nih.gov/29805118/
169,IIK7,MT2-related exploratory candidate,MT2 receptor,No,No,No,Yes,No,0.028973238542675972,Low,Unvalidated,E,,0.16183260505273936,9,0.5,PubMed + PMC,2024,39770480,PMC11676719,"Pharmaceuticals (Basel, Switzerland)",Kuthati Y; Wong CS,10.3390/ph17121638,The Melatonin Type 2 Receptor Agonist IIK7 Attenuates and Reverses Morphine Tolerance in Neuropathic Pain Rats Through the Suppression of Neuroinflammation in the Spinal Cord.,https://pubmed.ncbi.nlm.nih.gov/39770480/,https://pmc.ncbi.nlm.nih.gov/articles/PMC11676719/,4172142,CCCC(=O)NCCC1=C2C3=CC=CC=C3CN2C4=C1C=C(C=C4)OC,2,IIK7 currently has an ML prediction but requires stronger receptor-specific literature validation.,Literature validation needed before experimental priority,https://pubmed.ncbi.nlm.nih.gov/39770480/
169,IIK7,MT2-related exploratory candidate,MT2 receptor,No,No,No,Yes,No,0.028973238542675972,Low,Unvalidated,E,,0.16183260505273936,9,0.5,PubMed + PMC,2024,39457025,PMC11508435,International journal of molecular sciences,Yoon HJ; Jiang E; Liu J; Jin H; Yoon HS; Choi JS; Moon JY; Yoon KC,10.3390/ijms252011243,"A Selective Melatonin 2 Receptor Agonist, IIK7, Relieves Blue Light-Induced Corneal Damage by Modulating the Process of Autophagy and Apoptosis.",https://pubmed.ncbi.nlm.nih.gov/39457025/,https://pmc.ncbi.nlm.nih.gov/articles/PMC11508435/,4172142,CCCC(=O)NCCC1=C2C3=CC=CC=C3CN2C4=C1C=C(C=C4)OC,2,IIK7 currently has an ML prediction but requires stronger receptor-specific literature validation.,Literature validation needed before experimental priority,https://pubmed.ncbi.nlm.nih.gov/39457025/
170,UCM1014,MT2-related exploratory candidate,MT2 receptor,No,No,No,Yes,No,0.03716757893562317,Low,Unvalidated,E,,0.16115892630815506,6,0.5,PubMed,2024,38606814,,Journal of pineal research,Bedini A; Elisi GM; Fanini F; Retini M; Scalvini L; Pasquini S; Contri C; Varani K; Spadoni G; Mor M; Vincenzi F; Rivara S,10.1111/jpi.12941,Binding and unbinding of potent melatonin receptor ligands: Mechanistic simulations and experimental evidence.,https://pubmed.ncbi.nlm.nih.gov/38606814/,,121231413,CCC(=O)NCC1CCC2=C(N1CC3=CC=CC=C3)C=CC=C2OC,1,UCM1014 currently has an ML prediction but requires stronger receptor-specific literature validation.,Literature validation needed before experimental priority,https://pubmed.ncbi.nlm.nih.gov/38606814/
171,SB 207266,5-HT6 exploratory candidate,5-HT6 receptor,No,No,No,No,Yes,0.1409721076488495,Low,Unvalidated,E,,0.16013186997175216,3,0.25,PubMed,2023,37722878,,Biological & pharmaceutical bulletin,Miyahara Y; Funahashi H; Haruta-Tsukamoto A; Kogoh Y; Kanemaru-Kawazoe A; Hirano Y; Nishimori T; Ishida Y,10.1248/bpb.b23-00445,"Differential Contribution of 5-HT4, 5-HT5, and 5-HT6 Receptors to Acute Pruriceptive Processing Induced by Chloroquine and Histamine in Mice.",https://pubmed.ncbi.nlm.nih.gov/37722878/,,177336,CCCCN1CCC(CC1)CNC(=O)C2=C3N(CCCO3)C4=CC=CC=C42,1,SB 207266 currently has an ML prediction but requires stronger receptor-specific literature validation.,Literature validation needed before experimental priority,https://pubmed.ncbi.nlm.nih.gov/37722878/
172,"1H-imidazo[4,5-c]pyridine",5-HT6 exploratory candidate,5-HT6 receptor,No,No,No,No,Yes,0.13883161544799805,Low,Unvalidated,E,,0.15874055004119875,3,0.25,PubMed,2018,29291439,,European journal of medicinal chemistry,Vanda D; Soural M; Canale V; Chaumont-Dubel S; Satała G; Kos T; Funk P; Fülöpová V; Lemrová B; Koczurkiewicz P; Pękala E; Bojarski AJ; Popik P; Marin P; Zajdel P,10.1016/j.ejmech.2017.12.053,"Novel non-sulfonamide 5-HT6 receptor partial inverse agonist in a group of imidazo[4,5-b]pyridines with cognition enhancing properties.",https://pubmed.ncbi.nlm.nih.gov/29291439/,,9227,C1=CN=CC2=C1N=CN2,1,"1H-imidazo[4,5-c]pyridine currently has an ML prediction but requires stronger receptor-specific literature validation.",Literature validation needed before experimental priority,https://pubmed.ncbi.nlm.nih.gov/29291439/
173,Carbon-11,5-HT6 exploratory candidate,5-HT6 receptor,No,No,No,No,Yes,0.11383526027202606,Low,Direct receptor evidence,C,Synthesis of carbon-11-labeled 5-HT6R antagonists as new candidate PET radioligands for imaging of Alzheimer's disease.,0.15849291917681693,11,0.25,PubMed,2018,29661535,,Bioorganic & medicinal chemistry letters,Wang X; Dong F; Miao C; Li W; Wang M; Gao M; Zheng QH; Xu Z,10.1016/j.bmcl.2018.04.014,Synthesis of carbon-11-labeled 5-HT6R antagonists as new candidate PET radioligands for imaging of Alzheimer's disease.,https://pubmed.ncbi.nlm.nih.gov/29661535/,,91867649,[C],2,Carbon-11 has experimental receptor evidence involving 5-HT6 receptor and is being evaluated as a possible GPR62 candidate.,Review pharmacology and consider experimental testing,https://pubmed.ncbi.nlm.nih.gov/29661535/
173,Carbon-11,5-HT6 exploratory candidate,5-HT6 receptor,No,No,No,No,Yes,0.11383526027202606,Low,Direct receptor evidence,C,Synthesis of carbon-11-labeled 5-HT6R antagonists as new candidate PET radioligands for imaging of Alzheimer's disease.,0.15849291917681693,11,0.25,PubMed + PMC,2018,29626125,PMC6126437,"Journal of nuclear medicine : official publication, Society of Nuclear Medicine",Radhakrishnan R; Nabulsi N; Gaiser E; Gallezot JD; Henry S; Planeta B; Lin SF; Ropchan J; Williams W; Morris E; D'Souza DC; Huang Y; Carson RE; Matuskey D,10.2967/jnumed.117.206516,Age-Related Change in 5-HT6 Receptor Availability in Healthy Male Volunteers Measured with 11C-GSK215083 PET.,https://pubmed.ncbi.nlm.nih.gov/29626125/,https://pmc.ncbi.nlm.nih.gov/articles/PMC6126437/,91867649,[C],2,Carbon-11 has experimental receptor evidence involving 5-HT6 receptor and is being evaluated as a possible GPR62 candidate.,Review pharmacology and consider experimental testing,https://pubmed.ncbi.nlm.nih.gov/29626125/
174,Ca(2+),5-HT6 exploratory candidate,5-HT6 receptor,No,No,No,No,Yes,0.12520547211170197,Low,Unvalidated,E,,0.1578835568726063,7,0.25,PubMed,2016,27068148,,European journal of pharmacology,Wang HY; Lu CW; Lin TY; Kuo JR; Wang SJ,10.1016/j.ejphar.2016.04.010,WAY208466 inhibits glutamate release at hippocampal nerve terminals.,https://pubmed.ncbi.nlm.nih.gov/27068148/,,271,[Ca+2],1,Ca(2+) currently has an ML prediction but requires stronger receptor-specific literature validation.,Literature validation needed before experimental priority,https://pubmed.ncbi.nlm.nih.gov/27068148/
175,Cyclopentanes,5-HT6 exploratory candidate,5-HT6 receptor,No,No,No,No,Yes,0.1326601803302765,Low,Unvalidated,E,,0.15472911721467975,3,0.25,PubMed,2023,37003157,,Bioorganic & medicinal chemistry,Asproni B; Catto M; Loriga G; Murineddu G; Corona P; Purgatorio R; Cichero E; Fossa P; Scarano N; Martínez AL; Brea J; Pinna GA,10.1016/j.bmc.2023.117256,Novel thienocycloalkylpyridazinones as useful scaffolds for acetylcholinesterase inhibition and serotonin 5-HT6 receptor interaction.,https://pubmed.ncbi.nlm.nih.gov/37003157/,,9253,C1CCCC1,1,Cyclopentanes currently has an ML prediction but requires stronger receptor-specific literature validation.,Literature validation needed before experimental priority,https://pubmed.ncbi.nlm.nih.gov/37003157/
176,ethylamide,MT2-related exploratory candidate,MT2 receptor,No,No,No,Yes,No,0.034332025796175,Low,Unvalidated,E,,0.15331581676751377,3,0.5,PubMed,2026,41389411,,European journal of medicinal chemistry,Bedini A; Galvani F; Elisi GM; Scalvini L; Mari M; Recchia A; Fernandes PACM; Kinker GS; Lucini V; Scaglione F; Vincenzi F; Varani K; Markus RP; Rivara S; Spadoni G; Mor M,10.1016/j.ejmech.2025.118445,N-Acylaminoethyltetrahydroquinolines: A new class of melatonin receptor ligands with in vivo activity on glioblastoma.,https://pubmed.ncbi.nlm.nih.gov/41389411/,,1520364,CNS(=O)(=O)C1=CC=C(S1)Br,1,ethylamide currently has an ML prediction but requires stronger receptor-specific literature validation.,Literature validation needed before experimental priority,https://pubmed.ncbi.nlm.nih.gov/41389411/
177,ketamine,5-HT6 exploratory candidate,5-HT6 receptor,No,No,No,No,Yes,0.06399732083082199,Low,Direct receptor evidence,C,The 5-HT6R agonist E-6837 and the antagonist SB-271046 reverse the psychotic-like behaviors induced by ketamine.,0.15209825854003428,24,0.25,PubMed,2022,35621169,,Behavioural pharmacology,Suárez-Santiago JE; Roldán Roldán G; Picazo Picazo O,10.1097/FBP.0000000000000669,The 5-HT6R agonist E-6837 and the antagonist SB-271046 reverse the psychotic-like behaviors induced by ketamine.,https://pubmed.ncbi.nlm.nih.gov/35621169/,,3821,CNC1(CCCCC1=O)C2=CC=CC=C2Cl,4,ketamine has experimental receptor evidence involving 5-HT6 receptor and is being evaluated as a possible GPR62 candidate.,Review pharmacology and consider experimental testing,https://pubmed.ncbi.nlm.nih.gov/35621169/
177,ketamine,5-HT6 exploratory candidate,5-HT6 receptor,No,No,No,No,Yes,0.06399732083082199,Low,Direct receptor evidence,C,The 5-HT6R agonist E-6837 and the antagonist SB-271046 reverse the psychotic-like behaviors induced by ketamine.,0.15209825854003428,24,0.25,PubMed,2017,28704275,,Behavioural pharmacology,Suárez-Santiago JE; Briones-Aranda A; Espinosa-Raya J; Picazo O,10.1097/FBP.0000000000000327,Agonist E-6837 and antagonist SB-271046 of 5-HT6 receptors both reverse the depressive-like effect induced in mice by subchronic ketamine administration.,https://pubmed.ncbi.nlm.nih.gov/28704275/,,3821,CNC1(CCCCC1=O)C2=CC=CC=C2Cl,4,ketamine has experimental receptor evidence involving 5-HT6 receptor and is being evaluated as a possible GPR62 candidate.,Review pharmacology and consider experimental testing,https://pubmed.ncbi.nlm.nih.gov/28704275/
177,ketamine,5-HT6 exploratory candidate,5-HT6 receptor,No,No,No,No,Yes,0.06399732083082199,Low,Direct receptor evidence,C,The 5-HT6R agonist E-6837 and the antagonist SB-271046 reverse the psychotic-like behaviors induced by ketamine.,0.15209825854003428,24,0.25,PubMed,2016,27035065,,Behavioural pharmacology,Briones-Aranda A; Suárez-Santiago JE; Picazo O; Castellanos-Pérez M,10.1097/FBP.0000000000000235,"Effect of ketamine administration, alone and in combination with E-6837, on climbing behavior.",https://pubmed.ncbi.nlm.nih.gov/27035065/,,3821,CNC1(CCCCC1=O)C2=CC=CC=C2Cl,4,ketamine has experimental receptor evidence involving 5-HT6 receptor and is being evaluated as a possible GPR62 candidate.,Review pharmacology and consider experimental testing,https://pubmed.ncbi.nlm.nih.gov/27035065/
177,ketamine,5-HT6 exploratory candidate,5-HT6 receptor,No,No,No,No,Yes,0.06399732083082199,Low,Direct receptor evidence,C,The 5-HT6R agonist E-6837 and the antagonist SB-271046 reverse the psychotic-like behaviors induced by ketamine.,0.15209825854003428,24,0.25,PubMed,2013,23479455,,"Journal of psychopharmacology (Oxford, England)",Nikiforuk A; Fijał K; Potasiewicz A; Popik P; Kos T,10.1177/0269881113480991,"The 5-hydroxytryptamine (serotonin) receptor 6 agonist EMD 386088 ameliorates ketamine-induced deficits in attentional set shifting and novel object recognition, but not in the prepulse inhibition in rats.",https://pubmed.ncbi.nlm.nih.gov/23479455/,,3821,CNC1(CCCCC1=O)C2=CC=CC=C2Cl,4,ketamine has experimental receptor evidence involving 5-HT6 receptor and is being evaluated as a possible GPR62 candidate.,Review pharmacology and consider experimental testing,https://pubmed.ncbi.nlm.nih.gov/23479455/
178,Formaldehyde,5-HT6 exploratory candidate,5-HT6 receptor,No,No,No,No,Yes,0.10891252011060715,Low,Unvalidated,E,,0.15129313807189462,9,0.25,PubMed,2019,31580911,,Neurochemistry international,Zhang YX; Yang M; Liang F; Li SQ; Yang JS; Huo FQ; Yan CX,10.1016/j.neuint.2019.104562,The pronociceptive role of 5-HT6 receptors in ventrolateral orbital cortex in a rat formalin test model.,https://pubmed.ncbi.nlm.nih.gov/31580911/,,712,C=O,1,Formaldehyde currently has an ML prediction but requires stronger receptor-specific literature validation.,Literature validation needed before experimental priority,https://pubmed.ncbi.nlm.nih.gov/31580911/
179,Selenium,5-HT6 exploratory candidate,5-HT6 receptor,No,No,No,No,Yes,0.12591584026813507,Low,Unvalidated,E,,0.15034529617428782,3,0.25,PubMed,2019,31229876,,European journal of medicinal chemistry,Ali W; Więcek M; Łażewska D; Kurczab R; Jastrzębska-Więsek M; Satała G; Kucwaj-Brysz K; Lubelska A; Głuch-Lutwin M; Mordyl B; Siwek A; Nasim MJ; Partyka A; Sudoł S; Latacz G; Wesołowska A; Kieć-Kononowicz K; Handzlik J,10.1016/j.ejmech.2019.06.022,"Synthesis and computer-aided SAR studies for derivatives of phenoxyalkyl-1,3,5-triazine as the new potent ligands for serotonin receptors 5-HT6.",https://pubmed.ncbi.nlm.nih.gov/31229876/,,6326970,[Se],1,Selenium currently has an ML prediction but requires stronger receptor-specific literature validation.,Literature validation needed before experimental priority,https://pubmed.ncbi.nlm.nih.gov/31229876/
180,"1,3,5-triazine",5-HT6 exploratory candidate,5-HT6 receptor,No,No,No,No,Yes,0.06142664700746536,Low,Direct receptor evidence,C,"Synthesis and computer-aided SAR studies for derivatives of phenoxyalkyl-1,3,5-triazine as the new potent ligands for serotonin receptors 5-HT6.",0.1484273205548525,23,0.25,PubMed,2026,42166820,,European journal of medicinal chemistry,Czarnota-Łydka K; Kucwaj-Brysz K; Cios A; Mordyl B; Głuch-Lutwin M; Jastrzębska-Więsek M; Partyka A; Honkisz-Orzechowska E; Karcz T; Pakulska J; Satała G; Żesławska E; Dąbrowska M; Starek M; Więcek M; Kurowska K; Pyka P; Brunetti L; Leuci R; Piemontese L; Nitek W; Wesołowska A; Carrieri A; Handzlik J,10.1016/j.ejmech.2026.118966,"New chalcogen-optimized 1,3,5-triazines as dual 5-HT6R/FAAH modulators: A versatile approach to neurodegenerative disorders.",https://pubmed.ncbi.nlm.nih.gov/42166820/,,9262,C1=NC=NC=N1,6,"1,3,5-triazine has experimental receptor evidence involving 5-HT6 receptor and is being evaluated as a possible GPR62 candidate.",Review pharmacology and consider experimental testing,https://pubmed.ncbi.nlm.nih.gov/42166820/
180,"1,3,5-triazine",5-HT6 exploratory candidate,5-HT6 receptor,No,No,No,No,Yes,0.06142664700746536,Low,Direct receptor evidence,C,"Synthesis and computer-aided SAR studies for derivatives of phenoxyalkyl-1,3,5-triazine as the new potent ligands for serotonin receptors 5-HT6.",0.1484273205548525,23,0.25,PubMed,2025,40774068,,European journal of medicinal chemistry,Czarnota-Łydka K; Kucwaj-Brysz K; Mordyl B; Głuch-Lutwin M; Karcz T; Jastrzębska-Więsek M; Partyka A; Dąbrowska M; Satała G; Sudoł-Tałaj S; Brunetti L; de Candia M; Purgatorio R; Cerini M; Piemontese L; Podlewska S; Latacz G; Starek M; Wesołowska A; Carrieri A; Handzlik J,10.1016/j.ejmech.2025.118026,"The first-in-class 1,3,5-triazine-derived dual 5-HT6R/FAAH modulators in search for potential drug against neurodegenerative diseases with cognitive impairment.",https://pubmed.ncbi.nlm.nih.gov/40774068/,,9262,C1=NC=NC=N1,6,"1,3,5-triazine has experimental receptor evidence involving 5-HT6 receptor and is being evaluated as a possible GPR62 candidate.",Review pharmacology and consider experimental testing,https://pubmed.ncbi.nlm.nih.gov/40774068/
180,"1,3,5-triazine",5-HT6 exploratory candidate,5-HT6 receptor,No,No,No,No,Yes,0.06142664700746536,Low,Direct receptor evidence,C,"Synthesis and computer-aided SAR studies for derivatives of phenoxyalkyl-1,3,5-triazine as the new potent ligands for serotonin receptors 5-HT6.",0.1484273205548525,23,0.25,PubMed,2020,32693296,,European journal of medicinal chemistry,Sudoł S; Kucwaj-Brysz K; Kurczab R; Wilczyńska N; Jastrzębska-Więsek M; Satała G; Latacz G; Głuch-Lutwin M; Mordyl B; Żesławska E; Nitek W; Partyka A; Buzun K; Doroz-Płonka A; Wesołowska A; Bielawska A; Handzlik J,10.1016/j.ejmech.2020.112529,"Chlorine substituents and linker topology as factors of 5-HT6R activity for novel highly active 1,3,5-triazine derivatives with procognitive properties in vivo.",https://pubmed.ncbi.nlm.nih.gov/32693296/,,9262,C1=NC=NC=N1,6,"1,3,5-triazine has experimental receptor evidence involving 5-HT6 receptor and is being evaluated as a possible GPR62 candidate.",Review pharmacology and consider experimental testing,https://pubmed.ncbi.nlm.nih.gov/32693296/
180,"1,3,5-triazine",5-HT6 exploratory candidate,5-HT6 receptor,No,No,No,No,Yes,0.06142664700746536,Low,Direct receptor evidence,C,"Synthesis and computer-aided SAR studies for derivatives of phenoxyalkyl-1,3,5-triazine as the new potent ligands for serotonin receptors 5-HT6.",0.1484273205548525,23,0.25,PubMed + PMC,2019,31336820,PMC6678253,International journal of molecular sciences,Latacz G; Lubelska A; Jastrzębska-Więsek M; Partyka A; Marć MA; Satała G; Wilczyńska D; Kotańska M; Więcek M; Kamińska K; Wesołowska A; Kieć-Kononowicz K; Handzlik J,10.3390/ijms20143420,"The 1,3,5-Triazine Derivatives as Innovative Chemical Family of 5-HT6 Serotonin Receptor Agents with Therapeutic Perspectives for Cognitive Impairment.",https://pubmed.ncbi.nlm.nih.gov/31336820/,https://pmc.ncbi.nlm.nih.gov/articles/PMC6678253/,9262,C1=NC=NC=N1,6,"1,3,5-triazine has experimental receptor evidence involving 5-HT6 receptor and is being evaluated as a possible GPR62 candidate.",Review pharmacology and consider experimental testing,https://pubmed.ncbi.nlm.nih.gov/31336820/
180,"1,3,5-triazine",5-HT6 exploratory candidate,5-HT6 receptor,No,No,No,No,Yes,0.06142664700746536,Low,Direct receptor evidence,C,"Synthesis and computer-aided SAR studies for derivatives of phenoxyalkyl-1,3,5-triazine as the new potent ligands for serotonin receptors 5-HT6.",0.1484273205548525,23,0.25,PubMed,2019,31229876,,European journal of medicinal chemistry,Ali W; Więcek M; Łażewska D; Kurczab R; Jastrzębska-Więsek M; Satała G; Kucwaj-Brysz K; Lubelska A; Głuch-Lutwin M; Mordyl B; Siwek A; Nasim MJ; Partyka A; Sudoł S; Latacz G; Wesołowska A; Kieć-Kononowicz K; Handzlik J,10.1016/j.ejmech.2019.06.022,"Synthesis and computer-aided SAR studies for derivatives of phenoxyalkyl-1,3,5-triazine as the new potent ligands for serotonin receptors 5-HT6.",https://pubmed.ncbi.nlm.nih.gov/31229876/,,9262,C1=NC=NC=N1,6,"1,3,5-triazine has experimental receptor evidence involving 5-HT6 receptor and is being evaluated as a possible GPR62 candidate.",Review pharmacology and consider experimental testing,https://pubmed.ncbi.nlm.nih.gov/31229876/
180,"1,3,5-triazine",5-HT6 exploratory candidate,5-HT6 receptor,No,No,No,No,Yes,0.06142664700746536,Low,Direct receptor evidence,C,"Synthesis and computer-aided SAR studies for derivatives of phenoxyalkyl-1,3,5-triazine as the new potent ligands for serotonin receptors 5-HT6.",0.1484273205548525,23,0.25,PubMed,2017,28441580,,European journal of medicinal chemistry,Łażewska D; Kurczab R; Więcek M; Kamińska K; Satała G; Jastrzębska-Więsek M; Partyka A; Bojarski AJ; Wesołowska A; Kieć-Kononowicz K; Handzlik J,10.1016/j.ejmech.2017.04.033,"The computer-aided discovery of novel family of the 5-HT6 serotonin receptor ligands among derivatives of 4-benzyl-1,3,5-triazine.",https://pubmed.ncbi.nlm.nih.gov/28441580/,,9262,C1=NC=NC=N1,6,"1,3,5-triazine has experimental receptor evidence involving 5-HT6 receptor and is being evaluated as a possible GPR62 candidate.",Review pharmacology and consider experimental testing,https://pubmed.ncbi.nlm.nih.gov/28441580/
181,Creatinine,MT2-related exploratory candidate,MT2 receptor,No,No,No,Yes,No,0.03146181255578995,Low,Unvalidated,E,,0.14745017816126346,1,0.5,PubMed + PMC,2023,36658621,PMC9854223,Clinical epigenetics,Kim JY; Jelinek J; Lee YH; Kim DH; Kang K; Ryu SH; Moon HR; Cho K; Rha SH; Cha JK; Issa JJ; Kim J,10.1186/s13148-023-01423-x,Hypomethylation in MTNR1B: a novel epigenetic marker for atherosclerosis profiling using stenosis radiophenotype and blood inflammatory cells.,https://pubmed.ncbi.nlm.nih.gov/36658621/,https://pmc.ncbi.nlm.nih.gov/articles/PMC9854223/,588,CN1CC(=O)N=C1N,1,Creatinine currently has an ML prediction but requires stronger receptor-specific literature validation.,Literature validation needed before experimental priority,https://pubmed.ncbi.nlm.nih.gov/36658621/
182,6-methyladenine,MT2-related exploratory candidate,MT2 receptor,No,No,No,Yes,No,0.022505832836031914,Low,Unvalidated,E,,0.14362879134342074,2,0.5,PubMed + PMC,2024,38255808,PMC10815701,International journal of molecular sciences,Zhao S; Dong Y; Li Y; Wang Z; Chen Y; Dong Y,10.3390/ijms25020733,Melatonin Alleviates Lipopolysaccharide-Induced Abnormal Pregnancy through MTNR1B Regulation of m6A.,https://pubmed.ncbi.nlm.nih.gov/38255808/,https://pmc.ncbi.nlm.nih.gov/articles/PMC10815701/,67955,CNC1=NC=NC2=C1NC=N2,1,6-methyladenine currently has an ML prediction but requires stronger receptor-specific literature validation.,Literature validation needed before experimental priority,https://pubmed.ncbi.nlm.nih.gov/38255808/
183,Praseodymium,5-HT6 exploratory candidate,5-HT6 receptor,No,No,No,No,Yes,0.10212530195713043,Low,Unvalidated,E,,0.14288144627213478,7,0.25,PubMed + PMC,2024,39408617,PMC11477289,International journal of molecular sciences,Zaręba P; Drabczyk AK; Wnorowski A; Maj M; Malarz K; Rurka P; Latacz G; Duszyńska B; Ciura K; Greber KE; Boguszewska-Czubara A; Śliwa P; Kuliś J,10.3390/ijms251910287,Low-Basicity 5-HT6 Receptor Ligands from the Group of Cyclic Arylguanidine Derivatives and Their Antiproliferative Activity Evaluation.,https://pubmed.ncbi.nlm.nih.gov/39408617/,https://pmc.ncbi.nlm.nih.gov/articles/PMC11477289/,23942,[Pr],1,Praseodymium currently has an ML prediction but requires stronger receptor-specific literature validation.,Literature validation needed before experimental priority,https://pubmed.ncbi.nlm.nih.gov/39408617/
184,Fluorine-18,5-HT6 exploratory candidate,5-HT6 receptor,No,No,No,No,Yes,0.10033348947763443,Low,Unvalidated,E,,0.14171676816046241,7,0.25,PubMed,2015,25331460,,European journal of nuclear medicine and molecular imaging,Becker G; Colomb J; Sgambato-Faure V; Tremblay L; Billard T; Zimmer L,10.1007/s00259-014-2936-y,Preclinical evaluation of [18F]2FNQ1P as the first fluorinated serotonin 5-HT6 radioligand for PET imaging.,https://pubmed.ncbi.nlm.nih.gov/25331460/,,131704324,[F],1,Fluorine-18 currently has an ML prediction but requires stronger receptor-specific literature validation.,Literature validation needed before experimental priority,https://pubmed.ncbi.nlm.nih.gov/25331460/
185,3-methyladenine,MT2-related exploratory candidate,MT2 receptor,No,No,No,Yes,No,0.01598503813147545,Low,Unvalidated,E,,0.14139027478545904,3,0.5,PubMed,2024,37739092,,Biochimica et biophysica acta. Molecular basis of disease,Dong Y; Cao X; Huang J; Hu Z; Chen C; Chen M; Long Q; Xu Z; Lv D; Rong Y; Luo S; Wang H; Deng W; Tang B,10.1016/j.bbadis.2023.166887,Melatonin inhibits fibroblast cell functions and hypertrophic scar formation by enhancing autophagy through the MT2 receptor-inhibited PI3K/Akt /mTOR signaling.,https://pubmed.ncbi.nlm.nih.gov/37739092/,,135398661,CN1C=NC(=N)C2=C1N=CN2,1,3-methyladenine currently has an ML prediction but requires stronger receptor-specific literature validation.,Literature validation needed before experimental priority,https://pubmed.ncbi.nlm.nih.gov/37739092/
186,3-MA,MT2-related exploratory candidate,MT2 receptor,No,No,No,Yes,No,0.01598503813147545,Low,Unvalidated,E,,0.14139027478545904,3,0.5,PubMed,2024,37739092,,Biochimica et biophysica acta. Molecular basis of disease,Dong Y; Cao X; Huang J; Hu Z; Chen C; Chen M; Long Q; Xu Z; Lv D; Rong Y; Luo S; Wang H; Deng W; Tang B,10.1016/j.bbadis.2023.166887,Melatonin inhibits fibroblast cell functions and hypertrophic scar formation by enhancing autophagy through the MT2 receptor-inhibited PI3K/Akt /mTOR signaling.,https://pubmed.ncbi.nlm.nih.gov/37739092/,,135398661,CN1C=NC(=N)C2=C1N=CN2,1,3-MA currently has an ML prediction but requires stronger receptor-specific literature validation.,Literature validation needed before experimental priority,https://pubmed.ncbi.nlm.nih.gov/37739092/
187,Antimony,5-HT6 exploratory candidate,5-HT6 receptor,No,No,No,No,Yes,0.10812331736087799,Low,Unvalidated,E,,0.1387801562845707,3,0.25,PubMed,2017,28535499,,"Cellular physiology and biochemistry : international journal of experimental cellular physiology, biochemistry, and pharmacology",Lin W; Huang W; Chen S; Lin M; Huang Q; Huang H,10.1159/000477322,The Role of 5-HTR6 in Mossy Fiber Sprouting: Activating Fyn and p-ERK1/2 in Pilocarpine-Induced Chronic Epileptic Rats.,https://pubmed.ncbi.nlm.nih.gov/28535499/,,5354495,[Sb],1,Antimony currently has an ML prediction but requires stronger receptor-specific literature validation.,Literature validation needed before experimental priority,https://pubmed.ncbi.nlm.nih.gov/28535499/
188,2-phenylmelatonin,MT2-related exploratory candidate,MT2 receptor,No,No,No,Yes,No,0.010979587212204933,Low,Unvalidated,E,,0.13813673168793322,3,0.5,PubMed,2022,36150258,,European journal of medicinal chemistry,Mari M; Elisi GM; Bedini A; Lucarini S; Retini M; Lucini V; Scaglione F; Vincenzi F; Varani K; Castelli R; Mor M; Rivara S; Spadoni G,10.1016/j.ejmech.2022.114762,2-Arylmelatonin analogues: Probing the 2-phenyl binding pocket of melatonin MT1 and MT2 receptors.,https://pubmed.ncbi.nlm.nih.gov/36150258/,,4018512,CC(=O)NCCC1=C(NC2=C1C=C(C=C2)OC)C3=CC=CC=C3,1,2-phenylmelatonin currently has an ML prediction but requires stronger receptor-specific literature validation.,Literature validation needed before experimental priority,https://pubmed.ncbi.nlm.nih.gov/36150258/
189,Hydrocortisone,MT2-related exploratory candidate,MT2 receptor,No,No,No,Yes,No,0.0019614084158092737,Low,Unvalidated,E,,0.13627491547027604,5,0.5,PubMed,2026,41983375,,American journal of human biology : the official journal of the Human Biology Council,Gubin D; Kolomeichuk S; Danilenko K; Stefani O; Markov A; Petrov I; Voronin K; Mezhakova M; Borisenkov M; Shigabaeva A; Boldyreva J; Petrova J; Alkhimova L; Weinert D; Cornelissen G,10.1002/ajhb.70261,Population-Specific Circadian Drivers and MTNR1B Predict Arctic Morning Cortisol.,https://pubmed.ncbi.nlm.nih.gov/41983375/,,5754,CC12CCC(=O)C=C1CCC3C2C(CC4(C3CCC4(C(=O)CO)O)C)O,1,Hydrocortisone currently has an ML prediction but requires stronger receptor-specific literature validation.,Literature validation needed before experimental priority,https://pubmed.ncbi.nlm.nih.gov/41983375/
190,1-amino-4-methylpiperazine,5-HT6 exploratory candidate,5-HT6 receptor,No,No,No,No,Yes,0.10345988720655441,Low,Unvalidated,E,,0.13574892668426036,3,0.25,PubMed,2013,23810425,,Bioorganic & medicinal chemistry,Hayat F; Cho S; Rhim H; Indu Viswanath AN; Pae AN; Lee JY; Choo DJ; Choo HY,10.1016/j.bmc.2013.05.051,"Design and synthesis of novel series of 5-HT6 receptor ligands having indole, a central aromatic core and 1-amino-4 methyl piperazine as a positive ionizable group.",https://pubmed.ncbi.nlm.nih.gov/23810425/,,81349,CN1CCN(CC1)N,1,1-amino-4-methylpiperazine currently has an ML prediction but requires stronger receptor-specific literature validation.,Literature validation needed before experimental priority,https://pubmed.ncbi.nlm.nih.gov/23810425/
191,Flumazenil,5-HT6 exploratory candidate,5-HT6 receptor,No,No,No,No,Yes,0.10152677446603775,Low,Unvalidated,E,,0.13449240340292457,3,0.25,PubMed,2014,24905144,,Neuropharmacology,Jastrzębska-Więsek M; Siwek A; Partyka A; Kubacka M; Mogilski S; Wasik A; Kołaczkowski M; Wesołowska A,10.1016/j.neuropharm.2014.05.036,"Pharmacological evaluation of the anxiolytic-like effects of EMD 386088, a partial 5-HT6 receptor agonist, in the rat elevated plus-maze and Vogel conflict tests.",https://pubmed.ncbi.nlm.nih.gov/24905144/,,3373,CCOC(=O)C1=C2CN(C(=O)C3=C(N2C=N1)C=CC(=C3)F)C,1,Flumazenil currently has an ML prediction but requires stronger receptor-specific literature validation.,Literature validation needed before experimental priority,https://pubmed.ncbi.nlm.nih.gov/24905144/
192,Oxaliplatin,5-HT6 exploratory candidate,5-HT6 receptor,No,No,No,No,Yes,0.08400486409664154,Low,Unvalidated,E,,0.13110316166281702,7,0.25,PubMed,2025,40757510,,Journal of neurochemistry,Mokhtar N; Drop M; Delay L; Rondón LJ; Costerousse L; Chapuy E; Prival L; Lamaty F; Bantreil X; Canale V; Marin P; Zajdel P; Doly S; Courteix C,10.1111/jnc.70179,5-HT6 Receptor Inverse Agonists Modulate Diabetic Neuropathic Pain in Female Rats: Evidence for 5-HT6 Receptor Constitutive Activity.,https://pubmed.ncbi.nlm.nih.gov/40757510/,,9887053,C1CCC(C(C1)[NH-])[NH-].C(=O)(C(=O)O)O.[Pt+2],3,Oxaliplatin currently has an ML prediction but requires stronger receptor-specific literature validation.,Literature validation needed before experimental priority,https://pubmed.ncbi.nlm.nih.gov/40757510/
192,Oxaliplatin,5-HT6 exploratory candidate,5-HT6 receptor,No,No,No,No,Yes,0.08400486409664154,Low,Unvalidated,E,,0.13110316166281702,7,0.25,PubMed + PMC,2023,36830733,PMC9953062,Biomolecules,Mokhtar N; Drop M; Jacquot F; Lamoine S; Chapuy E; Prival L; Aissouni Y; Canale V; Lamaty F; Zajdel P; Marin P; Doly S; Courteix C,10.3390/biom13020364,The Constitutive Activity of Spinal 5-HT6 Receptors Contributes to Diabetic Neuropathic Pain in Rats.,https://pubmed.ncbi.nlm.nih.gov/36830733/,https://pmc.ncbi.nlm.nih.gov/articles/PMC9953062/,9887053,C1CCC(C(C1)[NH-])[NH-].C(=O)(C(=O)O)O.[Pt+2],3,Oxaliplatin currently has an ML prediction but requires stronger receptor-specific literature validation.,Literature validation needed before experimental priority,https://pubmed.ncbi.nlm.nih.gov/36830733/
192,Oxaliplatin,5-HT6 exploratory candidate,5-HT6 receptor,No,No,No,No,Yes,0.08400486409664154,Low,Unvalidated,E,,0.13110316166281702,7,0.25,PubMed,2020,32512114,,Progress in neurobiology,Martin PY; Doly S; Hamieh AM; Chapuy E; Canale V; Drop M; Chaumont-Dubel S; Bantreil X; Lamaty F; Bojarski AJ; Zajdel P; Eschalier A; Marin P; Courteix C,10.1016/j.pneurobio.2020.101846,mTOR activation by constitutively active serotonin6 receptors as new paradigm in neuropathic pain and its treatment.,https://pubmed.ncbi.nlm.nih.gov/32512114/,,9887053,C1CCC(C(C1)[NH-])[NH-].C(=O)(C(=O)O)O.[Pt+2],3,Oxaliplatin currently has an ML prediction but requires stronger receptor-specific literature validation.,Literature validation needed before experimental priority,https://pubmed.ncbi.nlm.nih.gov/32512114/
193,dehydroacetic acid,MT2-related exploratory candidate,MT2 receptor,No,No,No,Yes,No,0.006209161132574081,Low,Unvalidated,E,,0.13103595473617316,1,0.5,PubMed,2023,37334912,,Food & function,Chang CH; Wu HC; Hsieh YR; Lai WD; Tung TH; Huang JJ; Kao WY; Huang SY,10.1039/d3fo01452e,Modulatory effect of n-3 polyunsaturated fatty acids on depressive-like behaviors in rats with chronic sleep deprivation: potential involvement of melatonin receptor pathway and brain lipidome.,https://pubmed.ncbi.nlm.nih.gov/37334912/,,122903,CC1=CC(=O)C(C(=O)O1)C(=O)C,1,dehydroacetic acid currently has an ML prediction but requires stronger receptor-specific literature validation.,Literature validation needed before experimental priority,https://pubmed.ncbi.nlm.nih.gov/37334912/
194,Dimethyl Sulfoxide,5-HT6 exploratory candidate,5-HT6 receptor,No,No,No,No,Yes,0.09143885225057602,Low,Unvalidated,E,,0.12793525396287442,3,0.25,PubMed,2017,28535499,,"Cellular physiology and biochemistry : international journal of experimental cellular physiology, biochemistry, and pharmacology",Lin W; Huang W; Chen S; Lin M; Huang Q; Huang H,10.1159/000477322,The Role of 5-HTR6 in Mossy Fiber Sprouting: Activating Fyn and p-ERK1/2 in Pilocarpine-Induced Chronic Epileptic Rats.,https://pubmed.ncbi.nlm.nih.gov/28535499/,,679,CS(=O)C,1,Dimethyl Sulfoxide currently has an ML prediction but requires stronger receptor-specific literature validation.,Literature validation needed before experimental priority,https://pubmed.ncbi.nlm.nih.gov/28535499/
195,PCPA,5-HT6 exploratory candidate,5-HT6 receptor,No,No,No,No,Yes,0.08701536804437637,Low,Unvalidated,E,,0.12505998922884465,3,0.25,PubMed,2013,25287308,,Acta neuropsychiatrica,Masuda T; Nishikawa H; Inoue T; Toda H; Nakagawa S; Boku S; Koyama T,10.1111/j.1601-5215.2012.00669.x,"5-HT depletion, but not 5-HT1A antagonist, prevents the anxiolytic-like effect of citalopram in rat contextual conditioned fear stress model.",https://pubmed.ncbi.nlm.nih.gov/25287308/,,26229,C1=CC(=CC=C1OCC(=O)O)Cl,1,PCPA currently has an ML prediction but requires stronger receptor-specific literature validation.,Literature validation needed before experimental priority,https://pubmed.ncbi.nlm.nih.gov/25287308/
196,azasetron,5-HT6 exploratory candidate,5-HT6 receptor,No,No,No,No,Yes,0.08650144189596176,Low,Unvalidated,E,,0.12472593723237516,3,0.25,PubMed,2015,25932719,,Behavioural pharmacology,Hasebe S; Ago Y; Nishiyama S; Oka S; Hashimoto H; Takuma K; Matsuda T,10.1097/FBP.0000000000000140,Pharmacological profile of encounter-induced hyperactivity in isolation-reared mice.,https://pubmed.ncbi.nlm.nih.gov/25932719/,,2264,CN1C(=O)COC2=C(C=C(C=C21)Cl)C(=O)NC3CN4CCC3CC4,1,azasetron currently has an ML prediction but requires stronger receptor-specific literature validation.,Literature validation needed before experimental priority,https://pubmed.ncbi.nlm.nih.gov/25932719/
197,Oxidopamine,5-HT6 exploratory candidate,5-HT6 receptor,No,No,No,No,Yes,0.017821574583649635,Low,Unvalidated,E,,0.12408402347937227,25,0.25,PubMed,2021,33439019,,Journal of medicinal chemistry,Vanda D; Canale V; Chaumont-Dubel S; Kurczab R; Satała G; Koczurkiewicz-Adamczyk P; Krawczyk M; Pietruś W; Blicharz K; Pękala E; Bojarski AJ; Popik P; Marin P; Soural M; Zajdel P,10.1021/acs.jmedchem.0c02009,Imidazopyridine-Based 5-HT6 Receptor Neutral Antagonists: Impact of N1-Benzyl and N1-Phenylsulfonyl Fragments on Different Receptor Conformational States.,https://pubmed.ncbi.nlm.nih.gov/33439019/,,4624,C1=C(C(=CC(=C1O)O)O)CCN,5,Oxidopamine currently has an ML prediction but requires stronger receptor-specific literature validation.,Literature validation needed before experimental priority,https://pubmed.ncbi.nlm.nih.gov/33439019/
197,Oxidopamine,5-HT6 exploratory candidate,5-HT6 receptor,No,No,No,No,Yes,0.017821574583649635,Low,Unvalidated,E,,0.12408402347937227,25,0.25,PubMed,2020,32853642,,Brain research,Li L; Hui Y; Wu Z; Qiao H; Guo F; Ma B; Zhang Q,10.1016/j.brainres.2020.147072,Activation and blockade of 5-HT6 receptor in the medial septum-diagonal band recover working memory in the hemiparkinsonian rats.,https://pubmed.ncbi.nlm.nih.gov/32853642/,,4624,C1=C(C(=CC(=C1O)O)O)CCN,5,Oxidopamine currently has an ML prediction but requires stronger receptor-specific literature validation.,Literature validation needed before experimental priority,https://pubmed.ncbi.nlm.nih.gov/32853642/
197,Oxidopamine,5-HT6 exploratory candidate,5-HT6 receptor,No,No,No,No,Yes,0.017821574583649635,Low,Unvalidated,E,,0.12408402347937227,25,0.25,PubMed,2018,29778944,,Neuropharmacology,Sun YN; Yao L; Li LB; Wang Y; Du CX; Guo Y; Liu J,10.1016/j.neuropharm.2018.05.016,Activation and blockade of basolateral amygdala 5-HT6 receptor produce anxiolytic-like behaviors in an experimental model of Parkinson's disease.,https://pubmed.ncbi.nlm.nih.gov/29778944/,,4624,C1=C(C(=CC(=C1O)O)O)CCN,5,Oxidopamine currently has an ML prediction but requires stronger receptor-specific literature validation.,Literature validation needed before experimental priority,https://pubmed.ncbi.nlm.nih.gov/29778944/
197,Oxidopamine,5-HT6 exploratory candidate,5-HT6 receptor,No,No,No,No,Yes,0.017821574583649635,Low,Unvalidated,E,,0.12408402347937227,25,0.25,PubMed,2016,27616337,,Brain research,Liu KC; Li JY; Xie W; Li LB; Zhang J; Du CX; Zhang YM; Tan HH; Wang HS; Zhang L,10.1016/j.brainres.2016.09.009,Activation and blockade of serotonin6 receptors in the dorsal hippocampus enhance T maze and hole-board performance in a unilateral 6-hydroxydopamine rat model of Parkinson's disease.,https://pubmed.ncbi.nlm.nih.gov/27616337/,,4624,C1=C(C(=CC(=C1O)O)O)CCN,5,Oxidopamine currently has an ML prediction but requires stronger receptor-specific literature validation.,Literature validation needed before experimental priority,https://pubmed.ncbi.nlm.nih.gov/27616337/
197,Oxidopamine,5-HT6 exploratory candidate,5-HT6 receptor,No,No,No,No,Yes,0.017821574583649635,Low,Unvalidated,E,,0.12408402347937227,25,0.25,PubMed,2016,27424103,,Neuropharmacology,Zhang YM; Zhang L; Wang Y; Sun YN; Guo Y; Du CX; Zhang J; Yao L; Yu SQ; Liu J,10.1016/j.neuropharm.2016.07.014,Activation and blockade of prelimbic 5-HT6 receptors produce different effects on depressive-like behaviors in unilateral 6-hydroxydopamine-induced Parkinson's rats.,https://pubmed.ncbi.nlm.nih.gov/27424103/,,4624,C1=C(C(=CC(=C1O)O)O)CCN,5,Oxidopamine currently has an ML prediction but requires stronger receptor-specific literature validation.,Literature validation needed before experimental priority,https://pubmed.ncbi.nlm.nih.gov/27424103/
198,AVN-322,5-HT6 exploratory candidate,5-HT6 receptor,No,No,No,No,Yes,0.08132769912481308,Low,Direct receptor evidence,C,AVN-322 is a Safe Orally Bio-Available Potent and Highly Selective Antagonist of 5-HT6R with Demonstrated Ability to Improve Impaired Memory in Animal Models.,0.12136300443112852,3,0.25,PubMed,2017,27829340,,Current Alzheimer research,Ivachtchenko AV; Ivanenkov YA; Veselov MS; Okun IM,10.2174/1567205013666161108105005,AVN-322 is a Safe Orally Bio-Available Potent and Highly Selective Antagonist of 5-HT6R with Demonstrated Ability to Improve Impaired Memory in Animal Models.,https://pubmed.ncbi.nlm.nih.gov/27829340/,,135905417,CNC1=NN2C3=C(CN(CC3)C)C=NC2=C1S(=O)(=O)C4=CC=CC=C4.Cl,1,AVN-322 has experimental receptor evidence involving 5-HT6 receptor and is being evaluated as a possible GPR62 candidate.,Review pharmacology and consider experimental testing,https://pubmed.ncbi.nlm.nih.gov/27829340/
199,Sulfur Dioxide,5-HT6 exploratory candidate,5-HT6 receptor,No,No,No,No,Yes,0.08026039600372314,Low,Unvalidated,E,,0.12066925740242004,3,0.25,PubMed,2019,31229876,,European journal of medicinal chemistry,Ali W; Więcek M; Łażewska D; Kurczab R; Jastrzębska-Więsek M; Satała G; Kucwaj-Brysz K; Lubelska A; Głuch-Lutwin M; Mordyl B; Siwek A; Nasim MJ; Partyka A; Sudoł S; Latacz G; Wesołowska A; Kieć-Kononowicz K; Handzlik J,10.1016/j.ejmech.2019.06.022,"Synthesis and computer-aided SAR studies for derivatives of phenoxyalkyl-1,3,5-triazine as the new potent ligands for serotonin receptors 5-HT6.",https://pubmed.ncbi.nlm.nih.gov/31229876/,,1119,O=S=O,1,Sulfur Dioxide currently has an ML prediction but requires stronger receptor-specific literature validation.,Literature validation needed before experimental priority,https://pubmed.ncbi.nlm.nih.gov/31229876/
200,coumarin,5-HT6 exploratory candidate,5-HT6 receptor,No,No,No,No,Yes,0.07415731996297836,Low,Unvalidated,E,,0.11670225797593595,3,0.25,PubMed,2025,38204222,,Current computer-aided drug design,Vediappan P; Arumugam M; Natarajan R,10.2174/0115734099282836231212064925,"In-silico Design, ADMET Screening, Prime MM-GBSA Binding Free Energy Calculation and MD Simulation of Some Novel Phenothiazines as 5HT6R Antagonists Targeting Alzheimer's Disease.",https://pubmed.ncbi.nlm.nih.gov/38204222/,,323,C1=CC=C2C(=C1)C=CC(=O)O2,1,coumarin currently has an ML prediction but requires stronger receptor-specific literature validation.,Literature validation needed before experimental priority,https://pubmed.ncbi.nlm.nih.gov/38204222/
201,Tropisetron,5-HT6 exploratory candidate,5-HT6 receptor,No,No,No,No,Yes,0.07190857082605362,Low,Unvalidated,E,,0.11524057103693486,3,0.25,PubMed,2013,25287308,,Acta neuropsychiatrica,Masuda T; Nishikawa H; Inoue T; Toda H; Nakagawa S; Boku S; Koyama T,10.1111/j.1601-5215.2012.00669.x,"5-HT depletion, but not 5-HT1A antagonist, prevents the anxiolytic-like effect of citalopram in rat contextual conditioned fear stress model.",https://pubmed.ncbi.nlm.nih.gov/25287308/,,656665,CN1C2CCC1CC(C2)OC(=O)C3=CNC4=CC=CC=C43,1,Tropisetron currently has an ML prediction but requires stronger receptor-specific literature validation.,Literature validation needed before experimental priority,https://pubmed.ncbi.nlm.nih.gov/25287308/
202,Glycerol,5-HT6 exploratory candidate,5-HT6 receptor,No,No,No,No,Yes,0.06869403272867203,Low,Unvalidated,E,,0.11315112127363683,3,0.25,PubMed + PMC,2017,28228713,PMC5296348,Frontiers in neuroscience,Kotańska M; Śniecikowska J; Jastrzębska-Więsek M; Kołaczkowski M; Pytka K,10.3389/fnins.2017.00050,Metabolic and Cardiovascular Benefits and Risks of EMD386088-A 5-HT6 Receptor Partial Agonist and Dopamine Transporter Inhibitor.,https://pubmed.ncbi.nlm.nih.gov/28228713/,https://pmc.ncbi.nlm.nih.gov/articles/PMC5296348/,753,C(C(CO)O)O,1,Glycerol currently has an ML prediction but requires stronger receptor-specific literature validation.,Literature validation needed before experimental priority,https://pubmed.ncbi.nlm.nih.gov/28228713/
203,Ondansetron,5-HT6 exploratory candidate,5-HT6 receptor,No,No,No,No,Yes,0.05891041457653046,Low,Unvalidated,E,,0.1127917694747448,6,0.25,PubMed + PMC,2022,35022720,PMC9154270,The international journal of neuropsychopharmacology,Castañé A; Cano M; Ruiz-Avila L; Miquel-Rio L; Celada P; Artigas F; Riga MS,10.1093/ijnp/pyac003,Dual 5-HT3 and 5-HT6 Receptor Antagonist FPPQ Normalizes Phencyclidine-Induced Disruption of Brain Oscillatory Activity in Rats.,https://pubmed.ncbi.nlm.nih.gov/35022720/,https://pmc.ncbi.nlm.nih.gov/articles/PMC9154270/,4595,CC1=NC=CN1CC2CCC3=C(C2=O)C4=CC=CC=C4N3C,2,Ondansetron currently has an ML prediction but requires stronger receptor-specific literature validation.,Literature validation needed before experimental priority,https://pubmed.ncbi.nlm.nih.gov/35022720/
203,Ondansetron,5-HT6 exploratory candidate,5-HT6 receptor,No,No,No,No,Yes,0.05891041457653046,Low,Unvalidated,E,,0.1127917694747448,6,0.25,PubMed + PMC,2021,34467765,PMC8474115,Journal of medicinal chemistry,Zajdel P; Grychowska K; Mogilski S; Kurczab R; Satała G; Bugno R; Kos T; Gołębiowska J; Malikowska-Racia N; Nikiforuk A; Chaumont-Dubel S; Bantreil X; Pawłowski M; Martinez J; Subra G; Lamaty F; Marin P; Bojarski AJ; Popik P,10.1021/acs.jmedchem.1c00224,"Structure-Based Design and Optimization of FPPQ, a Dual-Acting 5-HT3 and 5-HT6 Receptor Antagonist with Antipsychotic and Procognitive Properties.",https://pubmed.ncbi.nlm.nih.gov/34467765/,https://pmc.ncbi.nlm.nih.gov/articles/PMC8474115/,4595,CC1=NC=CN1CC2CCC3=C(C2=O)C4=CC=CC=C4N3C,2,Ondansetron currently has an ML prediction but requires stronger receptor-specific literature validation.,Literature validation needed before experimental priority,https://pubmed.ncbi.nlm.nih.gov/34467765/
204,dopamine D2,5-HT6 exploratory candidate,5-HT6 receptor,No,No,No,No,Yes,0.06756026297807693,Low,Unvalidated,E,,0.11241417093575001,3,0.25,PubMed + PMC,2023,36770774,PMC9919591,"Molecules (Basel, Switzerland)",Łażewska D; Więcek M; Satała G; Chałupnik P; Żesławska E; Honkisz-Orzechowska E; Tarasek M; Latacz G; Nitek W; Szymańska E; Handzlik J,10.3390/molecules28031108,New Triazine Derivatives as Serotonin 5-HT6 Receptor Ligands.,https://pubmed.ncbi.nlm.nih.gov/36770774/,https://pmc.ncbi.nlm.nih.gov/articles/PMC9919591/,18598488,C1=CC(=C(C=C1CCN)O)O,1,dopamine D2 currently has an ML prediction but requires stronger receptor-specific literature validation.,Literature validation needed before experimental priority,https://pubmed.ncbi.nlm.nih.gov/36770774/
205,Thymol,5-HT6 exploratory candidate,5-HT6 receptor,No,No,No,No,Yes,0.05689239501953125,Low,Unvalidated,E,,0.10548005676269531,3,0.25,PubMed + PMC,2019,31336820,PMC6678253,International journal of molecular sciences,Latacz G; Lubelska A; Jastrzębska-Więsek M; Partyka A; Marć MA; Satała G; Wilczyńska D; Kotańska M; Więcek M; Kamińska K; Wesołowska A; Kieć-Kononowicz K; Handzlik J,10.3390/ijms20143420,"The 1,3,5-Triazine Derivatives as Innovative Chemical Family of 5-HT6 Serotonin Receptor Agents with Therapeutic Perspectives for Cognitive Impairment.",https://pubmed.ncbi.nlm.nih.gov/31336820/,https://pmc.ncbi.nlm.nih.gov/articles/PMC6678253/,6989,CC1=CC(=C(C=C1)C(C)C)O,1,Thymol currently has an ML prediction but requires stronger receptor-specific literature validation.,Literature validation needed before experimental priority,https://pubmed.ncbi.nlm.nih.gov/31336820/
206,acetylcholine,5-HT6 exploratory candidate,5-HT6 receptor,No,No,No,No,Yes,0.004161999095231295,Low,Direct receptor evidence,C,"Effects of the 5-HT6 receptor antagonist idalopirdine on extracellular levels of monoamines, glutamate and acetylcholine in the rat medial prefrontal cortex.",0.10520529941190035,20,0.25,PubMed,2018,29848076,,Expert opinion on investigational drugs,Khoury R; Grysman N; Gold J; Patel K; Grossberg GT,10.1080/13543784.2018.1483334,The role of 5 HT6-receptor antagonists in Alzheimer's disease: an update.,https://pubmed.ncbi.nlm.nih.gov/29848076/,,187,CC(=O)OCC[N+](C)(C)C,6,acetylcholine has experimental receptor evidence involving 5-HT6 receptor and is being evaluated as a possible GPR62 candidate.,Review pharmacology and consider experimental testing,https://pubmed.ncbi.nlm.nih.gov/29848076/
206,acetylcholine,5-HT6 exploratory candidate,5-HT6 receptor,No,No,No,No,Yes,0.004161999095231295,Low,Direct receptor evidence,C,"Effects of the 5-HT6 receptor antagonist idalopirdine on extracellular levels of monoamines, glutamate and acetylcholine in the rat medial prefrontal cortex.",0.10520529941190035,20,0.25,PubMed + PMC,2017,28196966,PMC5322869,Medical science monitor : international medical journal of experimental and clinical research,Yu H; Chen T; Zhou L; Tang J,10.12659/msm.899067,Effect of Selective 5-HT6R Agonist on Expression of 5-HT Receptor and Neurotransmitter in Vascular Dementia Rats.,https://pubmed.ncbi.nlm.nih.gov/28196966/,https://pmc.ncbi.nlm.nih.gov/articles/PMC5322869/,187,CC(=O)OCC[N+](C)(C)C,6,acetylcholine has experimental receptor evidence involving 5-HT6 receptor and is being evaluated as a possible GPR62 candidate.,Review pharmacology and consider experimental testing,https://pubmed.ncbi.nlm.nih.gov/28196966/
206,acetylcholine,5-HT6 exploratory candidate,5-HT6 receptor,No,No,No,No,Yes,0.004161999095231295,Low,Direct receptor evidence,C,"Effects of the 5-HT6 receptor antagonist idalopirdine on extracellular levels of monoamines, glutamate and acetylcholine in the rat medial prefrontal cortex.",0.10520529941190035,20,0.25,PubMed,2017,28188762,,European journal of pharmacology,Mørk A; Russell RV; de Jong IE; Smagin G,10.1016/j.ejphar.2017.02.010,"Effects of the 5-HT6 receptor antagonist idalopirdine on extracellular levels of monoamines, glutamate and acetylcholine in the rat medial prefrontal cortex.",https://pubmed.ncbi.nlm.nih.gov/28188762/,,187,CC(=O)OCC[N+](C)(C)C,6,acetylcholine has experimental receptor evidence involving 5-HT6 receptor and is being evaluated as a possible GPR62 candidate.,Review pharmacology and consider experimental testing,https://pubmed.ncbi.nlm.nih.gov/28188762/
206,acetylcholine,5-HT6 exploratory candidate,5-HT6 receptor,No,No,No,No,Yes,0.004161999095231295,Low,Direct receptor evidence,C,"Effects of the 5-HT6 receptor antagonist idalopirdine on extracellular levels of monoamines, glutamate and acetylcholine in the rat medial prefrontal cortex.",0.10520529941190035,20,0.25,PubMed,2016,27039041,,Neuropharmacology,Herrik KF; Mørk A; Richard N; Bundgaard C; Bastlund JF; de Jong IEM,10.1016/j.neuropharm.2016.03.043,The 5-HT6 receptor antagonist idalopirdine potentiates the effects of acetylcholinesterase inhibition on neuronal network oscillations and extracellular acetylcholine levels in the rat dorsal hippocampus.,https://pubmed.ncbi.nlm.nih.gov/27039041/,,187,CC(=O)OCC[N+](C)(C)C,6,acetylcholine has experimental receptor evidence involving 5-HT6 receptor and is being evaluated as a possible GPR62 candidate.,Review pharmacology and consider experimental testing,https://pubmed.ncbi.nlm.nih.gov/27039041/
206,acetylcholine,5-HT6 exploratory candidate,5-HT6 receptor,No,No,No,No,Yes,0.004161999095231295,Low,Direct receptor evidence,C,"Effects of the 5-HT6 receptor antagonist idalopirdine on extracellular levels of monoamines, glutamate and acetylcholine in the rat medial prefrontal cortex.",0.10520529941190035,20,0.25,PubMed,2015,26044973,,Current pharmaceutical design,de Bruin NM; Kruse CG,10.2174/1381612821666150605112105,5-HT6 Receptor Antagonists: Potential Efficacy for the Treatment of Cognitive Impairment in Schizophrenia.,https://pubmed.ncbi.nlm.nih.gov/26044973/,,187,CC(=O)OCC[N+](C)(C)C,6,acetylcholine has experimental receptor evidence involving 5-HT6 receptor and is being evaluated as a possible GPR62 candidate.,Review pharmacology and consider experimental testing,https://pubmed.ncbi.nlm.nih.gov/26044973/
206,acetylcholine,5-HT6 exploratory candidate,5-HT6 receptor,No,No,No,No,Yes,0.004161999095231295,Low,Direct receptor evidence,C,"Effects of the 5-HT6 receptor antagonist idalopirdine on extracellular levels of monoamines, glutamate and acetylcholine in the rat medial prefrontal cortex.",0.10520529941190035,20,0.25,PubMed,2015,26022777,,Expert opinion on investigational drugs,Galimberti D; Scarpini E,10.1517/13543784.2015.1052402,Idalopirdine as a treatment for Alzheimer's disease.,https://pubmed.ncbi.nlm.nih.gov/26022777/,,187,CC(=O)OCC[N+](C)(C)C,6,acetylcholine has experimental receptor evidence involving 5-HT6 receptor and is being evaluated as a possible GPR62 candidate.,Review pharmacology and consider experimental testing,https://pubmed.ncbi.nlm.nih.gov/26022777/
207,GABA,5-HT6 exploratory candidate,5-HT6 receptor,No,No,No,No,Yes,0.06152084469795227,Low,Unvalidated,E,,0.10248854905366897,0,0.25,PubMed + PMC,2017,28196966,PMC5322869,Medical science monitor : international medical journal of experimental and clinical research,Yu H; Chen T; Zhou L; Tang J,10.12659/msm.899067,Effect of Selective 5-HT6R Agonist on Expression of 5-HT Receptor and Neurotransmitter in Vascular Dementia Rats.,https://pubmed.ncbi.nlm.nih.gov/28196966/,https://pmc.ncbi.nlm.nih.gov/articles/PMC5322869/,119,C(CC(=O)O)CN,1,GABA currently has an ML prediction but requires stronger receptor-specific literature validation.,Literature validation needed before experimental priority,https://pubmed.ncbi.nlm.nih.gov/28196966/
208,N-phenylsulfonylindole,5-HT6 exploratory candidate,5-HT6 receptor,No,No,No,No,Yes,0.0418897420167923,Low,Direct receptor evidence,C,Rationally designed N-phenylsulfonylindoles as a tool for the analysis of the non-basic 5-HT6R ligands binding mode.,0.10172833231091499,6,0.25,PubMed,2021,33328102,,European journal of medicinal chemistry,Staroń J; Bugno R; Pietruś W; Satała G; Mordalski S; Warszycki D; Hogendorf A; Hogendorf AS; Kalinowska-Tłuścik J; Lenda T; Pilarski B; Bojarski AJ,10.1016/j.ejmech.2020.112916,Rationally designed N-phenylsulfonylindoles as a tool for the analysis of the non-basic 5-HT6R ligands binding mode.,https://pubmed.ncbi.nlm.nih.gov/33328102/,,315017,C1=CC=C(C=C1)S(=O)(=O)N2C=CC3=CC=CC=C32,1,N-phenylsulfonylindole has experimental receptor evidence involving 5-HT6 receptor and is being evaluated as a possible GPR62 candidate.,Review pharmacology and consider experimental testing,https://pubmed.ncbi.nlm.nih.gov/33328102/
209,Oxazolidinones,5-HT6 exploratory candidate,5-HT6 receptor,No,No,No,No,Yes,0.05021544173359871,Low,Unvalidated,E,,0.10114003712683917,3,0.25,PubMed,2014,24704027,,Bioorganic & medicinal chemistry letters,Hostetler G; Dunn D; McKenna BA; Kopec K; Chatterjee S,10.1016/j.bmcl.2014.03.049,Lactam and oxazolidinone derived potent 5-hydroxytryptamine 6 receptor antagonists.,https://pubmed.ncbi.nlm.nih.gov/24704027/,,73949,C1COC(=O)N1,1,Oxazolidinones currently has an ML prediction but requires stronger receptor-specific literature validation.,Literature validation needed before experimental priority,https://pubmed.ncbi.nlm.nih.gov/24704027/
210,pyrazole,5-HT6 exploratory candidate,5-HT6 receptor,No,No,No,No,Yes,0.04027549549937248,Low,Direct receptor evidence,C,Neuropathic pain-alleviating effects of pyrazole-conjugated arylsulfonamides as 5-HT6 receptor antagonists.,0.1006790720745921,6,0.25,PubMed,2017,28729057,,Bioorganic & medicinal chemistry letters,Hong JR; Choo H; Nam G,10.1016/j.bmcl.2017.07.031,Neuropathic pain-alleviating effects of pyrazole-conjugated arylsulfonamides as 5-HT6 receptor antagonists.,https://pubmed.ncbi.nlm.nih.gov/28729057/,,1048,C1=CNN=C1,1,pyrazole has experimental receptor evidence involving 5-HT6 receptor and is being evaluated as a possible GPR62 candidate.,Review pharmacology and consider experimental testing,https://pubmed.ncbi.nlm.nih.gov/28729057/
211,Ethanol,5-HT6 exploratory candidate,5-HT6 receptor,No,No,No,No,Yes,0.03753688558936119,Low,Direct receptor evidence,C,Chronic treatment with a selective 5-HT6 receptor antagonist alters the behavioral and neurochemical effects of ethanol in young adult rats.,0.09889897563308477,6,0.25,PubMed,2016,25932717,,Behavioural pharmacology,Jayarajan P; Nirogi R; Shinde A; Benade V; Muddana NR,10.1097/FBP.0000000000000141,Chronic treatment with a selective 5-HT6 receptor antagonist alters the behavioral and neurochemical effects of ethanol in young adult rats.,https://pubmed.ncbi.nlm.nih.gov/25932717/,,702,CCO,1,Ethanol has experimental receptor evidence involving 5-HT6 receptor and is being evaluated as a possible GPR62 candidate.,Review pharmacology and consider experimental testing,https://pubmed.ncbi.nlm.nih.gov/25932717/
212,emtricitabine,5-HT6 exploratory candidate,5-HT6 receptor,No,No,No,No,Yes,0.05273628607392311,Low,Unvalidated,E,,0.09877858594805003,1,0.25,PubMed + PMC,2016,27157251,PMC4914440,Pharmacological research,Dalwadi DA; Kim S; Amdani SM; Chen Z; Huang RQ; Schetz JA,10.1016/j.phrs.2016.04.028,Molecular mechanisms of serotonergic action of the HIV-1 antiretroviral efavirenz.,https://pubmed.ncbi.nlm.nih.gov/27157251/,https://pmc.ncbi.nlm.nih.gov/articles/PMC4914440/,60877,C1C(OC(S1)CO)N2C=C(C(=NC2=O)N)F,1,emtricitabine currently has an ML prediction but requires stronger receptor-specific literature validation.,Literature validation needed before experimental priority,https://pubmed.ncbi.nlm.nih.gov/27157251/
213,lorcaserin,5-HT6 exploratory candidate,5-HT6 receptor,No,No,No,No,Yes,0.0370190255343914,Low,Unvalidated,E,,0.09856236659735441,6,0.25,PubMed + PMC,2016,26507195,PMC4710672,Psychopharmacology,Higgs S; Cooper AJ; Barnes NM,10.1007/s00213-015-4112-x,"The 5-HT₂C receptor agonist, lorcaserin, and the 5-HT₆ receptor antagonist, SB-742457, promote satiety; a microstructural analysis of feeding behaviour.",https://pubmed.ncbi.nlm.nih.gov/26507195/,https://pmc.ncbi.nlm.nih.gov/articles/PMC4710672/,11658860,CC1CNCCC2=C1C=C(C=C2)Cl,1,lorcaserin currently has an ML prediction but requires stronger receptor-specific literature validation.,Literature validation needed before experimental priority,https://pubmed.ncbi.nlm.nih.gov/26507195/
214,4-Aminopyridine,5-HT6 exploratory candidate,5-HT6 receptor,No,No,No,No,Yes,0.04263344034552574,Low,Unvalidated,E,,0.09821173622459173,4,0.25,PubMed,2016,27068148,,European journal of pharmacology,Wang HY; Lu CW; Lin TY; Kuo JR; Wang SJ,10.1016/j.ejphar.2016.04.010,WAY208466 inhibits glutamate release at hippocampal nerve terminals.,https://pubmed.ncbi.nlm.nih.gov/27068148/,,1727,C1=CN=CC=C1N,1,4-Aminopyridine currently has an ML prediction but requires stronger receptor-specific literature validation.,Literature validation needed before experimental priority,https://pubmed.ncbi.nlm.nih.gov/27068148/
215,Pyrrolidines,5-HT6 exploratory candidate,5-HT6 receptor,No,No,No,No,Yes,0.04426712915301323,Low,Unvalidated,E,,0.09727363394945861,3,0.25,PubMed,2018,29853337,,Bioorganic & medicinal chemistry,Grychowska K; Kurczab R; Śliwa P; Satała G; Dubiel K; Matłoka M; Moszczyński-Pętkowski R; Pieczykolan J; Bojarski AJ; Zajdel P,10.1016/j.bmc.2018.05.033,"Pyrroloquinoline scaffold-based 5-HT6R ligands: Synthesis, quantum chemical and molecular dynamic studies, and influence of nitrogen atom position in the scaffold on affinity.",https://pubmed.ncbi.nlm.nih.gov/29853337/,,10176084,C1CC=CNC1,1,Pyrrolidines currently has an ML prediction but requires stronger receptor-specific literature validation.,Literature validation needed before experimental priority,https://pubmed.ncbi.nlm.nih.gov/29853337/
216,Quinolones,5-HT6 exploratory candidate,5-HT6 receptor,No,No,No,No,Yes,0.04229481890797615,Low,Unvalidated,E,,0.09599163229018451,3,0.25,PubMed,2015,25331460,,European journal of nuclear medicine and molecular imaging,Becker G; Colomb J; Sgambato-Faure V; Tremblay L; Billard T; Zimmer L,10.1007/s00259-014-2936-y,Preclinical evaluation of [18F]2FNQ1P as the first fluorinated serotonin 5-HT6 radioligand for PET imaging.,https://pubmed.ncbi.nlm.nih.gov/25331460/,,6038,C1=CC=C2C(=C1)C=CC(=O)N2,1,Quinolones currently has an ML prediction but requires stronger receptor-specific literature validation.,Literature validation needed before experimental priority,https://pubmed.ncbi.nlm.nih.gov/25331460/
217,1-(phenylsulfonyl)-1H-indole,5-HT6 exploratory candidate,5-HT6 receptor,No,No,No,No,Yes,0.0418897420167923,Low,Direct receptor evidence,C,Discovery of 1-(phenylsulfonyl)-1H-indole-based multifunctional ligands targeting cholinesterases and 5-HT6 receptor with anti-aggregation properties against amyloid-beta and tau.,0.095728332310915,3,0.25,PubMed,2021,34461507,,European journal of medicinal chemistry,Wichur T; Pasieka A; Godyń J; Panek D; Góral I; Latacz G; Honkisz-Orzechowska E; Bucki A; Siwek A; Głuch-Lutwin M; Knez D; Brazzolotto X; Gobec S; Kołaczkowski M; Sabate R; Malawska B; Więckowska A,10.1016/j.ejmech.2021.113783,Discovery of 1-(phenylsulfonyl)-1H-indole-based multifunctional ligands targeting cholinesterases and 5-HT6 receptor with anti-aggregation properties against amyloid-beta and tau.,https://pubmed.ncbi.nlm.nih.gov/34461507/,,315017,C1=CC=C(C=C1)S(=O)(=O)N2C=CC3=CC=CC=C32,1,1-(phenylsulfonyl)-1H-indole has experimental receptor evidence involving 5-HT6 receptor and is being evaluated as a possible GPR62 candidate.,Review pharmacology and consider experimental testing,https://pubmed.ncbi.nlm.nih.gov/34461507/
218,2-aminoimidazole,5-HT6 exploratory candidate,5-HT6 receptor,No,No,No,No,Yes,0.031709786504507065,Low,Direct receptor evidence,C,2-Aminoimidazole-based antagonists of the 5-HT6 receptor - A new concept in aminergic GPCR ligand design.,0.09511136122792958,6,0.25,PubMed,2019,31229883,,European journal of medicinal chemistry,Hogendorf AS; Hogendorf A; Kurczab R; Kalinowska-Tłuścik J; Popik P; Nikiforuk A; Krawczyk M; Satała G; Lenda T; Knutelska J; Bugno R; Staroń J; Pietruś W; Matłoka M; Dubiel K; Moszczyński-Pętkowski R; Pieczykolan J; Wieczorek M; Pilarski B; Zajdel P; Bojarski AJ,10.1016/j.ejmech.2019.06.001,2-Aminoimidazole-based antagonists of the 5-HT6 receptor - A new concept in aminergic GPCR ligand design.,https://pubmed.ncbi.nlm.nih.gov/31229883/,,82140,C1=CN=C(N1)N,1,2-aminoimidazole has experimental receptor evidence involving 5-HT6 receptor and is being evaluated as a possible GPR62 candidate.,Review pharmacology and consider experimental testing,https://pubmed.ncbi.nlm.nih.gov/31229883/
219,2-propoxybenzamide,5-HT6 exploratory candidate,5-HT6 receptor,No,No,No,No,Yes,0.03924715146422386,Low,Unvalidated,E,,0.09401064845174552,3,0.25,PubMed,2015,25557493,,European journal of medicinal chemistry,Kołaczkowski M; Marcinkowska M; Bucki A; Śniecikowska J; Pawłowski M; Kazek G; Siwek A; Jastrzębska-Więsek M; Partyka A; Wasik A; Wesołowska A; Mierzejewski P; Bienkowski P,10.1016/j.ejmech.2014.12.045,Novel 5-HT6 receptor antagonists/D2 receptor partial agonists targeting behavioral and psychological symptoms of dementia.,https://pubmed.ncbi.nlm.nih.gov/25557493/,,43051,CCCOC1=CC=CC=C1C(=O)N,1,2-propoxybenzamide currently has an ML prediction but requires stronger receptor-specific literature validation.,Literature validation needed before experimental priority,https://pubmed.ncbi.nlm.nih.gov/25557493/
220,Corticosterone,5-HT6 exploratory candidate,5-HT6 receptor,No,No,No,No,Yes,0.0452628992497921,Low,Unvalidated,E,,0.09192088451236487,0,0.25,PubMed,2016,27331439,,Journal of medicinal food,Na JR; Oh DR; Han S; Kim YJ; Choi E; Bae D; Oh DH; Lee YH; Kim S; Jun W,10.1089/jmf.2016.3660,Antistress Effects of Rosa rugosa Thunb. on Total Sleep Deprivation-Induced Anxiety-Like Behavior and Cognitive Dysfunction in Rat: Possible Mechanism of Action of 5-HT6 Receptor Antagonist.,https://pubmed.ncbi.nlm.nih.gov/27331439/,,5753,CC12CCC(=O)C=C1CCC3C2C(CC4(C3CCC4C(=O)CO)C)O,1,Corticosterone currently has an ML prediction but requires stronger receptor-specific literature validation.,Literature validation needed before experimental priority,https://pubmed.ncbi.nlm.nih.gov/27331439/
221,Pyrroles,5-HT6 exploratory candidate,5-HT6 receptor,No,No,No,No,Yes,0.03251950815320015,Low,Unvalidated,E,,0.08963768029958011,3,0.25,PubMed,2018,29853337,,Bioorganic & medicinal chemistry,Grychowska K; Kurczab R; Śliwa P; Satała G; Dubiel K; Matłoka M; Moszczyński-Pętkowski R; Pieczykolan J; Bojarski AJ; Zajdel P,10.1016/j.bmc.2018.05.033,"Pyrroloquinoline scaffold-based 5-HT6R ligands: Synthesis, quantum chemical and molecular dynamic studies, and influence of nitrogen atom position in the scaffold on affinity.",https://pubmed.ncbi.nlm.nih.gov/29853337/,,8027,C1=CNC=C1,1,Pyrroles currently has an ML prediction but requires stronger receptor-specific literature validation.,Literature validation needed before experimental priority,https://pubmed.ncbi.nlm.nih.gov/29853337/
222,"1H-pyrrolo[2,3-f]quinoline",5-HT6 exploratory candidate,5-HT6 receptor,No,No,No,No,Yes,0.022131912410259247,Low,Unvalidated,E,,0.08888574306666851,6,0.25,PubMed,2018,29853337,,Bioorganic & medicinal chemistry,Grychowska K; Kurczab R; Śliwa P; Satała G; Dubiel K; Matłoka M; Moszczyński-Pętkowski R; Pieczykolan J; Bojarski AJ; Zajdel P,10.1016/j.bmc.2018.05.033,"Pyrroloquinoline scaffold-based 5-HT6R ligands: Synthesis, quantum chemical and molecular dynamic studies, and influence of nitrogen atom position in the scaffold on affinity.",https://pubmed.ncbi.nlm.nih.gov/29853337/,,135645806,C1=CNC2=CC=C3C=CN=C3C2=C1,1,"1H-pyrrolo[2,3-f]quinoline currently has an ML prediction but requires stronger receptor-specific literature validation.",Literature validation needed before experimental priority,https://pubmed.ncbi.nlm.nih.gov/29853337/
223,quinoline,5-HT6 exploratory candidate,5-HT6 receptor,No,No,No,No,Yes,0.009761938825249672,Low,Direct receptor evidence,C,"Pyrroloquinoline scaffold-based 5-HT6R ligands: Synthesis, quantum chemical and molecular dynamic studies, and influence of nitrogen atom position in the scaffold on affinity.",0.08684526023641229,9,0.25,PubMed,2018,29853337,,Bioorganic & medicinal chemistry,Grychowska K; Kurczab R; Śliwa P; Satała G; Dubiel K; Matłoka M; Moszczyński-Pętkowski R; Pieczykolan J; Bojarski AJ; Zajdel P,10.1016/j.bmc.2018.05.033,"Pyrroloquinoline scaffold-based 5-HT6R ligands: Synthesis, quantum chemical and molecular dynamic studies, and influence of nitrogen atom position in the scaffold on affinity.",https://pubmed.ncbi.nlm.nih.gov/29853337/,,7047,C1=CC=C2C(=C1)C=CC=N2,1,quinoline has experimental receptor evidence involving 5-HT6 receptor and is being evaluated as a possible GPR62 candidate.,Review pharmacology and consider experimental testing,https://pubmed.ncbi.nlm.nih.gov/29853337/
224,Sulfides,5-HT6 exploratory candidate,5-HT6 receptor,No,No,No,No,Yes,0.027985097840428352,Low,Unvalidated,E,,0.08669031359627843,3,0.25,PubMed + PMC,2025,40020084,PMC11926880,ACS chemical neuroscience,Jastrzębska-Więsek M; Garbo S; Cios A; Wilczyńska-Zawal N; Partyka A; Honkisz-Orzechowska E; Żesławska E; Handzlik J; Mordyl B; Głuch-Lutwin M; Raucci A; Hittinger M; Starek M; Dąbrowska M; Nitek W; Karcz T; Skórkowska A; Gdula-Argasińska J; Czarnota-Łydka K; Pyka P; Szymańska E; Kucwaj-Brysz K; Zwergel C; Wesołowska A; Battistelli C; Handzlik J,10.1021/acschemneuro.4c00873,Procognitive Potential of Neuroprotective Triazine 5-HT6 Receptor Antagonists Tested on Chronic Activity In Vivo in Rats: Computer-Aided Insight into the Role of Chalcogen-Differences on the Pharmacological Profile.,https://pubmed.ncbi.nlm.nih.gov/40020084/,https://pmc.ncbi.nlm.nih.gov/articles/PMC11926880/,402,S,1,Sulfides currently has an ML prediction but requires stronger receptor-specific literature validation.,Literature validation needed before experimental priority,https://pubmed.ncbi.nlm.nih.gov/40020084/
225,Indazoles,5-HT6 exploratory candidate,5-HT6 receptor,No,No,No,No,Yes,0.024643946439027786,Low,Unvalidated,E,,0.08451856518536807,3,0.25,PubMed + PMC,2025,40069248,PMC11897353,Scientific reports,Alcaíno JM; Vera G; Almarza G; Lagos CF; Terraza CA; Del Campo A; Recabarren-Gajardo G,10.1038/s41598-025-92755-6,Novel 5-HT6R modulators as mTOR-dependent neuronal autophagy inductors.,https://pubmed.ncbi.nlm.nih.gov/40069248/,https://pmc.ncbi.nlm.nih.gov/articles/PMC11897353/,9221,C1=CC=C2C(=C1)C=NN2,1,Indazoles currently has an ML prediction but requires stronger receptor-specific literature validation.,Literature validation needed before experimental priority,https://pubmed.ncbi.nlm.nih.gov/40069248/
226,Pilocarpine,5-HT6 exploratory candidate,5-HT6 receptor,No,No,No,No,Yes,0.003173094242811203,Low,Indirect/context evidence,D,The Antagonism of 5-HT6 Receptor Attenuates Current-Induced Spikes and Improves Long-Term Potentiation via the Regulation of M-Currents in a Pilocarpine-Induced Epilepsy Model.,0.08256251125782728,9,0.25,PubMed + PMC,2020,32425770,PMC7212420,Frontiers in pharmacology,Zhu C; Lin R; Liu C; Huang M; Lin F; Zhang G; Zhang Y; Miao J; Lin W; Huang H,10.3389/fphar.2020.00475,The Antagonism of 5-HT6 Receptor Attenuates Current-Induced Spikes and Improves Long-Term Potentiation via the Regulation of M-Currents in a Pilocarpine-Induced Epilepsy Model.,https://pubmed.ncbi.nlm.nih.gov/32425770/,https://pmc.ncbi.nlm.nih.gov/articles/PMC7212420/,5910,CCC1C(COC1=O)CC2=CN=CN2C,4,"Pilocarpine appears in literature related to 5-HT6 receptor, but direct receptor interaction has not been established.",Review full article for direct receptor evidence,https://pubmed.ncbi.nlm.nih.gov/32425770/
226,Pilocarpine,5-HT6 exploratory candidate,5-HT6 receptor,No,No,No,No,Yes,0.003173094242811203,Low,Indirect/context evidence,D,The Antagonism of 5-HT6 Receptor Attenuates Current-Induced Spikes and Improves Long-Term Potentiation via the Regulation of M-Currents in a Pilocarpine-Induced Epilepsy Model.,0.08256251125782728,9,0.25,PubMed,2019,30694481,,Journal of molecular neuroscience : MN,Liu C; Wen Y; Huang H; Lin W; Huang M; Lin R; Ma Y,10.1007/s12031-018-1238-4,Over-expression of 5-HT6 Receptor and Activated Jab-1/p-c-Jun Play Important Roles in Pilocarpine-Induced Seizures and Learning-Memory Impairment.,https://pubmed.ncbi.nlm.nih.gov/30694481/,,5910,CCC1C(COC1=O)CC2=CN=CN2C,4,"Pilocarpine appears in literature related to 5-HT6 receptor, but direct receptor interaction has not been established.",Review full article for direct receptor evidence,https://pubmed.ncbi.nlm.nih.gov/30694481/
226,Pilocarpine,5-HT6 exploratory candidate,5-HT6 receptor,No,No,No,No,Yes,0.003173094242811203,Low,Indirect/context evidence,D,The Antagonism of 5-HT6 Receptor Attenuates Current-Induced Spikes and Improves Long-Term Potentiation via the Regulation of M-Currents in a Pilocarpine-Induced Epilepsy Model.,0.08256251125782728,9,0.25,PubMed,2017,28535499,,"Cellular physiology and biochemistry : international journal of experimental cellular physiology, biochemistry, and pharmacology",Lin W; Huang W; Chen S; Lin M; Huang Q; Huang H,10.1159/000477322,The Role of 5-HTR6 in Mossy Fiber Sprouting: Activating Fyn and p-ERK1/2 in Pilocarpine-Induced Chronic Epileptic Rats.,https://pubmed.ncbi.nlm.nih.gov/28535499/,,5910,CCC1C(COC1=O)CC2=CN=CN2C,4,"Pilocarpine appears in literature related to 5-HT6 receptor, but direct receptor interaction has not been established.",Review full article for direct receptor evidence,https://pubmed.ncbi.nlm.nih.gov/28535499/
226,Pilocarpine,5-HT6 exploratory candidate,5-HT6 receptor,No,No,No,No,Yes,0.003173094242811203,Low,Indirect/context evidence,D,The Antagonism of 5-HT6 Receptor Attenuates Current-Induced Spikes and Improves Long-Term Potentiation via the Regulation of M-Currents in a Pilocarpine-Induced Epilepsy Model.,0.08256251125782728,9,0.25,PubMed,2015,25034463,,Molecular neurobiology,Wang L; Lv Y; Deng W; Peng X; Xiao Z; Xi Z; Chen G; Wang X,10.1007/s12035-014-8806-6,5-HT6 Receptor Recruitment of mTOR Modulates Seizure Activity in Epilepsy.,https://pubmed.ncbi.nlm.nih.gov/25034463/,,5910,CCC1C(COC1=O)CC2=CN=CN2C,4,"Pilocarpine appears in literature related to 5-HT6 receptor, but direct receptor interaction has not been established.",Review full article for direct receptor evidence,https://pubmed.ncbi.nlm.nih.gov/25034463/
227,4-(piperazin-1-yl)-1H-indole,5-HT6 exploratory candidate,5-HT6 receptor,No,No,No,No,Yes,0.014681798405945301,Low,Unvalidated,E,,0.07804316896386446,3,0.25,PubMed,2015,25557493,,European journal of medicinal chemistry,Kołaczkowski M; Marcinkowska M; Bucki A; Śniecikowska J; Pawłowski M; Kazek G; Siwek A; Jastrzębska-Więsek M; Partyka A; Wasik A; Wesołowska A; Mierzejewski P; Bienkowski P,10.1016/j.ejmech.2014.12.045,Novel 5-HT6 receptor antagonists/D2 receptor partial agonists targeting behavioral and psychological symptoms of dementia.,https://pubmed.ncbi.nlm.nih.gov/25557493/,,594590,C1CN(CCN1)C2=CC=CC3=C2C=CN3,1,4-(piperazin-1-yl)-1H-indole currently has an ML prediction but requires stronger receptor-specific literature validation.,Literature validation needed before experimental priority,https://pubmed.ncbi.nlm.nih.gov/25557493/
228,"3H-imidazo[4,5-b]pyridine",5-HT6 exploratory candidate,5-HT6 receptor,No,No,No,No,Yes,0.00476484140381217,Low,Unvalidated,E,,0.0775971469124779,6,0.25,PubMed,2018,29291439,,European journal of medicinal chemistry,Vanda D; Soural M; Canale V; Chaumont-Dubel S; Satała G; Kos T; Funk P; Fülöpová V; Lemrová B; Koczurkiewicz P; Pękala E; Bojarski AJ; Popik P; Marin P; Zajdel P,10.1016/j.ejmech.2017.12.053,"Novel non-sulfonamide 5-HT6 receptor partial inverse agonist in a group of imidazo[4,5-b]pyridines with cognition enhancing properties.",https://pubmed.ncbi.nlm.nih.gov/29291439/,,67504,C1=CC2=C(N=C1)N=CN2,1,"3H-imidazo[4,5-b]pyridine currently has an ML prediction but requires stronger receptor-specific literature validation.",Literature validation needed before experimental priority,https://pubmed.ncbi.nlm.nih.gov/29291439/
229,quinolin,5-HT6 exploratory candidate,5-HT6 receptor,No,No,No,No,Yes,0.009761938825249672,Low,Unvalidated,E,,0.07484526023641229,3,0.25,PubMed,2017,28729057,,Bioorganic & medicinal chemistry letters,Hong JR; Choo H; Nam G,10.1016/j.bmcl.2017.07.031,Neuropathic pain-alleviating effects of pyrazole-conjugated arylsulfonamides as 5-HT6 receptor antagonists.,https://pubmed.ncbi.nlm.nih.gov/28729057/,,7047,C1=CC=C2C(=C1)C=CC=N2,1,quinolin currently has an ML prediction but requires stronger receptor-specific literature validation.,Literature validation needed before experimental priority,https://pubmed.ncbi.nlm.nih.gov/28729057/
230,indoline,5-HT6 exploratory candidate,5-HT6 receptor,No,No,No,No,Yes,0.014022205024957657,Low,Indirect/context evidence,D,"Spiro[pyrrolidine-3,3'-oxindoles] and Their Indoline Analogues as New 5-HT6 Receptor Chemotypes.",0.07361443326622248,1,0.25,PubMed + PMC,2017,29240714,PMC6149751,"Molecules (Basel, Switzerland)",Kelemen ÁA; Satala G; Bojarski AJ; Keserű GM,10.3390/molecules22122221,"Spiro[pyrrolidine-3,3'-oxindoles] and Their Indoline Analogues as New 5-HT6 Receptor Chemotypes.",https://pubmed.ncbi.nlm.nih.gov/29240714/,https://pmc.ncbi.nlm.nih.gov/articles/PMC6149751/,10328,C1CNC2=CC=CC=C21,1,"indoline appears in literature related to 5-HT6 receptor, but direct receptor interaction has not been established.",Review full article for direct receptor evidence,https://pubmed.ncbi.nlm.nih.gov/29240714/
231,benzimidazole,5-HT6 exploratory candidate,5-HT6 receptor,No,No,No,No,Yes,0.013041622936725616,Low,Unvalidated,E,,0.07297705490887166,1,0.25,PubMed + PMC,2017,28117458,PMC5259792,Scientific reports,González-Vera JA; Medina RA; Martín-Fontecha M; Gonzalez A; de la Fuente T; Vázquez-Villa H; García-Cárceles J; Botta J; McCormick PJ; Benhamú B; Pardo L; López-Rodríguez ML,10.1038/srep41293,A new serotonin 5-HT6 receptor antagonist with procognitive activity - Importance of a halogen bond interaction to stabilize the binding.,https://pubmed.ncbi.nlm.nih.gov/28117458/,https://pmc.ncbi.nlm.nih.gov/articles/PMC5259792/,5798,C1=CC=C2C(=C1)NC=N2,1,benzimidazole currently has an ML prediction but requires stronger receptor-specific literature validation.,Literature validation needed before experimental priority,https://pubmed.ncbi.nlm.nih.gov/28117458/
232,imidazopyridine,5-HT6 exploratory candidate,5-HT6 receptor,No,No,No,No,Yes,0.00476484140381217,Low,Direct receptor evidence,C,Imidazopyridine-Based 5-HT6 Receptor Neutral Antagonists: Impact of N1-Benzyl and N1-Phenylsulfonyl Fragments on Different Receptor Conformational States.,0.07159714691247791,3,0.25,PubMed,2021,33439019,,Journal of medicinal chemistry,Vanda D; Canale V; Chaumont-Dubel S; Kurczab R; Satała G; Koczurkiewicz-Adamczyk P; Krawczyk M; Pietruś W; Blicharz K; Pękala E; Bojarski AJ; Popik P; Marin P; Soural M; Zajdel P,10.1021/acs.jmedchem.0c02009,Imidazopyridine-Based 5-HT6 Receptor Neutral Antagonists: Impact of N1-Benzyl and N1-Phenylsulfonyl Fragments on Different Receptor Conformational States.,https://pubmed.ncbi.nlm.nih.gov/33439019/,,67504,C1=CC2=C(N=C1)N=CN2,1,imidazopyridine has experimental receptor evidence involving 5-HT6 receptor and is being evaluated as a possible GPR62 candidate.,Review pharmacology and consider experimental testing,https://pubmed.ncbi.nlm.nih.gov/33439019/
