Rank,Molecule,Candidate Type,Entity Class,Related Receptors,GPR62,GPR61,GPR135,MT2,5-HT6,GPCRLigNet Score,ML Prediction,Experimental Validation,Evidence Level,Evidence Sentence,Literature Score,Receptor Relevance,Priority Score,Source,Years,PMIDs,PMCIDs,Journals,DOIs,Article Titles,Article Links,PubChem CID,SMILES,Paper Count,Interpretation,Recommended Next Step
1,5-(Nonyloxy)Tryptamine,Close/related orphan GPCR candidate,Chemical / small molecule,GPR61,No,Yes,No,No,No,0.9802038669586182,High,Direct receptor evidence,B,Overexpression of Orphan Receptor GPR61 Increases cAMP Levels upon Forskolin Stimulation in HEK293 Cells: in vitro and in silico Validation of 5-(Nonyloxy)Tryptamine as a Low-Affinity Inverse Agonist.,3,0.85,0.8556325135231019,PubMed,2019,31352450,,Pharmacology,10.1159/000501926,Overexpression of Orphan Receptor GPR61 Increases cAMP Levels upon Forskolin Stimulation in HEK293 Cells: in vitro and in silico Validation of 5-(Nonyloxy)Tryptamine as a Low-Affinity Inverse Agonist.,https://pubmed.ncbi.nlm.nih.gov/31352450/,1797,CCCCCCCCCOC1=CC2=C(C=C1)NC=C2CCN,1,5-(Nonyloxy)Tryptamine has experimental receptor evidence involving GPR61 and is being evaluated as a possible GPR62 candidate.,Prioritize for GPR62 binding/signaling assay
2,luzindole,MT2-related exploratory candidate,Chemical / small molecule,MT2 receptor,No,No,No,Yes,No,0.9529802799224854,High,Unvalidated,E,,68,0.5,0.8444371819496155,PubMed + PMC,2022; 2023; 2025; 2026,34642909; 34910685; 35179400; 35247789; 35455066; 35588335; 35682961; 35795373; 35932205; 36018566; 36592515; 36799176; 36982863; 37394096; 37569306; 37717795; 37742475; 37834395; 39537039; 40801619; 40871079; 42118091; 42166832,PMC10051954; PMC10419066; PMC10573520; PMC11072751; PMC12345928; PMC12389105; PMC13165690; PMC9029934; PMC9181011; PMC9251177; PMC9942260,"Animal science journal = Nihon chikusan Gakkaiho; Biochemical and biophysical research communications; Cells; Cellular and molecular life sciences : CMLS; Cryobiology; Current eye research; FASEB journal : official publication of the Federation of American Societies for Experimental Biology; Free radical biology & medicine; Frontiers in cardiovascular medicine; International journal of molecular sciences; Journal of molecular endocrinology; Life (Basel, Switzerland); Life sciences; Molecular medicine reports; Pharmaceutics; Reproduction in domestic animals = Zuchthygiene; Reproductive sciences (Thousand Oaks, Calif.); The Journal of nutritional biochemistry; Theriogenology; Tissue & cell",10.1007/s00018-022-04330-1; 10.1007/s43032-021-00768-z; 10.1016/j.bbrc.2023.09.050; 10.1016/j.cryobiol.2026.105645; 10.1016/j.freeradbiomed.2023.09.012; 10.1016/j.jnutbio.2024.109800; 10.1016/j.lfs.2023.121906; 10.1016/j.theriogenology.2022.12.036; 10.1016/j.tice.2022.101763; 10.1080/02713683.2021.2022163; 10.1096/fj.202601214R; 10.1111/asj.13760; 10.1111/rda.14237; 10.1530/JME-21-0155; 10.3389/fcvm.2022.885293; 10.3390/cells14151187; 10.3390/ijms23116284; 10.3390/ijms24065789; 10.3390/ijms241511931; 10.3390/ijms241914947; 10.3390/life12040574; 10.3390/pharmaceutics17081057; 10.3892/mmr.2023.12958,"Protective effects of melatonin on mouse ovarian tissue against oxidative stress and ferroptosis may involve the MT1 receptor. | Orchestration of PKC-Mediated Inhibition and Calcium Release-Mediated Activation of BK Currents in Rat Vascular Smooth Muscle Cells by Melatonin Confers a BK-Channel-Dependent Restraint on Melatonin-Induced Vasocontraction. | Preclinical Assessment of a Metformin-Melatonin Combination: Antinociceptive Synergism. | Enhanced Modulation of CaMKII in Mouse Hippocampus by an Antidepressant-like Dose of Melatonin/Ketamine Combination. | Proposed receptor-mediated mechanisms of melatonin in nitroglycerin-induced migraine-like hyperalgesic conditions in rats. | Melanogenesis Is Directly Affected by Metabolites of Melatonin in Human Melanoma Cells. | Effects of melatonin on dopaminergic neuron development via IP3-mediated mitochondrial Ca2+ regulation in autism spectrum disorder. | Melatonin alleviates early brain injury by inhibiting the NRF2-mediated ferroptosis pathway after subarachnoid hemorrhage. | Blockade of Melatonin Receptors Abolishes Its Antiarrhythmic Effect and Slows Ventricular Conduction in Rat Hearts. | Agomelatine inhibits platelet aggregation through melatonin receptor-dependent and independent mechanisms. | Regulation of Aqueous Humor Secretion by Melatonin in Porcine Ciliary Epithelium. | Melatonin attenuates high glucose‑induced endothelial cell pyroptosis by activating the Nrf2 pathway to inhibit NLRP3 inflammasome activation. | Effects of melatonin on development and hormone secretion of sheep theca cells in vitro. | Melatonin protects sheep endometrial epithelial cells against lipopolysaccharide-induced inflammation in vitro. | Regulatory role of melatonin on epidermal growth factor receptor, Type I collagen α1 chain, and caveolin 1 in granulosa cells of sheep antral follicles. | Melatonin Inhibits NF-κB/CREB/Runx2 Signaling and Alleviates Aortic Valve Calcification. | Bos taurus and Cervus elaphus as Non-Seasonal/Seasonal Models for the Role of Melatonin Receptors in the Spermatozoon. | Therapeutic potential of a single-dose melatonin in the attenuation of cardiac ischemia/reperfusion injury in prediabetic obese rats. | Anti-Inflammatory Effects of Melatonin in Rats with Induced Type 2 Diabetes Mellitus. | The melatonin MT2 receptor is involved in the anti-apoptotic effects of melatonin in rats with type 2 diabetes mellitus. | Copolymer Micelle-administered Melatonin Ameliorates Hyperosmolarity-induced Ocular Surface Damage through Regulating PINK1-mediated Mitophagy. | Effects of melatonin on the production of GnRH and LH in luteal cells of pregnant sows. | Melatonin Attenuates Cyclophosphamide-Induced Primordial Follicle Loss by Interaction with MT1 Receptor and Modulation of PTEN/Akt/FOXO3a Proteins in the Mouse Ovary.",https://pubmed.ncbi.nlm.nih.gov/42166832/ | https://pubmed.ncbi.nlm.nih.gov/42118091/ | https://pubmed.ncbi.nlm.nih.gov/40871079/ | https://pubmed.ncbi.nlm.nih.gov/40801619/ | https://pubmed.ncbi.nlm.nih.gov/39537039/ | https://pubmed.ncbi.nlm.nih.gov/37834395/ | https://pubmed.ncbi.nlm.nih.gov/37742475/ | https://pubmed.ncbi.nlm.nih.gov/37717795/ | https://pubmed.ncbi.nlm.nih.gov/37569306/ | https://pubmed.ncbi.nlm.nih.gov/37394096/ | https://pubmed.ncbi.nlm.nih.gov/36982863/ | https://pubmed.ncbi.nlm.nih.gov/36799176/ | https://pubmed.ncbi.nlm.nih.gov/36592515/ | https://pubmed.ncbi.nlm.nih.gov/36018566/ | https://pubmed.ncbi.nlm.nih.gov/35932205/ | https://pubmed.ncbi.nlm.nih.gov/35795373/ | https://pubmed.ncbi.nlm.nih.gov/35682961/ | https://pubmed.ncbi.nlm.nih.gov/35588335/ | https://pubmed.ncbi.nlm.nih.gov/35455066/ | https://pubmed.ncbi.nlm.nih.gov/35247789/ | https://pubmed.ncbi.nlm.nih.gov/35179400/ | https://pubmed.ncbi.nlm.nih.gov/34910685/ | https://pubmed.ncbi.nlm.nih.gov/34642909/,122162,CC(=O)NCCC1=C(NC2=CC=CC=C21)CC3=CC=CC=C3,23,luzindole currently has an ML prediction but requires stronger receptor-specific literature validation.,Literature validation needed before experimental priority
3,Retinaldehyde,Close/related orphan GPCR candidate,Chemical / small molecule,GPR135,No,No,Yes,No,No,0.9044342041015625,High,Unvalidated,E,,3,0.75,0.7813822326660157,PubMed,2014,24503482,,Molecular phylogenetics and evolution,10.1016/j.ympev.2014.01.022,Sequence-structure based phylogeny of GPCR Class A Rhodopsin receptors.,https://pubmed.ncbi.nlm.nih.gov/24503482/,638015,CC1=C(C(CCC1)(C)C)C=CC(=CC=CC(=CC=O)C)C,1,Retinaldehyde currently has an ML prediction but requires stronger receptor-specific literature validation.,Literature validation needed before experimental priority
4,dorsomorphin,MT2-related exploratory candidate,Chemical / small molecule,MT2 receptor,No,No,No,Yes,No,0.9938246011734009,High,Unvalidated,E,,3,0.5,0.7769859907627106,PubMed + PMC,2025,40871079,PMC12389105,Pharmaceutics,10.3390/pharmaceutics17081057,Preclinical Assessment of a Metformin-Melatonin Combination: Antinociceptive Synergism.,https://pubmed.ncbi.nlm.nih.gov/40871079/,11524144,C1CCN(CC1)CCOC2=CC=C(C=C2)C3=CN4C(=C(C=N4)C5=CC=NC=C5)N=C3,1,dorsomorphin currently has an ML prediction but requires stronger receptor-specific literature validation.,Literature validation needed before experimental priority
5,SCHEMBL7562664,MT2-related exploratory candidate,Chemical / small molecule,MT2 receptor,No,No,No,Yes,No,0.9779346585273743,High,Unvalidated,E,,3,0.5,0.7666575280427933,PubMed,2025,40424842,,Journal of molecular graphics & modelling,10.1016/j.jmgm.2025.109086,In silico discovery of multi-target small molecules and efficient siRNA design to overcome drug resistance in breast cancer via local therapy.,https://pubmed.ncbi.nlm.nih.gov/40424842/,70130285,CC(CCC(=C(C)C)CCO)C1CCC2C1(CCC3C2CC=C4C3(CCCC4)C)C,1,SCHEMBL7562664 currently has an ML prediction but requires stronger receptor-specific literature validation.,Literature validation needed before experimental priority
6,haloperidol decanoate,MT2-related exploratory candidate,Chemical / small molecule,MT2 receptor,No,No,No,Yes,No,0.9746153354644775,High,Indirect/context evidence,D,"High-dose Agomelatine Combined with Haloperidol Decanoate Improves Cognition, Downregulates MT2, Upregulates D5, and Maintains Krüppel-like Factor 9 But Alters Cardiac Electrophysiology.",1,0.5,0.7604999680519104,PubMed,2024,38816228,,The Journal of pharmacology and experimental therapeutics,10.1124/jpet.123.002087,"High-dose Agomelatine Combined with Haloperidol Decanoate Improves Cognition, Downregulates MT2, Upregulates D5, and Maintains Krüppel-like Factor 9 But Alters Cardiac Electrophysiology.",https://pubmed.ncbi.nlm.nih.gov/38816228/,52919,CCCCCCCCCC(=O)OC1(CCN(CC1)CCCC(=O)C2=CC=C(C=C2)F)C3=CC=C(C=C3)Cl,1,"haloperidol decanoate appears in literature related to MT2 receptor, but direct receptor interaction has not been established.",Review full article for direct receptor evidence
7,Sirolimus,5-HT6 exploratory candidate,Chemical / small molecule,5-HT6 receptor,No,No,No,No,Yes,0.997548520565033,High,Unvalidated,E,,19,0.25,0.7489065383672715,PubMed + PMC,2020; 2021; 2023; 2025,32329240; 32512114; 34576341; 36830733; 40069248; 40757510,PMC11897353; PMC7207164; PMC8467191; PMC9953062,Biomolecules; EMBO molecular medicine; International journal of molecular sciences; Journal of neurochemistry; Progress in neurobiology; Scientific reports,10.1016/j.pneurobio.2020.101846; 10.1038/s41598-025-92755-6; 10.1111/jnc.70179; 10.15252/emmm.201910605; 10.3390/biom13020364; 10.3390/ijms221810178,5-HT6 Receptor Inverse Agonists Modulate Diabetic Neuropathic Pain in Female Rats: Evidence for 5-HT6 Receptor Constitutive Activity. | Novel 5-HT6R modulators as mTOR-dependent neuronal autophagy inductors. | The Constitutive Activity of Spinal 5-HT6 Receptors Contributes to Diabetic Neuropathic Pain in Rats. | Blockade of Serotonin 5-HT6 Receptor Constitutive Activity Alleviates Cognitive Deficits in a Preclinical Model of Neurofibromatosis Type 1. | mTOR activation by constitutively active serotonin6 receptors as new paradigm in neuropathic pain and its treatment. | Early 5-HT6 receptor blockade prevents symptom onset in a model of adolescent cannabis abuse.,https://pubmed.ncbi.nlm.nih.gov/40757510/ | https://pubmed.ncbi.nlm.nih.gov/40069248/ | https://pubmed.ncbi.nlm.nih.gov/36830733/ | https://pubmed.ncbi.nlm.nih.gov/34576341/ | https://pubmed.ncbi.nlm.nih.gov/32512114/ | https://pubmed.ncbi.nlm.nih.gov/32329240/,5284616,CC1CCC2CC(C(=CC=CC=CC(CC(C(=O)C(C(C(=CC(C(=O)CC(OC(=O)C3CCCCN3C(=O)C(=O)C1(O2)O)C(C)CC4CCC(C(C4)OC)O)C)C)O)OC)C)C)C)OC,6,Sirolimus currently has an ML prediction but requires stronger receptor-specific literature validation.,Literature validation needed before experimental priority
8,Prazosin,MT2-related exploratory candidate,Chemical / small molecule,5-HT6 receptor; MT2 receptor,No,No,No,Yes,Yes,0.9143102169036865,High,Indirect/context evidence,D,Low-dose prazosin in combination with 5-HT6 antagonist PRX-07034 has antipsychotic effects.,12,0.5,0.7433016409873963,PubMed + PMC,2015; 2023; 2025,25429515; 36982863; 39537039,PMC10051954,Canadian journal of physiology and pharmacology; International journal of molecular sciences; The Journal of nutritional biochemistry,10.1016/j.jnutbio.2024.109800; 10.1139/cjpp-2014-0254; 10.3390/ijms24065789,Proposed receptor-mediated mechanisms of melatonin in nitroglycerin-induced migraine-like hyperalgesic conditions in rats. | Regulation of Aqueous Humor Secretion by Melatonin in Porcine Ciliary Epithelium. | Low-dose prazosin in combination with 5-HT6 antagonist PRX-07034 has antipsychotic effects.,https://pubmed.ncbi.nlm.nih.gov/39537039/ | https://pubmed.ncbi.nlm.nih.gov/36982863/ | https://pubmed.ncbi.nlm.nih.gov/25429515/,4893,COC1=C(C=C2C(=C1)C(=NC(=N2)N3CCN(CC3)C(=O)C4=CC=CO4)N)OC,3,"Prazosin appears in literature related to 5-HT6 receptor, MT2 receptor, but direct receptor interaction has not been established.",Review full article for direct receptor evidence
9,Naloxone,MT2-related exploratory candidate,Chemical / small molecule,MT2 receptor,No,No,No,Yes,No,0.9209599494934082,High,Unvalidated,E,,3,0.5,0.7296239671707153,PubMed + PMC,2025,40871079,PMC12389105,Pharmaceutics,10.3390/pharmaceutics17081057,Preclinical Assessment of a Metformin-Melatonin Combination: Antinociceptive Synergism.,https://pubmed.ncbi.nlm.nih.gov/40871079/,5284596,C=CCN1CCC23C4C(=O)CCC2(C1CC5=C3C(=C(C=C5)O)O4)O,1,Naloxone currently has an ML prediction but requires stronger receptor-specific literature validation.,Literature validation needed before experimental priority
10,SB-399885,5-HT6 exploratory candidate,Chemical / small molecule,5-HT6 receptor,No,No,No,No,Yes,0.8629044890403748,High,Direct receptor evidence,C,"Characterization of Behavioral, Signaling and Cytokine Alterations in a Rat Neurodevelopmental Model for Schizophrenia, and Their Reversal by the 5-HT6 Receptor Antagonist SB-399885.",49,0.25,0.7213879178762436,PubMed + PMC,2014; 2015; 2017; 2018; 2019; 2021; 2023; 2025,23954911; 25034463; 25837696; 25863120; 25932719; 28271324; 29423817; 29491159; 29502275; 30452930; 31586629; 34467765; 37776946; 37783559; 40885239,PMC3889519; PMC5923087; PMC6096968; PMC8474115,ACS chemical neuroscience; Behavioural brain research; Behavioural pharmacology; European journal of pharmacology; International review of neurobiology; Journal of medicinal chemistry; Journal of virology; Molecular neurobiology; Neurochemical research; Neuropharmacology; Neuroscience; Psychopharmacology,10.1007/s00213-013-3234-2; 10.1007/s00213-018-4866-z; 10.1007/s11064-017-2217-9; 10.1007/s12035-014-8806-6; 10.1007/s12035-018-0940-0; 10.1016/bs.irn.2023.05.018; 10.1016/j.bbr.2018.11.021; 10.1016/j.ejphar.2019.172718; 10.1016/j.ejphar.2025.178099; 10.1016/j.neuropharm.2015.03.032; 10.1016/j.neuroscience.2023.09.013; 10.1021/acs.jmedchem.1c00224; 10.1021/acschemneuro.5b00061; 10.1097/FBP.0000000000000140; 10.1128/JVI.01982-17,"Serotonin type 6 receptor inverse agonists and neutral antagonists inhibit defecation: relevance to intestinal motility disorders. | Stress induced exacerbation of Alzheimer's disease brain pathology is thwarted by co-administration of nanowired cerebrolysin and monoclonal amyloid beta peptide antibodies with serotonin 5-HT6 receptor antagonist SB-399885. | 5-HT6 Receptors Control GABAergic Transmission and CA1 Pyramidal Cell Output of Dorsal Hippocampus. | Structure-Based Design and Optimization of FPPQ, a Dual-Acting 5-HT3 and 5-HT6 Receptor Antagonist with Antipsychotic and Procognitive Properties. | 5-HT6 receptor antagonism reduces defecation in rat: A potential treatment strategy for irritable bowel syndrome with diarrhea. | Intrahippocampal administration of 5-HT6 receptor drugs on memory consolidation and amnesia protocols. | 5-HT6 receptor agonist and antagonist modulates ICV-STZ-induced memory impairment in rats. | Identification of Piperazinylbenzenesulfonamides as New Inhibitors of Claudin-1 Trafficking and Hepatitis C Virus Entry. | Characterization of Behavioral, Signaling and Cytokine Alterations in a Rat Neurodevelopmental Model for Schizophrenia, and Their Reversal by the 5-HT6 Receptor Antagonist SB-399885. | 5-HT6 Receptor Agonist and Antagonist Against β-Amyloid-Peptide-Induced Neurotoxicity in PC-12 Cells. | Pharmacological profile of encounter-induced hyperactivity in isolation-reared mice. | Olanzapine augments the effect of selective serotonin reuptake inhibitors by suppressing GABAergic inhibition via antagonism of 5-HT₆ receptors in the dorsal raphe nucleus. | Pharmacological Evidence for 5-HT6 Receptor Modulation of 5-HT Neuron Firing in Vivo. | 5-HT6 Receptor Recruitment of mTOR Modulates Seizure Activity in Epilepsy. | Co-administration of 5-HT6 receptor antagonists with clozapine, risperidone, and a 5-HT2A receptor antagonist: effects on prepulse inhibition in rats.",https://pubmed.ncbi.nlm.nih.gov/40885239/ | https://pubmed.ncbi.nlm.nih.gov/37783559/ | https://pubmed.ncbi.nlm.nih.gov/37776946/ | https://pubmed.ncbi.nlm.nih.gov/34467765/ | https://pubmed.ncbi.nlm.nih.gov/31586629/ | https://pubmed.ncbi.nlm.nih.gov/30452930/ | https://pubmed.ncbi.nlm.nih.gov/29502275/ | https://pubmed.ncbi.nlm.nih.gov/29491159/ | https://pubmed.ncbi.nlm.nih.gov/29423817/ | https://pubmed.ncbi.nlm.nih.gov/28271324/ | https://pubmed.ncbi.nlm.nih.gov/25932719/ | https://pubmed.ncbi.nlm.nih.gov/25863120/ | https://pubmed.ncbi.nlm.nih.gov/25837696/ | https://pubmed.ncbi.nlm.nih.gov/25034463/ | https://pubmed.ncbi.nlm.nih.gov/23954911/,6918649,COC1=C(C=C(C=C1)S(=O)(=O)NC2=C(C(=CC(=C2)Cl)Cl)OC)N3CCNCC3,15,SB-399885 has experimental receptor evidence involving 5-HT6 receptor and is being evaluated as a possible GPR62 candidate.,Prioritize for GPR62 binding/signaling assay
11,GSK215083,5-HT6 exploratory candidate,Chemical / small molecule,5-HT6 receptor,No,No,No,No,Yes,0.968027651309967,High,Direct receptor evidence,C,Human Kinetic Modeling of the 5HT6 PET Radioligand 11C-GSK215083 and Its Utility for Determining Occupancy at Both 5HT6 and 5HT2A Receptors by SB742457 as a Potential Therapeutic Mechanism of Action in Alzheimer Disease.,12,0.25,0.7157179733514786,PubMed + PMC,2015; 2018; 2020,25331460; 26383152; 29626125; 31760336,PMC6126437,"European journal of nuclear medicine and molecular imaging; Journal of nuclear medicine : official publication, Society of Nuclear Medicine; Psychiatry research. Neuroimaging",10.1007/s00259-014-2936-y; 10.1016/j.pscychresns.2019.111007; 10.2967/jnumed.115.162743; 10.2967/jnumed.117.206516,In vivo 5-HT6 and 5-HT2A receptor availability in antipsychotic treated schizophrenia patients vs. unmedicated healthy humans measured with [11C]GSK215083 PET. | Age-Related Change in 5-HT6 Receptor Availability in Healthy Male Volunteers Measured with 11C-GSK215083 PET. | Human Kinetic Modeling of the 5HT6 PET Radioligand 11C-GSK215083 and Its Utility for Determining Occupancy at Both 5HT6 and 5HT2A Receptors by SB742457 as a Potential Therapeutic Mechanism of Action in Alzheimer Disease. | Preclinical evaluation of [18F]2FNQ1P as the first fluorinated serotonin 5-HT6 radioligand for PET imaging.,https://pubmed.ncbi.nlm.nih.gov/31760336/ | https://pubmed.ncbi.nlm.nih.gov/29626125/ | https://pubmed.ncbi.nlm.nih.gov/26383152/ | https://pubmed.ncbi.nlm.nih.gov/25331460/,10172764,CN1CCN(CC1)C2=CC=CC3=CC(=CN=C32)S(=O)(=O)C4=CC=CC(=C4)F,4,GSK215083 has experimental receptor evidence involving 5-HT6 receptor and is being evaluated as a possible GPR62 candidate.,Prioritize for GPR62 binding/signaling assay
12,PRX-07034,5-HT6 exploratory candidate,Chemical / small molecule,5-HT6 receptor,No,No,No,No,Yes,0.9859885573387146,High,Indirect/context evidence,D,Low-dose prazosin in combination with 5-HT6 antagonist PRX-07034 has antipsychotic effects.,6,0.25,0.7153925622701646,PubMed,2015,25429515,,Canadian journal of physiology and pharmacology,10.1139/cjpp-2014-0254,Low-dose prazosin in combination with 5-HT6 antagonist PRX-07034 has antipsychotic effects.,https://pubmed.ncbi.nlm.nih.gov/25429515/,23653584,CC(C1=C(C(=CC(=C1)Cl)OC)OC)NC2=C(C=CC(=C2)N3CCNCC3)S(=O)(=O)C.Cl,1,"PRX-07034 appears in literature related to 5-HT6 receptor, but direct receptor interaction has not been established.",Review full article for direct receptor evidence
13,SB699551,5-HT6 exploratory candidate,Chemical / small molecule,5-HT6 receptor,No,No,No,No,Yes,0.9950779676437378,High,Unvalidated,E,,3,0.25,0.7153006789684296,PubMed,2019,31233821,,Behavioural brain research,10.1016/j.bbr.2019.112055,"The blockade of the serotoninergic receptors 5-HT5A, 5-HT6 and 5-HT7 in the basolateral amygdala, but not in the hippocampus facilitate the extinction of fear memory.",https://pubmed.ncbi.nlm.nih.gov/31233821/,11983346,CN(C)CCN(CC1=CC=C(C=C1)C2=CC=C(C=C2)CNCCC3=CC=CC=C3)C(=O)CCC4CCCC4.Cl.Cl,1,SB699551 currently has an ML prediction but requires stronger receptor-specific literature validation.,Literature validation needed before experimental priority
14,Dexamethasone,MT2-related exploratory candidate,Chemical / small molecule,MT2 receptor,No,No,No,Yes,No,0.9021515846252441,High,Unvalidated,E,,0,0.5,0.7113985300064087,PubMed,2025,40480639,,Brain research,10.1016/j.brainres.2025.149760,Corticosteroid-induced gene expression is attenuated in the hippocampus of mice with model of post-traumatic stress disorder.,https://pubmed.ncbi.nlm.nih.gov/40480639/,5743,CC1CC2C3CCC4=CC(=O)C=CC4(C3(C(CC2(C1(C(=O)CO)O)C)O)F)C,1,Dexamethasone currently has an ML prediction but requires stronger receptor-specific literature validation.,Literature validation needed before experimental priority
15,PHTPP,MT2-related exploratory candidate,Chemical / small molecule,MT2 receptor,No,No,No,Yes,No,0.8973512053489685,High,Unvalidated,E,,1,0.5,0.7102782834768295,PubMed,2022,34971752,,Gene,10.1016/j.gene.2021.146128,β-Estradiol inhibits melatonin synthesis and melatonin receptor expression in sheep granulosa cells.,https://pubmed.ncbi.nlm.nih.gov/34971752/,11201035,C1=CC=C(C=C1)C2=NN3C(=CC(=NC3=C2C4=CC=C(C=C4)O)C(F)(F)F)C(F)(F)F,1,PHTPP currently has an ML prediction but requires stronger receptor-specific literature validation.,Literature validation needed before experimental priority
16,N-pentanoyl-2-benzyltryptamine,MT2-related exploratory candidate,Chemical / small molecule,MT2 receptor,No,No,No,Yes,No,0.8888981342315674,High,Unvalidated,E,,3,0.5,0.7087837872505188,PubMed,2025,39537039,,The Journal of nutritional biochemistry,10.1016/j.jnutbio.2024.109800,Proposed receptor-mediated mechanisms of melatonin in nitroglycerin-induced migraine-like hyperalgesic conditions in rats.,https://pubmed.ncbi.nlm.nih.gov/39537039/,3467177,CCCCC(=O)NCCC1=C(NC2=CC=CC=C21)CC3=CC=CC=C3,1,N-pentanoyl-2-benzyltryptamine currently has an ML prediction but requires stronger receptor-specific literature validation.,Literature validation needed before experimental priority
17,volinanserin,5-HT6 exploratory candidate,Chemical / small molecule,5-HT6 receptor,No,No,No,No,Yes,0.9735018610954285,High,Unvalidated,E,,6,0.25,0.7072762097120285,PubMed + PMC,2013; 2014,23954911; 25287308,PMC3889519,Acta neuropsychiatrica; Psychopharmacology,10.1007/s00213-013-3234-2; 10.1111/j.1601-5215.2012.00669.x,"Co-administration of 5-HT6 receptor antagonists with clozapine, risperidone, and a 5-HT2A receptor antagonist: effects on prepulse inhibition in rats. | 5-HT depletion, but not 5-HT1A antagonist, prevents the anxiolytic-like effect of citalopram in rat contextual conditioned fear stress model.",https://pubmed.ncbi.nlm.nih.gov/23954911/ | https://pubmed.ncbi.nlm.nih.gov/25287308/,5311271,COC1=CC=CC(=C1OC)C(C2CCN(CC2)CCC3=CC=C(C=C3)F)O,2,volinanserin currently has an ML prediction but requires stronger receptor-specific literature validation.,Literature validation needed before experimental priority
18,C-Peptide,MT2-related exploratory candidate,Chemical / small molecule,MT2 receptor,No,No,No,Yes,No,0.8889027237892151,High,Unvalidated,E,,2,0.5,0.7067867704629899,PubMed + PMC,2024,39180581,PMC12716172,Diabetologia,10.1007/s00125-024-06256-8,Genetics of glucose homeostasis in pregnancy and postpartum.,https://pubmed.ncbi.nlm.nih.gov/39180581/,16157840,CC(C)CC(C(=O)NC(C)C(=O)NC(CC(C)C)C(=O)NC(CCC(=O)O)C(=O)NCC(=O)NC(CO)C(=O)NC(CC(C)C)C(=O)NC(CCC(=O)N)C(=O)O)NC(=O)C1CCCN1C(=O)C(CCC(=O)N)NC(=O)C(CC(C)C)NC(=O)C(CO)NC(=O)CNC(=O)C(C)NC(=O)CNC(=O)C2CCCN2C(=O)CNC(=O)CNC(=O)CNC(=O)C(CC(C)C)NC(=O)C(CCC(=O)O)NC(=O)C(C(C)C)NC(=O)C(CCC(=O)N)NC(=O)CNC(=O)C(C(C)C)NC(=O)C(CCC(=O)N)NC(=O)C(CC(C)C)NC(=O)C(CC(=O)O)NC(=O)C(CCC(=O)O)NC(=O)C(C)NC(=O)C(CCC(=O)O)N,1,C-Peptide currently has an ML prediction but requires stronger receptor-specific literature validation.,Literature validation needed before experimental priority
19,Doxorubicin,5-HT6 exploratory candidate,Chemical / small molecule,5-HT6 receptor,No,No,No,No,Yes,0.9690977334976196,High,Unvalidated,E,,3,0.25,0.6984135267734528,PubMed,2021,33439019,,Journal of medicinal chemistry,10.1021/acs.jmedchem.0c02009,Imidazopyridine-Based 5-HT6 Receptor Neutral Antagonists: Impact of N1-Benzyl and N1-Phenylsulfonyl Fragments on Different Receptor Conformational States.,https://pubmed.ncbi.nlm.nih.gov/33439019/,31703,CC1C(C(CC(O1)OC2CC(CC3=C2C(=C4C(=C3O)C(=O)C5=C(C4=O)C(=CC=C5)OC)O)(C(=O)CO)O)N)O,1,Doxorubicin currently has an ML prediction but requires stronger receptor-specific literature validation.,Literature validation needed before experimental priority
20,N-arachidonylglycine,Close/related orphan GPCR candidate,Chemical / small molecule,GPR135,No,No,Yes,No,No,0.7752114534378052,Moderate,Unvalidated,E,,3,0.75,0.6973874447345734,PubMed,2014,24503482,,Molecular phylogenetics and evolution,10.1016/j.ympev.2014.01.022,Sequence-structure based phylogeny of GPCR Class A Rhodopsin receptors.,https://pubmed.ncbi.nlm.nih.gov/24503482/,5283389,CCCCCC=CCC=CCC=CCC=CCCCC(=O)NCC(=O)O,1,N-arachidonylglycine currently has an ML prediction but requires stronger receptor-specific literature validation.,Literature validation needed before experimental priority
21,FPPQ,5-HT6 exploratory candidate,Chemical / small molecule,5-HT6 receptor,No,No,No,No,Yes,0.9154468774795532,High,Direct receptor evidence,C,Dual 5-HT3 and 5-HT6 Receptor Antagonist FPPQ Normalizes Phencyclidine-Induced Disruption of Brain Oscillatory Activity in Rats.,17,0.25,0.6915404703617096,PubMed + PMC,2021; 2022,34467765; 35022720,PMC8474115; PMC9154270,Journal of medicinal chemistry; The international journal of neuropsychopharmacology,10.1021/acs.jmedchem.1c00224; 10.1093/ijnp/pyac003,"Dual 5-HT3 and 5-HT6 Receptor Antagonist FPPQ Normalizes Phencyclidine-Induced Disruption of Brain Oscillatory Activity in Rats. | Structure-Based Design and Optimization of FPPQ, a Dual-Acting 5-HT3 and 5-HT6 Receptor Antagonist with Antipsychotic and Procognitive Properties.",https://pubmed.ncbi.nlm.nih.gov/35022720/ | https://pubmed.ncbi.nlm.nih.gov/34467765/,90469115,C1CN(CCN1)C2=NC3=CC=CC=C3C4=C2C=CN4S(=O)(=O)C5=CC=CC(=C5)F,2,FPPQ has experimental receptor evidence involving 5-HT6 receptor and is being evaluated as a possible GPR62 candidate.,Prioritize for GPR62 binding/signaling assay
22,Reboxetine,5-HT6 exploratory candidate,Chemical / small molecule,5-HT6 receptor,No,No,No,No,Yes,0.9455323815345764,High,Unvalidated,E,,6,0.25,0.6890960479974747,PubMed,2019,30312638,,Behavioural brain research,10.1016/j.bbr.2018.10.004,Novel antagonists of 5-HT6 and/or 5-HT7 receptors affect the brain monoamines metabolism and enhance the anti-immobility activity of different antidepressants in rats.,https://pubmed.ncbi.nlm.nih.gov/30312638/,127151,CCOC1=CC=CC=C1OC(C2CNCCO2)C3=CC=CC=C3,1,Reboxetine currently has an ML prediction but requires stronger receptor-specific literature validation.,Literature validation needed before experimental priority
23,RS 67333,5-HT6 exploratory candidate,Chemical / small molecule,5-HT6 receptor,No,No,No,No,Yes,0.9532891511917114,High,Unvalidated,E,,3,0.25,0.6881379482746125,PubMed,2015,26187692,,Behavioural brain research,10.1016/j.bbr.2015.07.020,Chronic activation of 5-HT4 receptors or blockade of 5-HT6 receptors improve memory performances.,https://pubmed.ncbi.nlm.nih.gov/26187692/,183782,CCCCN1CCC(CC1)CCC(=O)C2=CC(=C(C=C2OC)N)Cl,1,RS 67333 currently has an ML prediction but requires stronger receptor-specific literature validation.,Literature validation needed before experimental priority
24,3-benzenesulfonyl-8-piperazin-1-ylquinoline,5-HT6 exploratory candidate,Chemical / small molecule,5-HT6 receptor,No,No,No,No,Yes,0.8079147338867188,Moderate,Unvalidated,E,,61,0.25,0.6876445770263672,PubMed + PMC,2013; 2015; 2016; 2017; 2018; 2019; 2021; 2023; 2025,24135200; 26383152; 26507195; 27100049; 28253832; 29291439; 29848076; 31412259; 33439019; 34095437; 34211274; 36830678; 37259305; 40842345,PMC12520056; PMC4710672; PMC8165732; PMC8240864; PMC9953539; PMC9967858,"ACS chemical neuroscience; Alzheimer's & dementia (New York, N. Y.); Biomolecules; Brain research; Chemistry (Weinheim an der Bergstrasse, Germany); European journal of medicinal chemistry; European journal of pharmacology; Expert opinion on emerging drugs; Expert opinion on investigational drugs; Journal of medicinal chemistry; Journal of nuclear medicine : official publication, Society of Nuclear Medicine; Neuropsychiatric disease and treatment; Pharmaceuticals (Basel, Switzerland); Psychopharmacology",10.1002/chem.202500025; 10.1002/trc2.12136; 10.1007/s00213-015-4112-x; 10.1016/j.brainres.2019.146375; 10.1016/j.ejmech.2017.12.053; 10.1016/j.ejphar.2013.10.005; 10.1021/acs.jmedchem.0c02009; 10.1021/acschemneuro.6b00090; 10.1080/13543784.2018.1483334; 10.1080/14728214.2017.1293651; 10.2147/NDT.S309818; 10.2967/jnumed.115.162743; 10.3390/biom13020309; 10.3390/ph16020154,"Intepirdine Derivatives Possessing Dual 5HT6 Antagonism / HDAC6 Inhibitory Activity. | Selective 5-HT6 Receptor Ligands (Agonist and Antagonist) Show Different Effects on Antipsychotic Drug-Induced Metabolic Dysfunctions in Rats. | Progress in Investigational Agents Targeting Serotonin-6 Receptors for the Treatment of Brain Disorders. | Effect of 5-HT6 Receptor Ligands Combined with Haloperidol or Risperidone on Antidepressant-/Anxiolytic-Like Behavior and BDNF Regulation in Hippocampus and Prefrontal Cortex of Rats. | Intepirdine as adjunctive therapy to donepezil for mild-to-moderate Alzheimer's disease: A randomized, placebo-controlled, phase 3 clinical trial (MINDSET). | Imidazopyridine-Based 5-HT6 Receptor Neutral Antagonists: Impact of N1-Benzyl and N1-Phenylsulfonyl Fragments on Different Receptor Conformational States. | 5-HT6 receptor agonist and antagonist improve memory impairments and hippocampal BDNF signaling alterations induced by MK-801. | The role of 5 HT6-receptor antagonists in Alzheimer's disease: an update. | Novel non-sulfonamide 5-HT6 receptor partial inverse agonist in a group of imidazo[4,5-b]pyridines with cognition enhancing properties. | Emerging chemical therapies targeting 5-hydroxytryptamine in the treatment of Alzheimer's disease. | Novel 1H-Pyrrolo[3,2-c]quinoline Based 5-HT6 Receptor Antagonists with Potential Application for the Treatment of Cognitive Disorders Associated with Alzheimer's Disease. | The 5-HT₂C receptor agonist, lorcaserin, and the 5-HT₆ receptor antagonist, SB-742457, promote satiety; a microstructural analysis of feeding behaviour. | Human Kinetic Modeling of the 5HT6 PET Radioligand 11C-GSK215083 and Its Utility for Determining Occupancy at Both 5HT6 and 5HT2A Receptors by SB742457 as a Potential Therapeutic Mechanism of Action in Alzheimer Disease. | Effect of olanzapine on scopolamine induced deficits in differential reinforcement of low rate 72s (DRL-72s) schedule in rats: involvement of the serotonergic receptors in restoring the deficits.",https://pubmed.ncbi.nlm.nih.gov/40842345/ | https://pubmed.ncbi.nlm.nih.gov/37259305/ | https://pubmed.ncbi.nlm.nih.gov/36830678/ | https://pubmed.ncbi.nlm.nih.gov/34211274/ | https://pubmed.ncbi.nlm.nih.gov/34095437/ | https://pubmed.ncbi.nlm.nih.gov/33439019/ | https://pubmed.ncbi.nlm.nih.gov/31412259/ | https://pubmed.ncbi.nlm.nih.gov/29848076/ | https://pubmed.ncbi.nlm.nih.gov/29291439/ | https://pubmed.ncbi.nlm.nih.gov/28253832/ | https://pubmed.ncbi.nlm.nih.gov/27100049/ | https://pubmed.ncbi.nlm.nih.gov/26507195/ | https://pubmed.ncbi.nlm.nih.gov/26383152/ | https://pubmed.ncbi.nlm.nih.gov/24135200/,11256720,C1CN(CCN1)C2=CC=CC3=CC(=CN=C32)S(=O)(=O)C4=CC=CC=C4,14,3-benzenesulfonyl-8-piperazin-1-ylquinoline currently has an ML prediction but requires stronger receptor-specific literature validation.,Literature validation needed before experimental priority
25,efavirenz,5-HT6 exploratory candidate,Chemical / small molecule,5-HT6 receptor,No,No,No,No,Yes,0.9462389349937439,High,Unvalidated,E,,4,0.25,0.6855553077459335,PubMed + PMC,2016,27157251,PMC4914440,Pharmacological research,10.1016/j.phrs.2016.04.028,Molecular mechanisms of serotonergic action of the HIV-1 antiretroviral efavirenz.,https://pubmed.ncbi.nlm.nih.gov/27157251/,64139,C1CC1C#CC2(C3=C(C=CC(=C3)Cl)NC(=O)O2)C(F)(F)F,1,efavirenz currently has an ML prediction but requires stronger receptor-specific literature validation.,Literature validation needed before experimental priority
26,Haloperidol,5-HT6 exploratory candidate,Chemical / small molecule,5-HT6 receptor,No,No,No,No,Yes,0.8926304578781128,High,Indirect/context evidence,D,Effect of 5-HT6 Receptor Ligands Combined with Haloperidol or Risperidone on Antidepressant-/Anxiolytic-Like Behavior and BDNF Regulation in Hippocampus and Prefrontal Cortex of Rats.,21,0.25,0.6847097976207733,PubMed + PMC,2013; 2014; 2021; 2023,23954911; 24135200; 34211274; 37259305,PMC3889519; PMC8240864; PMC9967858,"European journal of pharmacology; Neuropsychiatric disease and treatment; Pharmaceuticals (Basel, Switzerland); Psychopharmacology",10.1007/s00213-013-3234-2; 10.1016/j.ejphar.2013.10.005; 10.2147/NDT.S309818; 10.3390/ph16020154,"Selective 5-HT6 Receptor Ligands (Agonist and Antagonist) Show Different Effects on Antipsychotic Drug-Induced Metabolic Dysfunctions in Rats. | Effect of 5-HT6 Receptor Ligands Combined with Haloperidol or Risperidone on Antidepressant-/Anxiolytic-Like Behavior and BDNF Regulation in Hippocampus and Prefrontal Cortex of Rats. | Effect of olanzapine on scopolamine induced deficits in differential reinforcement of low rate 72s (DRL-72s) schedule in rats: involvement of the serotonergic receptors in restoring the deficits. | Co-administration of 5-HT6 receptor antagonists with clozapine, risperidone, and a 5-HT2A receptor antagonist: effects on prepulse inhibition in rats.",https://pubmed.ncbi.nlm.nih.gov/37259305/ | https://pubmed.ncbi.nlm.nih.gov/34211274/ | https://pubmed.ncbi.nlm.nih.gov/24135200/ | https://pubmed.ncbi.nlm.nih.gov/23954911/,3559,C1CN(CCC1(C2=CC=C(C=C2)Cl)O)CCCC(=O)C3=CC=C(C=C3)F,4,"Haloperidol appears in literature related to 5-HT6 receptor, but direct receptor interaction has not been established.",Review full article for direct receptor evidence
27,PZ-1444,5-HT6 exploratory candidate,Chemical / small molecule,5-HT6 receptor,No,No,No,No,Yes,0.9384394288063049,High,Unvalidated,E,,6,0.25,0.6844856287240982,PubMed,2021; 2025,33439019; 40885239,,European journal of pharmacology; Journal of medicinal chemistry,10.1016/j.ejphar.2025.178099; 10.1021/acs.jmedchem.0c02009,Serotonin type 6 receptor inverse agonists and neutral antagonists inhibit defecation: relevance to intestinal motility disorders. | Imidazopyridine-Based 5-HT6 Receptor Neutral Antagonists: Impact of N1-Benzyl and N1-Phenylsulfonyl Fragments on Different Receptor Conformational States.,https://pubmed.ncbi.nlm.nih.gov/40885239/ | https://pubmed.ncbi.nlm.nih.gov/33439019/,126720440,CCC1=NC2=C(C=CN=C2N1CC3=CC(=CC=C3)F)N4CCNCC4,2,PZ-1444 currently has an ML prediction but requires stronger receptor-specific literature validation.,Literature validation needed before experimental priority
28,"2-ethyl-3-(3-fluorobenzyl)-7-(piperazin-1-yl)-3H-imidazo[4,5-b]pyridine",5-HT6 exploratory candidate,Chemical / small molecule,5-HT6 receptor,No,No,No,No,Yes,0.9384394288063049,High,Unvalidated,E,,3,0.25,0.6784856287240982,PubMed,2018,29291439,,European journal of medicinal chemistry,10.1016/j.ejmech.2017.12.053,"Novel non-sulfonamide 5-HT6 receptor partial inverse agonist in a group of imidazo[4,5-b]pyridines with cognition enhancing properties.",https://pubmed.ncbi.nlm.nih.gov/29291439/,126720440,CCC1=NC2=C(C=CN=C2N1CC3=CC(=CC=C3)F)N4CCNCC4,1,"2-ethyl-3-(3-fluorobenzyl)-7-(piperazin-1-yl)-3H-imidazo[4,5-b]pyridine currently has an ML prediction but requires stronger receptor-specific literature validation.",Literature validation needed before experimental priority
29,"5-chloro-2-methyl-3-(1,2,3,6-tetrahydro-4-pyridinyl)-1H-indole hydrochloride",5-HT6 exploratory candidate,Chemical / small molecule,5-HT6 receptor,No,No,No,No,Yes,0.9279481768608093,High,Unvalidated,E,,6,0.25,0.6776663149595261,PubMed + PMC,2013; 2016,24145094; 27106213,PMC4939156,Naunyn-Schmiedeberg's archives of pharmacology; Pharmacological reports : PR,10.1007/s00210-016-1245-3; 10.1016/s1734-1140(13)71081-8,"Study of a mechanism responsible for potential antidepressant activity of EMD 386088, a 5-HT6 partial agonist in rats. | Partial agonist efficacy of EMD386088, a 5-HT6 receptor ligand, in functional in vitro assays.",https://pubmed.ncbi.nlm.nih.gov/27106213/ | https://pubmed.ncbi.nlm.nih.gov/24145094/,56972198,CC1=C(C2=C(N1)C=CC(=C2)Cl)C3=CCNCC3.Cl,2,"5-chloro-2-methyl-3-(1,2,3,6-tetrahydro-4-pyridinyl)-1H-indole hydrochloride currently has an ML prediction but requires stronger receptor-specific literature validation.",Literature validation needed before experimental priority
30,erythromycin propionate-N-acetylcysteinate,5-HT6 exploratory candidate,Chemical / small molecule,5-HT6 receptor,No,No,No,No,Yes,0.937557578086853,High,Unvalidated,E,,1,0.25,0.6739124257564545,PubMed + PMC,2021,33357407,PMC7815944,Stem cell reports,10.1016/j.stemcr.2020.11.015,Constitutive Activity of Serotonin Receptor 6 Regulates Human Cerebral Organoids Formation and Depression-like Behaviors.,https://pubmed.ncbi.nlm.nih.gov/33357407/,71276,CCC1C(C(C(C(=O)C(CC(C(C(C(C(C(=O)O1)C)OC2CC(C(C(O2)C)O)(C)OC)C)OC3C(C(CC(O3)C)N(C)C)OC(=O)CC)(C)O)C)C)O)(C)O.CC(=O)NC(CS)C(=O)O,1,erythromycin propionate-N-acetylcysteinate currently has an ML prediction but requires stronger receptor-specific literature validation.,Literature validation needed before experimental priority
31,Ro4368554,5-HT6 exploratory candidate,Chemical / small molecule,5-HT6 receptor,No,No,No,No,Yes,0.9228565096855164,High,Unvalidated,E,,3,0.25,0.6683567312955857,PubMed,2020,33086133,,Brain research bulletin,10.1016/j.brainresbull.2020.10.014,Procognitive profiling of a serotonin 5-HT6 receptor antagonist in a complex model system in rats: A novel translational approach for clinical prediction.,https://pubmed.ncbi.nlm.nih.gov/33086133/,6918682,CN1CCN(CC1)C2=CC=CC3=C2NC=C3S(=O)(=O)C4=CC=CC=C4,1,Ro4368554 currently has an ML prediction but requires stronger receptor-specific literature validation.,Literature validation needed before experimental priority
32,"5-chloro-2-methyl-3-(1,2,3,6-tetrahydropyridin-4-yl)-1H-indole",5-HT6 exploratory candidate,Chemical / small molecule,5-HT6 receptor,No,No,No,No,Yes,0.9108032584190369,High,Unvalidated,E,,3,0.25,0.660522117972374,PubMed,2013,23542166,,European journal of medicinal chemistry,10.1016/j.ejmech.2013.03.006,"Structure-activity relationship of 5-chloro-2-methyl-3-(1,2,3,6-tetrahydropyridin-4-yl)-1H-indole analogues as 5-HT(6) receptor agonists.",https://pubmed.ncbi.nlm.nih.gov/23542166/,10131112,CC1=C(C2=C(N1)C=CC(=C2)Cl)C3=CCNCC3,1,"5-chloro-2-methyl-3-(1,2,3,6-tetrahydropyridin-4-yl)-1H-indole currently has an ML prediction but requires stronger receptor-specific literature validation.",Literature validation needed before experimental priority
33,Quetiapine Fumarate,MT2-related exploratory candidate,Chemical / small molecule,5-HT6 receptor; MT2 receptor,No,No,No,Yes,Yes,0.819708526134491,Moderate,Unvalidated,E,,1,0.5,0.6598105419874192,PubMed + PMC,2020; 2024,31760336; 38842700,PMC11442587,Psychiatry research. Neuroimaging; Psychopharmacology,10.1007/s00213-024-06619-4; 10.1016/j.pscychresns.2019.111007,"Chronic Caffeine Consumption, Alone or Combined with Agomelatine or Quetiapine, Reduces the Maximum EEG Peak, As Linked to Cortical Neurodegeneration, Ovarian Estrogen Receptor Alpha, and Melatonin Receptor 2. | In vivo 5-HT6 and 5-HT2A receptor availability in antipsychotic treated schizophrenia patients vs. unmedicated healthy humans measured with [11C]GSK215083 PET.",https://pubmed.ncbi.nlm.nih.gov/38842700/ | https://pubmed.ncbi.nlm.nih.gov/31760336/,5281025,C1CN(CCN1CCOCCO)C2=NC3=CC=CC=C3SC4=CC=CC=C42.C1CN(CCN1CCOCCO)C2=NC3=CC=CC=C3SC4=CC=CC=C42.C(=CC(=O)O)C(=O)O,2,Quetiapine Fumarate currently has an ML prediction but requires stronger receptor-specific literature validation.,Literature validation needed before experimental priority
34,1-benzylpiperidine,5-HT6 exploratory candidate,Chemical / small molecule,5-HT6 receptor,No,No,No,No,Yes,0.9021195769309998,High,Unvalidated,E,,3,0.25,0.6548777250051498,PubMed,2016,27560283,,European journal of medicinal chemistry,10.1016/j.ejmech.2016.08.016,"Novel multi-target-directed ligands for Alzheimer's disease: Combining cholinesterase inhibitors and 5-HT6 receptor antagonists. Design, synthesis and biological evaluation.",https://pubmed.ncbi.nlm.nih.gov/27560283/,76190,C1CCN(CC1)CC2=CC=CC=C2,1,1-benzylpiperidine currently has an ML prediction but requires stronger receptor-specific literature validation.,Literature validation needed before experimental priority
35,Testosterone,MT2-related exploratory candidate,Chemical / small molecule,MT2 receptor,No,No,No,Yes,No,0.8014183640480042,Moderate,Unvalidated,E,,1,0.5,0.6479219366312027,PubMed,2025,39823652,,Domestic animal endocrinology,10.1016/j.domaniend.2025.106916,From spermatogenesis to fertilisation: the role of melatonin on ram spermatozoa.,https://pubmed.ncbi.nlm.nih.gov/39823652/,6013,CC12CCC3C(C1CCC2O)CCC4=CC(=O)CCC34C,1,Testosterone currently has an ML prediction but requires stronger receptor-specific literature validation.,Literature validation needed before experimental priority
36,1-phenylbenzazepine,5-HT6 exploratory candidate,Chemical / small molecule,5-HT6 receptor,No,No,No,No,Yes,0.8779258728027344,High,Direct receptor evidence,C,"Synthesis, pharmacological evaluations, and molecular docking studies on a new 1,3,4,11b-tetrahydro-1H-fluoreno[9,1-cd]azepine framework: Rigidification of D1 receptor selective 1-phenylbenzazepines and discovery of a new 5-HT6 receptor scaffold.",3,0.25,0.6391518173217774,PubMed + PMC,2020,32279445,PMC7442682,Chemical biology & drug design,10.1111/cbdd.13691,"Synthesis, pharmacological evaluations, and molecular docking studies on a new 1,3,4,11b-tetrahydro-1H-fluoreno[9,1-cd]azepine framework: Rigidification of D1 receptor selective 1-phenylbenzazepines and discovery of a new 5-HT6 receptor scaffold.",https://pubmed.ncbi.nlm.nih.gov/32279445/,20503322,C1=CC=C(C=C1)N2C=CC=CC3=CC=CC=C32,1,1-phenylbenzazepine has experimental receptor evidence involving 5-HT6 receptor and is being evaluated as a possible GPR62 candidate.,Prioritize for GPR62 binding/signaling assay
37,latrepirdine,5-HT6 exploratory candidate,Chemical / small molecule,5-HT6 receptor,No,No,No,No,Yes,0.8710102438926697,High,Unvalidated,E,,4,0.25,0.6366566585302353,PubMed + PMC,2018; 2023,28856531; 36830678,PMC9953539,Biomolecules; Molecular neurobiology,10.1007/s12035-017-0745-6; 10.3390/biom13020309,"Progress in Investigational Agents Targeting Serotonin-6 Receptors for the Treatment of Brain Disorders. | Pro-neurogenic, Memory-Enhancing and Anti-stress Effects of DF302, a Novel Fluorine Gamma-Carboline Derivative with Multi-target Mechanism of Action.",https://pubmed.ncbi.nlm.nih.gov/36830678/ | https://pubmed.ncbi.nlm.nih.gov/28856531/,197033,CC1=CC2=C(C=C1)N(C3=C2CN(CC3)C)CCC4=CN=C(C=C4)C,2,latrepirdine currently has an ML prediction but requires stronger receptor-specific literature validation.,Literature validation needed before experimental priority
38,Memantine,5-HT6 exploratory candidate,Chemical / small molecule,5-HT6 receptor,No,No,No,No,Yes,0.8731172680854797,High,Unvalidated,E,,3,0.25,0.6360262242555619,PubMed,2015,26548316,,Expert opinion on investigational drugs,10.1517/13543784.2015.1102884,Investigational drugs targeting 5-HT6 receptors for the treatment of Alzheimer's disease.,https://pubmed.ncbi.nlm.nih.gov/26548316/,4054,CC12CC3CC(C1)(CC(C3)(C2)N)C,1,Memantine currently has an ML prediction but requires stronger receptor-specific literature validation.,Literature validation needed before experimental priority
39,PBI-8192,MT2-related exploratory candidate,Chemical / small molecule,MT2 receptor,No,No,No,Yes,No,0.758974015712738,Moderate,Unvalidated,E,,6,0.5,0.6303331102132798,PubMed + PMC,2022,35983281,PMC9380205,ACS pharmacology & translational science,10.1021/acsptsci.2c00096,Luminogenic HiBiT Peptide-Based NanoBRET Ligand Binding Assays for Melatonin Receptors.,https://pubmed.ncbi.nlm.nih.gov/35983281/,176516512,CCCC(=O)NCC1=CC=C(C=C1)C2=C(C3=C(N2)C=CC(=N3)OC)CCNC(=O)C,1,PBI-8192 currently has an ML prediction but requires stronger receptor-specific literature validation.,Literature validation needed before experimental priority
40,Bupropion,5-HT6 exploratory candidate,Chemical / small molecule,5-HT6 receptor,No,No,No,No,Yes,0.8546305298805237,High,Unvalidated,E,,6,0.25,0.6300098444223404,PubMed,2019,30312638,,Behavioural brain research,10.1016/j.bbr.2018.10.004,Novel antagonists of 5-HT6 and/or 5-HT7 receptors affect the brain monoamines metabolism and enhance the anti-immobility activity of different antidepressants in rats.,https://pubmed.ncbi.nlm.nih.gov/30312638/,444,CC(C(=O)C1=CC(=CC=C1)Cl)NC(C)(C)C,1,Bupropion currently has an ML prediction but requires stronger receptor-specific literature validation.,Literature validation needed before experimental priority
41,5-hydroxyethoxy-N-acetyltryptamine,MT2-related exploratory candidate,Chemical / small molecule,MT2 receptor,No,No,No,Yes,No,0.7643306255340576,Moderate,Unvalidated,E,,3,0.5,0.6278149065971375,PubMed,2026,41389411,,European journal of medicinal chemistry,10.1016/j.ejmech.2025.118445,N-Acylaminoethyltetrahydroquinolines: A new class of melatonin receptor ligands with in vivo activity on glioblastoma.,https://pubmed.ncbi.nlm.nih.gov/41389411/,10849065,CC(=O)NCCC1=CNC2=C1C=C(C=C2)OCCO,1,5-hydroxyethoxy-N-acetyltryptamine currently has an ML prediction but requires stronger receptor-specific literature validation.,Literature validation needed before experimental priority
42,Rotenone,5-HT6 exploratory candidate,Chemical / small molecule,5-HT6 receptor,No,No,No,No,Yes,0.8578706383705139,High,Unvalidated,E,,3,0.25,0.6261159149408341,PubMed,2024,38936149,,European journal of medicinal chemistry,10.1016/j.ejmech.2024.116615,5-HT6 receptor neutral antagonists protect astrocytes: A lesson from 2-phenylpyrrole derivatives.,https://pubmed.ncbi.nlm.nih.gov/38936149/,6758,CC(=C)C1CC2=C(O1)C=CC3=C2OC4COC5=CC(=C(C=C5C4C3=O)OC)OC,1,Rotenone currently has an ML prediction but requires stronger receptor-specific literature validation.,Literature validation needed before experimental priority
43,SB 269970,5-HT6 exploratory candidate,Chemical / small molecule,5-HT6 receptor,No,No,No,No,Yes,0.8466910719871521,Moderate,Unvalidated,E,,6,0.25,0.6248491967916489,PubMed,2013; 2019,25287308; 31233821,,Acta neuropsychiatrica; Behavioural brain research,10.1016/j.bbr.2019.112055; 10.1111/j.1601-5215.2012.00669.x,"The blockade of the serotoninergic receptors 5-HT5A, 5-HT6 and 5-HT7 in the basolateral amygdala, but not in the hippocampus facilitate the extinction of fear memory. | 5-HT depletion, but not 5-HT1A antagonist, prevents the anxiolytic-like effect of citalopram in rat contextual conditioned fear stress model.",https://pubmed.ncbi.nlm.nih.gov/31233821/ | https://pubmed.ncbi.nlm.nih.gov/25287308/,6604889,CC1CCN(CC1)CCC2CCCN2S(=O)(=O)C3=CC=CC(=C3)O,2,SB 269970 currently has an ML prediction but requires stronger receptor-specific literature validation.,Literature validation needed before experimental priority
44,Fluvoxamine,5-HT6 exploratory candidate,Chemical / small molecule,5-HT6 receptor,No,No,No,No,Yes,0.8449462056159973,Moderate,Unvalidated,E,,3,0.25,0.6177150336503983,PubMed,2015,25932719,,Behavioural pharmacology,10.1097/FBP.0000000000000140,Pharmacological profile of encounter-induced hyperactivity in isolation-reared mice.,https://pubmed.ncbi.nlm.nih.gov/25932719/,5324346,COCCCCC(=NOCCN)C1=CC=C(C=C1)C(F)(F)F,1,Fluvoxamine currently has an ML prediction but requires stronger receptor-specific literature validation.,Literature validation needed before experimental priority
45,Aligeron,5-HT6 exploratory candidate,Chemical / small molecule,5-HT6 receptor,No,No,No,No,Yes,0.8204567432403564,Moderate,Unvalidated,E,,6,0.25,0.6077968831062317,PubMed,2025,38204222,,Current computer-aided drug design,10.2174/0115734099282836231212064925,"In-silico Design, ADMET Screening, Prime MM-GBSA Binding Free Energy Calculation and MD Simulation of Some Novel Phenothiazines as 5HT6R Antagonists Targeting Alzheimer's Disease.",https://pubmed.ncbi.nlm.nih.gov/38204222/,166145,C=CCN1CCN(CC1)C(C2=CC=CC=C2)C3=CC=CC=C3,1,Aligeron currently has an ML prediction but requires stronger receptor-specific literature validation.,Literature validation needed before experimental priority
46,1-(phenylsulfonyl)-4-(piperazin-1-yl)-1H-indole,5-HT6 exploratory candidate,Chemical / small molecule,5-HT6 receptor,No,No,No,No,Yes,0.8271880745887756,Moderate,Unvalidated,E,,3,0.25,0.6061722484827042,PubMed,2016,27560283,,European journal of medicinal chemistry,10.1016/j.ejmech.2016.08.016,"Novel multi-target-directed ligands for Alzheimer's disease: Combining cholinesterase inhibitors and 5-HT6 receptor antagonists. Design, synthesis and biological evaluation.",https://pubmed.ncbi.nlm.nih.gov/27560283/,10154392,C1CN(CCN1)C2=CC=CC3=C2C=CN3S(=O)(=O)C4=CC=CC=C4,1,1-(phenylsulfonyl)-4-(piperazin-1-yl)-1H-indole currently has an ML prediction but requires stronger receptor-specific literature validation.,Literature validation needed before experimental priority
47,Amoxapine,5-HT6 exploratory candidate,Chemical / small molecule,5-HT6 receptor,No,No,No,No,Yes,0.8087691068649292,Moderate,Unvalidated,E,,5,0.25,0.598199919462204,PubMed + PMC,2017,28694424,PMC5504036,Scientific reports,10.1038/s41598-017-04144-3,"A tricyclic antidepressant, amoxapine, reduces amyloid-β generation through multiple serotonin receptor 6-mediated targets.",https://pubmed.ncbi.nlm.nih.gov/28694424/,2170,C1CN(CCN1)C2=NC3=CC=CC=C3OC4=C2C=C(C=C4)Cl,1,Amoxapine currently has an ML prediction but requires stronger receptor-specific literature validation.,Literature validation needed before experimental priority
48,Tacrine,5-HT6 exploratory candidate,Chemical / small molecule,5-HT6 receptor,No,No,No,No,Yes,0.7920169830322266,Moderate,Unvalidated,E,,6,0.25,0.5893110389709473,PubMed,2016,27560283,,European journal of medicinal chemistry,10.1016/j.ejmech.2016.08.016,"Novel multi-target-directed ligands for Alzheimer's disease: Combining cholinesterase inhibitors and 5-HT6 receptor antagonists. Design, synthesis and biological evaluation.",https://pubmed.ncbi.nlm.nih.gov/27560283/,1935,C1CCC2=NC3=CC=CC=C3C(=C2C1)N,1,Tacrine currently has an ML prediction but requires stronger receptor-specific literature validation.,Literature validation needed before experimental priority
49,Aripiprazole,5-HT6 exploratory candidate,Chemical / small molecule,5-HT6 receptor,No,No,No,No,Yes,0.8098500370979309,Moderate,Unvalidated,E,,0,0.25,0.5889025241136551,PubMed,2020,31760336,,Psychiatry research. Neuroimaging,10.1016/j.pscychresns.2019.111007,In vivo 5-HT6 and 5-HT2A receptor availability in antipsychotic treated schizophrenia patients vs. unmedicated healthy humans measured with [11C]GSK215083 PET.,https://pubmed.ncbi.nlm.nih.gov/31760336/,60795,C1CC(=O)NC2=C1C=CC(=C2)OCCCCN3CCN(CC3)C4=C(C(=CC=C4)Cl)Cl,1,Aripiprazole currently has an ML prediction but requires stronger receptor-specific literature validation.,Literature validation needed before experimental priority
50,THC,5-HT6 exploratory candidate,Chemical / small molecule,5-HT6 receptor,No,No,No,No,Yes,0.7892976403236389,Moderate,Unvalidated,E,,6,0.25,0.5875434662103654,PubMed + PMC,2020,32329240,PMC7207164,EMBO molecular medicine,10.15252/emmm.201910605,Early 5-HT6 receptor blockade prevents symptom onset in a model of adolescent cannabis abuse.,https://pubmed.ncbi.nlm.nih.gov/32329240/,16078,CCCCCC1=CC(=C2C3C=C(CCC3C(OC2=C1)(C)C)C)O,1,THC currently has an ML prediction but requires stronger receptor-specific literature validation.,Literature validation needed before experimental priority
51,9-tetrahydrocannabinol,5-HT6 exploratory candidate,Chemical / small molecule,5-HT6 receptor,No,No,No,No,Yes,0.7892976403236389,Moderate,Unvalidated,E,,3,0.25,0.5815434662103653,PubMed + PMC,2020,32329240,PMC7207164,EMBO molecular medicine,10.15252/emmm.201910605,Early 5-HT6 receptor blockade prevents symptom onset in a model of adolescent cannabis abuse.,https://pubmed.ncbi.nlm.nih.gov/32329240/,16078,CCCCCC1=CC(=C2C3C=C(CCC3C(OC2=C1)(C)C)C)O,1,9-tetrahydrocannabinol currently has an ML prediction but requires stronger receptor-specific literature validation.,Literature validation needed before experimental priority
52,Cyclophosphamide,MT2-related exploratory candidate,Chemical / small molecule,MT2 receptor,No,No,No,Yes,No,0.682522177696228,Moderate,Unvalidated,E,,3,0.5,0.5746394155025483,PubMed,2022,34642909,,"Reproductive sciences (Thousand Oaks, Calif.)",10.1007/s43032-021-00768-z,Melatonin Attenuates Cyclophosphamide-Induced Primordial Follicle Loss by Interaction with MT1 Receptor and Modulation of PTEN/Akt/FOXO3a Proteins in the Mouse Ovary.,https://pubmed.ncbi.nlm.nih.gov/34642909/,2907,C1CNP(=O)(OC1)N(CCCl)CCCl,1,Cyclophosphamide currently has an ML prediction but requires stronger receptor-specific literature validation.,Literature validation needed before experimental priority
53,Donepezil,5-HT6 exploratory candidate,Chemical / small molecule,5-HT6 receptor,No,No,No,No,Yes,0.7118600010871887,Moderate,Direct receptor evidence,C,The 5-HT6 receptor antagonist idalopirdine potentiates the effects of donepezil on gamma oscillations in the frontal cortex of anesthetized and awake rats without affecting sleep-wake architecture.,24,0.25,0.5732090007066728,PubMed + PMC,2013; 2014; 2016; 2017; 2021,24135200; 25297016; 27039041; 27469080; 27560283; 27647493; 34095437,PMC8165732,"Alzheimer's & dementia (New York, N. Y.); European journal of medicinal chemistry; European journal of pharmacology; Neuropharmacology; The European journal of neuroscience; The Lancet. Neurology",10.1002/trc2.12136; 10.1016/S1474-4422(14)70198-X; 10.1016/j.ejmech.2016.08.016; 10.1016/j.ejphar.2013.10.005; 10.1016/j.neuropharm.2016.03.043; 10.1016/j.neuropharm.2016.09.017; 10.1111/ejn.13354,"Intepirdine as adjunctive therapy to donepezil for mild-to-moderate Alzheimer's disease: A randomized, placebo-controlled, phase 3 clinical trial (MINDSET). | The 5-HT6 receptor antagonist idalopirdine potentiates the effects of donepezil on gamma oscillations in the frontal cortex of anesthetized and awake rats without affecting sleep-wake architecture. | Novel multi-target-directed ligands for Alzheimer's disease: Combining cholinesterase inhibitors and 5-HT6 receptor antagonists. Design, synthesis and biological evaluation. | Reducing falls in Parkinson's disease: interactions between donepezil and the 5-HT6 receptor antagonist idalopirdine on falls in a rat model of impaired cognitive control of complex movements. | The 5-HT6 receptor antagonist idalopirdine potentiates the effects of acetylcholinesterase inhibition on neuronal network oscillations and extracellular acetylcholine levels in the rat dorsal hippocampus. | Safety and efficacy of idalopirdine, a 5-HT6 receptor antagonist, in patients with moderate Alzheimer's disease (LADDER): a randomised, double-blind, placebo-controlled phase 2 trial. | Effect of olanzapine on scopolamine induced deficits in differential reinforcement of low rate 72s (DRL-72s) schedule in rats: involvement of the serotonergic receptors in restoring the deficits.",https://pubmed.ncbi.nlm.nih.gov/34095437/ | https://pubmed.ncbi.nlm.nih.gov/27647493/ | https://pubmed.ncbi.nlm.nih.gov/27560283/ | https://pubmed.ncbi.nlm.nih.gov/27469080/ | https://pubmed.ncbi.nlm.nih.gov/27039041/ | https://pubmed.ncbi.nlm.nih.gov/25297016/ | https://pubmed.ncbi.nlm.nih.gov/24135200/,3152,COC1=C(C=C2C(=C1)CC(C2=O)CC3CCN(CC3)CC4=CC=CC=C4)OC,7,Donepezil has experimental receptor evidence involving 5-HT6 receptor and is being evaluated as a possible GPR62 candidate.,Review pharmacology and consider experimental testing
54,Clozapine,5-HT6 exploratory candidate,Chemical / small molecule,5-HT6 receptor,No,No,No,No,Yes,0.7433640956878662,Moderate,Indirect/context evidence,D,"Co-administration of 5-HT6 receptor antagonists with clozapine, risperidone, and a 5-HT2A receptor antagonist: effects on prepulse inhibition in rats.",9,0.25,0.563686662197113,PubMed + PMC,2013; 2014,23479455; 23954911,PMC3889519,"Journal of psychopharmacology (Oxford, England); Psychopharmacology",10.1007/s00213-013-3234-2; 10.1177/0269881113480991,"Co-administration of 5-HT6 receptor antagonists with clozapine, risperidone, and a 5-HT2A receptor antagonist: effects on prepulse inhibition in rats. | The 5-hydroxytryptamine (serotonin) receptor 6 agonist EMD 386088 ameliorates ketamine-induced deficits in attentional set shifting and novel object recognition, but not in the prepulse inhibition in rats.",https://pubmed.ncbi.nlm.nih.gov/23954911/ | https://pubmed.ncbi.nlm.nih.gov/23479455/,135398737,CN1CCN(CC1)C2=NC3=C(C=CC(=C3)Cl)NC4=CC=CC=C42,2,"Clozapine appears in literature related to 5-HT6 receptor, but direct receptor interaction has not been established.",Review full article for direct receptor evidence
55,Tryptophan,5-HT6 exploratory candidate,Chemical / small molecule,5-HT6 receptor,No,No,No,No,Yes,0.7616071105003357,Moderate,Unvalidated,E,,1,0.25,0.5595446218252182,PubMed + PMC,2019,30883547,PMC6438579,PLoS biology,10.1371/journal.pbio.2007097,Serotonin receptor HTR6-mediated mTORC1 signaling regulates dietary restriction-induced memory enhancement.,https://pubmed.ncbi.nlm.nih.gov/30883547/,6305,C1=CC=C2C(=C1)C(=CN2)CC(C(=O)O)N,1,Tryptophan currently has an ML prediction but requires stronger receptor-specific literature validation.,Literature validation needed before experimental priority
56,CPPQ,5-HT6 exploratory candidate,Chemical / small molecule,5-HT6 receptor,No,No,No,No,Yes,0.7214867472648621,Moderate,Unvalidated,E,,12,0.25,0.5554663857221604,PubMed + PMC,2021; 2025,33439019; 34467765; 34576341; 40885239,PMC8467191; PMC8474115,European journal of pharmacology; International journal of molecular sciences; Journal of medicinal chemistry,10.1016/j.ejphar.2025.178099; 10.1021/acs.jmedchem.0c02009; 10.1021/acs.jmedchem.1c00224; 10.3390/ijms221810178,"Serotonin type 6 receptor inverse agonists and neutral antagonists inhibit defecation: relevance to intestinal motility disorders. | Blockade of Serotonin 5-HT6 Receptor Constitutive Activity Alleviates Cognitive Deficits in a Preclinical Model of Neurofibromatosis Type 1. | Structure-Based Design and Optimization of FPPQ, a Dual-Acting 5-HT3 and 5-HT6 Receptor Antagonist with Antipsychotic and Procognitive Properties. | Imidazopyridine-Based 5-HT6 Receptor Neutral Antagonists: Impact of N1-Benzyl and N1-Phenylsulfonyl Fragments on Different Receptor Conformational States.",https://pubmed.ncbi.nlm.nih.gov/40885239/ | https://pubmed.ncbi.nlm.nih.gov/34576341/ | https://pubmed.ncbi.nlm.nih.gov/34467765/ | https://pubmed.ncbi.nlm.nih.gov/33439019/,162656068,CCC1=NC2=C(N1S(=O)(=O)C3=CC(=CC=C3)Cl)C=CN=C2N4CCNCC4,4,CPPQ currently has an ML prediction but requires stronger receptor-specific literature validation.,Literature validation needed before experimental priority
57,Isoproterenol,Close/related orphan GPCR candidate,Chemical / small molecule,GPR135,No,No,Yes,No,No,0.5485492944717407,Low,Unvalidated,E,,4,0.75,0.5520570414066315,PubMed,2018,31038027,,Journal of receptor and signal transduction research,10.1080/10799893.2019.1597116,Altered function and expression of the orphan GPR135 at the cardiovascular level in diabetic Wistar rats.,https://pubmed.ncbi.nlm.nih.gov/31038027/,3779,CC(C)NCC(C1=CC(=C(C=C1)O)O)O,1,Isoproterenol currently has an ML prediction but requires stronger receptor-specific literature validation.,Literature validation needed before experimental priority
58,4-phenyl-2-propionamidotetraline,MT2-related exploratory candidate,Chemical / small molecule,MT2 receptor,No,No,No,Yes,No,0.48708274960517883,Low,Unvalidated,E,,59,0.5,0.5416037872433662,PubMed + PMC,2022; 2023; 2024; 2025; 2026,34642909; 35179400; 35588335; 35682961; 35795373; 35932205; 36018566; 36271291; 36362201; 36592515; 37200384; 37717795; 37739092; 37834395; 37978917; 38750743; 38881434; 40871079; 42118091; 42166832,PMC10249807; PMC10573520; PMC11072751; PMC12389105; PMC13165690; PMC9181011; PMC9251177; PMC9586995; PMC9655379,"ACS chemical neuroscience; Animal science journal = Nihon chikusan Gakkaiho; Biochimica et biophysica acta. Molecular basis of disease; Cellular and molecular life sciences : CMLS; Cryobiology; Current eye research; FASEB journal : official publication of the Federation of American Societies for Experimental Biology; Free radical biology & medicine; Frontiers in cardiovascular medicine; International journal of molecular sciences; PLoS pathogens; Pharmaceutics; Reproduction in domestic animals = Zuchthygiene; Reproductive sciences (Thousand Oaks, Calif.); Scientific reports; The Science of the total environment; Theriogenology",10.1007/s00018-022-04330-1; 10.1007/s43032-021-00768-z; 10.1016/j.bbadis.2023.166887; 10.1016/j.cryobiol.2026.105645; 10.1016/j.freeradbiomed.2023.09.012; 10.1016/j.scitotenv.2024.173119; 10.1016/j.theriogenology.2022.12.036; 10.1021/acschemneuro.3c00616; 10.1038/s41598-022-22705-z; 10.1080/02713683.2021.2022163; 10.1096/fj.202601214R; 10.1111/asj.13760; 10.1111/rda.14237; 10.1111/rda.14598; 10.1371/journal.ppat.1011406; 10.3389/fcvm.2022.885293; 10.3390/ijms23116284; 10.3390/ijms232113397; 10.3390/ijms241914947; 10.3390/pharmaceutics17081057,"Protective effects of melatonin on mouse ovarian tissue against oxidative stress and ferroptosis may involve the MT1 receptor. | Orchestration of PKC-Mediated Inhibition and Calcium Release-Mediated Activation of BK Currents in Rat Vascular Smooth Muscle Cells by Melatonin Confers a BK-Channel-Dependent Restraint on Melatonin-Induced Vasocontraction. | Preclinical Assessment of a Metformin-Melatonin Combination: Antinociceptive Synergism. | Melatonin activates Nrf2/HO-1 signalling pathway to antagonizes oxidative stress-induced injury via melatonin receptor 1 (MT1) in cryopreserved mice ovarian tissue. | Paraquat disrupts KIF5A-mediated axonal mitochondrial transport in midbrain neurons and its antagonism by melatonin. | Melatonin Relieves Paclitaxel-Induced Neuropathic Pain by Regulating pNEK2-Dependent Epigenetic Pathways in DRG Neurons. | Melanogenesis Is Directly Affected by Metabolites of Melatonin in Human Melanoma Cells. | Melatonin inhibits fibroblast cell functions and hypertrophic scar formation by enhancing autophagy through the MT2 receptor-inhibited PI3K/Akt /mTOR signaling. | Melatonin alleviates early brain injury by inhibiting the NRF2-mediated ferroptosis pathway after subarachnoid hemorrhage. | Melatonin alleviates lung injury in H1N1-infected mice by mast cell inactivation and cytokine storm suppression. | Effects of melatonin on development and hormone secretion of sheep theca cells in vitro. | Impact of Melatonin on RAW264.7 Macrophages during Mechanical Strain. | Melatonin inhibits muscular-mucosal stretch-sensitive bladder afferents via the MT2 receptors. | Melatonin protects sheep endometrial epithelial cells against lipopolysaccharide-induced inflammation in vitro. | Regulatory role of melatonin on epidermal growth factor receptor, Type I collagen α1 chain, and caveolin 1 in granulosa cells of sheep antral follicles. | Melatonin Inhibits NF-κB/CREB/Runx2 Signaling and Alleviates Aortic Valve Calcification. | Bos taurus and Cervus elaphus as Non-Seasonal/Seasonal Models for the Role of Melatonin Receptors in the Spermatozoon. | Therapeutic potential of a single-dose melatonin in the attenuation of cardiac ischemia/reperfusion injury in prediabetic obese rats. | Copolymer Micelle-administered Melatonin Ameliorates Hyperosmolarity-induced Ocular Surface Damage through Regulating PINK1-mediated Mitophagy. | Melatonin Attenuates Cyclophosphamide-Induced Primordial Follicle Loss by Interaction with MT1 Receptor and Modulation of PTEN/Akt/FOXO3a Proteins in the Mouse Ovary.",https://pubmed.ncbi.nlm.nih.gov/42166832/ | https://pubmed.ncbi.nlm.nih.gov/42118091/ | https://pubmed.ncbi.nlm.nih.gov/40871079/ | https://pubmed.ncbi.nlm.nih.gov/38881434/ | https://pubmed.ncbi.nlm.nih.gov/38750743/ | https://pubmed.ncbi.nlm.nih.gov/37978917/ | https://pubmed.ncbi.nlm.nih.gov/37834395/ | https://pubmed.ncbi.nlm.nih.gov/37739092/ | https://pubmed.ncbi.nlm.nih.gov/37717795/ | https://pubmed.ncbi.nlm.nih.gov/37200384/ | https://pubmed.ncbi.nlm.nih.gov/36592515/ | https://pubmed.ncbi.nlm.nih.gov/36362201/ | https://pubmed.ncbi.nlm.nih.gov/36271291/ | https://pubmed.ncbi.nlm.nih.gov/36018566/ | https://pubmed.ncbi.nlm.nih.gov/35932205/ | https://pubmed.ncbi.nlm.nih.gov/35795373/ | https://pubmed.ncbi.nlm.nih.gov/35682961/ | https://pubmed.ncbi.nlm.nih.gov/35588335/ | https://pubmed.ncbi.nlm.nih.gov/35179400/ | https://pubmed.ncbi.nlm.nih.gov/34642909/,3976006,CCC(=O)NC1CC(C2=CC=CC=C2C1)C3=CC=CC=C3,20,4-phenyl-2-propionamidotetraline currently has an ML prediction but requires stronger receptor-specific literature validation.,Literature validation needed before experimental priority
59,Ergolines,5-HT6 exploratory candidate,Chemical / small molecule,5-HT6 receptor,No,No,No,No,Yes,0.7178567051887512,Moderate,Unvalidated,E,,3,0.25,0.5351068583726883,PubMed,2014,24878269,,Journal of medicinal chemistry,10.1021/jm5003759,Novel aza-analogous ergoline derived scaffolds as potent serotonin 5-HT₆ and dopamine D₂ receptor ligands.,https://pubmed.ncbi.nlm.nih.gov/24878269/,6857537,C1CC2C(CC3=CNC4=CC=CC2=C34)NC1,1,Ergolines currently has an ML prediction but requires stronger receptor-specific literature validation.,Literature validation needed before experimental priority
60,hypidone hydrochloride,5-HT6 exploratory candidate,Chemical / small molecule,5-HT6 receptor,No,No,No,No,Yes,0.7139524221420288,Moderate,Direct receptor evidence,C,"5-HT6 receptor agonist and memory-enhancing properties of hypidone hydrochloride (YL-0919), a novel 5-HT1A receptor partial agonist and SSRI.",3,0.25,0.5325690743923188,PubMed,2018,29805118,,Neuropharmacology,10.1016/j.neuropharm.2018.05.027,"5-HT6 receptor agonist and memory-enhancing properties of hypidone hydrochloride (YL-0919), a novel 5-HT1A receptor partial agonist and SSRI.",https://pubmed.ncbi.nlm.nih.gov/29805118/,122412736,C1CN(CCC1(CN2C=CC=CC2=O)O)CC3=CC=CC=C3.Cl,1,hypidone hydrochloride has experimental receptor evidence involving 5-HT6 receptor and is being evaluated as a possible GPR62 candidate.,Review pharmacology and consider experimental testing
61,agomelatine,MT2-related exploratory candidate,Chemical / small molecule,MT2 receptor,No,No,No,Yes,No,0.4964980185031891,Low,Direct receptor evidence,C,Agomelatine inhibits platelet aggregation through melatonin receptor-dependent and independent mechanisms.,39,0.5,0.5257237120270729,PubMed + PMC,2021; 2022; 2023; 2024; 2025; 2026,34886787; 35153715; 36097970; 36263645; 36769183; 36915542; 37394096; 38009636; 38215065; 38816228; 38842700; 39655682; 40493137; 41011705; 41731588,PMC10006472; PMC10805256; PMC11442587; PMC12472680; PMC13036929; PMC8828541; PMC9606441; PMC9918025,"Clinical psychopharmacology and neuroscience : the official scientific journal of the Korean College of Neuropsychopharmacology; Current molecular pharmacology; Diabetology & metabolic syndrome; Environmental toxicology; Frontiers in aging neuroscience; Heliyon; International journal of molecular sciences; Journal of biochemical and molecular toxicology; Life sciences; Molecules (Basel, Switzerland); Neurochemical research; Physiological research; Psychopharmacology; The Journal of pharmacology and experimental therapeutics; The world journal of biological psychiatry : the official journal of the World Federation of Societies of Biological Psychiatry",10.1002/jbt.70090; 10.1002/tox.24021; 10.1007/s00213-024-06619-4; 10.1007/s11064-025-04451-6; 10.1016/j.heliyon.2023.e14026; 10.1016/j.lfs.2023.121906; 10.1080/15622975.2022.2123954; 10.1124/jpet.123.002087; 10.1186/s13098-026-02130-2; 10.2174/1874467214666211209142546; 10.33549/physiolres.935064; 10.3389/fnagi.2021.766410; 10.3390/ijms24032863; 10.3390/molecules30183814; 10.9758/cpn.2022.20.4.701,"Agomelatine and the potential inverse risk of metabolic disorders: a nationwide cohort study with an active comparator design in Taiwan. | The Efficacy of Melatonergic Receptor Agonists Used in Clinical Practice in Insomnia Treatment: Melatonin, Tasimelteon, Ramelteon, Agomelatine, and Selected Herbs. | Agonism of MT1 and MT2 Receptor Mitigates Oxidative Insult, Neuroinflammation, and Cerebral Injury in Cadmium Chloride Treated Animals. | An Experimental Insight Into the Role of Agomelatine in Renal Ischemia/Reperfusion Injury. | Chronic Caffeine Consumption, Alone or Combined with Agomelatine or Quetiapine, Reduces the Maximum EEG Peak, As Linked to Cortical Neurodegeneration, Ovarian Estrogen Receptor Alpha, and Melatonin Receptor 2. | High-dose Agomelatine Combined with Haloperidol Decanoate Improves Cognition, Downregulates MT2, Upregulates D5, and Maintains Krüppel-like Factor 9 But Alters Cardiac Electrophysiology. | Modulation of Melatonin Receptors Regulates Reproductive Physiology: The Impact of Agomelatine on the Estrus Cycle, Gestation, Offspring, and Uterine Contractions in Rats. | Citrate-coated silver nanoparticles loaded with agomelatine provide neuronal therapy in acute cerebral ischemia/reperfusion of rats by inhibiting the oxidative stress, endoplasmic reticulum stress, and P2X7 receptor-mediated inflammasome. | Agomelatine inhibits platelet aggregation through melatonin receptor-dependent and independent mechanisms. | Acute toxicity and genotoxicity studies on new melatonergic antidepressant GW117. | Structural Basis for Agonistic Activity and Selectivity toward Melatonin Receptors hMT1 and hMT2. | The Effect of Agomelatine in Behavioral and Psychological Symptoms of Dementia. | Agomelatine decreases cocaine-induced locomotor sensitisation and dopamine release in rats. | Agomelatine Prevents Amyloid Plaque Deposition, Tau Phosphorylation, and Neuroinflammation in APP/PS1 Mice. | Agomelatine: An Astounding Sui-generis Antidepressant?",https://pubmed.ncbi.nlm.nih.gov/41731588/ | https://pubmed.ncbi.nlm.nih.gov/41011705/ | https://pubmed.ncbi.nlm.nih.gov/40493137/ | https://pubmed.ncbi.nlm.nih.gov/39655682/ | https://pubmed.ncbi.nlm.nih.gov/38842700/ | https://pubmed.ncbi.nlm.nih.gov/38816228/ | https://pubmed.ncbi.nlm.nih.gov/38215065/ | https://pubmed.ncbi.nlm.nih.gov/38009636/ | https://pubmed.ncbi.nlm.nih.gov/37394096/ | https://pubmed.ncbi.nlm.nih.gov/36915542/ | https://pubmed.ncbi.nlm.nih.gov/36769183/ | https://pubmed.ncbi.nlm.nih.gov/36263645/ | https://pubmed.ncbi.nlm.nih.gov/36097970/ | https://pubmed.ncbi.nlm.nih.gov/35153715/ | https://pubmed.ncbi.nlm.nih.gov/34886787/,82148,CC(=O)NCCC1=CC=CC2=C1C=C(C=C2)OC,15,agomelatine has experimental receptor evidence involving MT2 receptor and is being evaluated as a possible GPR62 candidate.,Review pharmacology and consider experimental testing
62,Melanins,MT2-related exploratory candidate,Chemical / small molecule,MT2 receptor,No,No,No,Yes,No,0.6012611985206604,Low,Unvalidated,E,,3,0.5,0.5218197790384294,PubMed + PMC,2023,37834395,PMC10573520,International journal of molecular sciences,10.3390/ijms241914947,Melanogenesis Is Directly Affected by Metabolites of Melatonin in Human Melanoma Cells.,https://pubmed.ncbi.nlm.nih.gov/37834395/,6325610,CC1=C2C3=C(C4=CNC5=C(C(=O)C(=O)C(=C45)C3=CN2)C)C(=O)C1=O,1,Melanins currently has an ML prediction but requires stronger receptor-specific literature validation.,Literature validation needed before experimental priority
63,Sulfones,5-HT6 exploratory candidate,Chemical / small molecule,5-HT6 receptor,No,No,No,No,Yes,0.6527525782585144,Moderate,Unvalidated,E,,12,0.25,0.5107891758680344,PubMed + PMC,2014; 2019; 2020,24406060; 31336820; 31817628; 32693296,PMC6678253; PMC6943527,"Chemical biology & drug design; European journal of medicinal chemistry; International journal of molecular sciences; Molecules (Basel, Switzerland)",10.1016/j.ejmech.2020.112529; 10.1111/cbdd.12279; 10.3390/ijms20143420; 10.3390/molecules24244472,"Chlorine substituents and linker topology as factors of 5-HT6R activity for novel highly active 1,3,5-triazine derivatives with procognitive properties in vivo. | Are the Hydantoin-1,3,5-triazine 5-HT6R Ligands a Hope to a Find New Procognitive and Anti-Obesity Drug? Considerations Based on Primary In Vivo Assays and ADME-Tox Profile In Vitro. | The 1,3,5-Triazine Derivatives as Innovative Chemical Family of 5-HT6 Serotonin Receptor Agents with Therapeutic Perspectives for Cognitive Impairment. | In search of potent 5-HT6 receptor inverse agonists.",https://pubmed.ncbi.nlm.nih.gov/32693296/ | https://pubmed.ncbi.nlm.nih.gov/31817628/ | https://pubmed.ncbi.nlm.nih.gov/31336820/ | https://pubmed.ncbi.nlm.nih.gov/24406060/,12501714,CC1=CC=C(C=C1)S(=O)(=O)C(=C(C2=CC=CC=C2)Br)C3=CC=CC=C3,4,Sulfones currently has an ML prediction but requires stronger receptor-specific literature validation.,Literature validation needed before experimental priority
64,glutamic acid,MT2-related exploratory candidate,Chemical / small molecule,5-HT6 receptor; MT2 receptor,No,No,No,Yes,Yes,0.45899078249931335,Low,Unvalidated,E,,39,0.5,0.5013440086245537,PubMed + PMC,2015; 2016; 2017; 2018; 2020; 2026,26044973; 27068148; 27373846; 27424103; 28188762; 28711518; 29778944; 29848076; 32533466; 42435652,PMC13377451; PMC7340678,Current pharmaceutical design; European journal of pharmacology; Expert opinion on investigational drugs; Molecular neurobiology; Neuropharmacology; Pharmacological research; Redox biology,10.1007/s12035-020-01938-x; 10.1016/j.ejphar.2016.04.010; 10.1016/j.ejphar.2017.02.010; 10.1016/j.neuropharm.2016.07.014; 10.1016/j.neuropharm.2017.07.010; 10.1016/j.neuropharm.2018.05.016; 10.1016/j.phrs.2016.06.009; 10.1016/j.redox.2026.104298; 10.1080/13543784.2018.1483334; 10.2174/1381612821666150605112105,"Melatonin reprograms antioxidant defenses to suppress ferroptosis via Homer1a/mGluR1-Nrf2/xCT signaling after retinal ischemia-reperfusion. | Calbindin Deficits May Underlie Dissociable Effects of 5-HT6 and mGlu7 Antagonists on Glutamate and Cognition in a Dual-Hit Neurodevelopmental Model for Schizophrenia. | The role of 5 HT6-receptor antagonists in Alzheimer's disease: an update. | Activation and blockade of basolateral amygdala 5-HT6 receptor produce anxiolytic-like behaviors in an experimental model of Parkinson's disease. | Antagonism of the 5-HT6 receptor - Preclinical rationale for the treatment of Alzheimer's disease. | Effects of the 5-HT6 receptor antagonist idalopirdine on extracellular levels of monoamines, glutamate and acetylcholine in the rat medial prefrontal cortex. | Activation and blockade of prelimbic 5-HT6 receptors produce different effects on depressive-like behaviors in unilateral 6-hydroxydopamine-induced Parkinson's rats. | Time-dependent impact of glutamatergic modulators on the promnesiant effect of 5-HT6R blockade on mice recognition memory. | WAY208466 inhibits glutamate release at hippocampal nerve terminals. | 5-HT6 Receptor Antagonists: Potential Efficacy for the Treatment of Cognitive Impairment in Schizophrenia.",https://pubmed.ncbi.nlm.nih.gov/42435652/ | https://pubmed.ncbi.nlm.nih.gov/32533466/ | https://pubmed.ncbi.nlm.nih.gov/29848076/ | https://pubmed.ncbi.nlm.nih.gov/29778944/ | https://pubmed.ncbi.nlm.nih.gov/28711518/ | https://pubmed.ncbi.nlm.nih.gov/28188762/ | https://pubmed.ncbi.nlm.nih.gov/27424103/ | https://pubmed.ncbi.nlm.nih.gov/27373846/ | https://pubmed.ncbi.nlm.nih.gov/27068148/ | https://pubmed.ncbi.nlm.nih.gov/26044973/,33032,C(CC(=O)O)C(C(=O)O)N,10,glutamic acid currently has an ML prediction but requires stronger receptor-specific literature validation.,Literature validation needed before experimental priority
65,ramelteon,MT2-related exploratory candidate,Chemical / small molecule,MT2 receptor,No,No,No,Yes,No,0.5351576805114746,Low,Indirect/context evidence,D,Relaxing effect of ramelteon on the uterus of non-pregnant and pregnant rats: Importance of melatonin receptors and BKCa.,14,0.5,0.5008524923324585,PubMed + PMC,2022; 2023; 2024; 2025,35075127; 37161988; 37340766; 38834160; 40097132; 41011705,PMC10473272; PMC12472680; PMC8786939,"European journal of pharmacology; Japanese journal of clinical oncology; Molecules (Basel, Switzerland); Nature communications; Neuroreport; Pharmacology, biochemistry, and behavior",10.1016/j.ejphar.2025.177517; 10.1016/j.pbb.2024.173794; 10.1038/s41467-022-28111-3; 10.1093/jjco/hyad061; 10.1097/WNR.0000000000001911; 10.3390/molecules30183814,"The Efficacy of Melatonergic Receptor Agonists Used in Clinical Practice in Insomnia Treatment: Melatonin, Tasimelteon, Ramelteon, Agomelatine, and Selected Herbs. | Relaxing effect of ramelteon on the uterus of non-pregnant and pregnant rats: Importance of melatonin receptors and BKCa. | Ramelteon protects against social defeat stress-associated abnormal behaviors. | A multi-centre, double-blind, randomized, placebo-controlled trial to evaluate the effectiveness and safety of ramelteon for the prevention of postoperative delirium in elderly cancer patients: a study protocol for JORTC-PON2/J-SUPPORT2103/NCCH2103. | Effects of melatonin on phosphorylation of memory-related proteins in the hippocampus and the perirhinal cortex in male mice. | Structural basis of the ligand binding and signaling mechanism of melatonin receptors.",https://pubmed.ncbi.nlm.nih.gov/41011705/ | https://pubmed.ncbi.nlm.nih.gov/40097132/ | https://pubmed.ncbi.nlm.nih.gov/38834160/ | https://pubmed.ncbi.nlm.nih.gov/37340766/ | https://pubmed.ncbi.nlm.nih.gov/37161988/ | https://pubmed.ncbi.nlm.nih.gov/35075127/,208902,CCC(=O)NCCC1CCC2=C1C3=C(C=C2)OCC3,6,"ramelteon appears in literature related to MT2 receptor, but direct receptor interaction has not been established.",Review full article for direct receptor evidence
66,serotonin,MT2-related exploratory candidate,Chemical / small molecule,5-HT6 receptor; MT2 receptor,No,No,No,Yes,Yes,0.4038478434085846,Low,Direct receptor evidence,C,New Triazine Derivatives as Serotonin 5-HT6 Receptor Ligands.,215,0.5,0.48750109821557996,PubMed + PMC,2013; 2014; 2015; 2016; 2017; 2019; 2020; 2022; 2023; 2024; 2025; 2026,23336058; 23542166; 23801939; 24497636; 24614691; 24867282; 25287308; 25429515; 25837696; 25863120; 25932719; 25934037; 26027065; 26099069; 26449188; 26560738; 27157251; 27581523; 27616337; 28117458; 28188762; 28628851; 28681593; 28931427; 30609433; 30883547; 31162703; 31233821; 31586629; 31587366; 32279445; 32533466; 32553388; 35022720; 36012707; 36609825; 36770774; 36830678; 36989299; 37270968; 39408617; 40023605; 40885239; 40991085; 42316566,PMC10083584; PMC11477289; PMC3547479; PMC3686152; PMC3948860; PMC3961653; PMC4457577; PMC4694947; PMC4914440; PMC5007490; PMC5259792; PMC5547219; PMC5607612; PMC6438579; PMC7031542; PMC7340678; PMC7442682; PMC9154270; PMC9409043; PMC9919591; PMC9953539,"ACS chemical neuroscience; Acta neuropsychiatrica; Alzheimer's research & therapy; Archiv der Pharmazie; Behavioural brain research; Behavioural pharmacology; Biomolecules; Brain research; Canadian journal of physiology and pharmacology; Chemical biology & drug design; Chemistry (Weinheim an der Bergstrasse, Germany); Current Alzheimer research; Drug research; European journal of medicinal chemistry; European journal of pharmacology; Frontiers in cellular neuroscience; Integrative zoology; International journal of molecular sciences; Journal of affective disorders; Journal of clinical laboratory analysis; Journal of medicinal chemistry; Molecular neurobiology; Molecules (Basel, Switzerland); Molecules and cells; Neurochemical research; Neuropharmacology; Neuroscience; Nihon shinkei seishin yakurigaku zasshi = Japanese journal of psychopharmacology; Oncotarget; PLoS biology; Pharmacological reports : PR; Pharmacological research; Phytomedicine : international journal of phytotherapy and phytopharmacology; PloS one; Proceedings of the National Academy of Sciences of the United States of America; Reviews in the neurosciences; Scientific reports; The Journal of biological chemistry; The Journal of pharmacology and experimental therapeutics; The international journal of neuropsychopharmacology",10.1002/ardp.201900041; 10.1002/chem.201503101; 10.1002/jcla.23042; 10.1007/s11064-025-04556-y; 10.1007/s12035-020-01938-x; 10.1016/j.bbr.2019.112055; 10.1016/j.brainres.2016.09.009; 10.1016/j.ejmech.2013.03.006; 10.1016/j.ejphar.2017.02.010; 10.1016/j.ejphar.2019.172718; 10.1016/j.ejphar.2025.178099; 10.1016/j.jad.2020.04.014; 10.1016/j.jpet.2024.100055; 10.1016/j.neuropharm.2015.03.032; 10.1016/j.neuroscience.2015.04.046; 10.1016/j.pharep.2017.04.001; 10.1016/j.phrs.2016.04.028; 10.1016/j.phymed.2023.154871; 10.1021/acs.jmedchem.5b00179; 10.1021/acschemneuro.5b00061; 10.1021/cn300184t; 10.1038/srep30985; 10.1038/srep41293; 10.1055/a-0817-5464; 10.1073/pnas.2209917120; 10.1074/jbc.M113.522094; 10.1093/ijnp/pyac003; 10.1097/FBP.0000000000000140; 10.1111/1749-4877.12706; 10.1111/cbdd.13691; 10.1111/j.1601-5215.2012.00669.x; 10.1139/cjpp-2014-0254; 10.1186/s13195-017-0304-4; 10.1371/journal.pbio.2007097; 10.1371/journal.pone.0091402; 10.14348/molcells.2017.0080; 10.1515/revneuro-2014-0030; 10.18632/oncotarget.5777; 10.2174/0115672050459074260331053012; 10.3389/fncel.2013.00093; 10.3390/biom13020309; 10.3390/ijms23169443; 10.3390/ijms251910287; 10.3390/molecules28031108,"Banxia Shumi Decoction Improves Sleep and Neural Function in Insomnia Male Rats via BDNF/TrkB/CREB-Dependent Melatonin Signaling Activation. | Association of Polymorphisms in Genes Involved in Serotonergic Signaling with the Risk of Developing Alzheimer's Disease. | Serotonin type 6 receptor inverse agonists and neutral antagonists inhibit defecation: relevance to intestinal motility disorders. | Simultaneous 5-HT1BR agonist/5-HT6R antagonist action as a potential treatment of Parkinson's disease and its comorbidities. | Low-Basicity 5-HT6 Receptor Ligands from the Group of Cyclic Arylguanidine Derivatives and Their Antiproliferative Activity Evaluation. | Antidepressant effects of p-coumaric acid isolated from Vaccinium bracteatum leaves extract on chronic restraint stress mouse model and antagonism of serotonin 6 receptor in vitro. | Structural insights into constitutive activity of 5-HT6 receptor. | Progress in Investigational Agents Targeting Serotonin-6 Receptors for the Treatment of Brain Disorders. | New Triazine Derivatives as Serotonin 5-HT6 Receptor Ligands. | Reproduction strategy of nocturnal marine molluscs: running for love. | Serotonin 5-HT6 Receptor Ligands and Butyrylcholinesterase Inhibitors Displaying Antioxidant Activity-Design, Synthesis and Biological Evaluation of Multifunctional Agents against Alzheimer's Disease. | Dual 5-HT3 and 5-HT6 Receptor Antagonist FPPQ Normalizes Phencyclidine-Induced Disruption of Brain Oscillatory Activity in Rats. | Stress-induced aggression in heterozygous TPH2 mutant mice is associated with alterations in serotonin turnover and expression of 5-HT6 and AMPA subunit 2A receptors. | Calbindin Deficits May Underlie Dissociable Effects of 5-HT6 and mGlu7 Antagonists on Glutamate and Cognition in a Dual-Hit Neurodevelopmental Model for Schizophrenia. | Synthesis, pharmacological evaluations, and molecular docking studies on a new 1,3,4,11b-tetrahydro-1H-fluoreno[9,1-cd]azepine framework: Rigidification of D1 receptor selective 1-phenylbenzazepines and discovery of a new 5-HT6 receptor scaffold. | Correlation of 5-HTR6 gene polymorphism with vestibular migraine. | 5-HT6 receptor antagonism reduces defecation in rat: A potential treatment strategy for irritable bowel syndrome with diarrhea. | The blockade of the serotoninergic receptors 5-HT5A, 5-HT6 and 5-HT7 in the basolateral amygdala, but not in the hippocampus facilitate the extinction of fear memory. | Anti-Alzheimer's multitarget-directed ligands with serotonin 5-HT6 antagonist, butyrylcholinesterase inhibitory, and antioxidant activity. | Serotonin receptor HTR6-mediated mTORC1 signaling regulates dietary restriction-induced memory enhancement. | Spinal Serotonin and 5HT6 Receptor Levels During Development of Neuropathy and Influence of Blockade of these Receptors on Thermal Hyperalgesia in Diabetic Mice. | Serotonin 5-HT6 receptors affect cognition in a mouse model of Alzheimer's disease by regulating cilia function. | 5-Hydroxytryptamine 6 Receptor (5-HT6R)-Mediated Morphological Changes via RhoA-Dependent Pathways. | Spinal 5-HT4 and 5-HT6 receptors contribute to the maintenance of neuropathic pain in rats. | Effects of the 5-HT6 receptor antagonist idalopirdine on extracellular levels of monoamines, glutamate and acetylcholine in the rat medial prefrontal cortex. | A new serotonin 5-HT6 receptor antagonist with procognitive activity - Importance of a halogen bond interaction to stabilize the binding. | Activation and blockade of serotonin6 receptors in the dorsal hippocampus enhance T maze and hole-board performance in a unilateral 6-hydroxydopamine rat model of Parkinson's disease. | Peripheral serotonin-mediated system suppresses bone development and regeneration via serotonin 6 G-protein-coupled receptor. | Molecular mechanisms of serotonergic action of the HIV-1 antiretroviral efavirenz. | Chemoproteomic Approach to Explore the Target Profile of GPCR ligands: Application to 5-HT1A and 5-HT6 Receptors. | Serotonin 6 receptor controls Alzheimer's disease and depression. | Therapeutic Potential of 5-HT6 Receptor Agonists. | [Utility of organotypic raphe slice cultures to investigate the effects of psychotropic drugs on the function of serotoninergic neurons]. | Deconstructing 5-HT6 receptor effects on striatal circuit function. | Pharmacological profile of encounter-induced hyperactivity in isolation-reared mice. | Olanzapine augments the effect of selective serotonin reuptake inhibitors by suppressing GABAergic inhibition via antagonism of 5-HT₆ receptors in the dorsal raphe nucleus. | Pharmacological Evidence for 5-HT6 Receptor Modulation of 5-HT Neuron Firing in Vivo. | Low-dose prazosin in combination with 5-HT6 antagonist PRX-07034 has antipsychotic effects. | Computational approaches to the design of novel 5-HT6 R ligands. | Direct interaction and functional coupling between human 5-HT6 receptor and the light chain 1 subunit of the microtubule-associated protein 1B (MAP1B-LC1). | Serotonin receptor 6 mediates defective brain development in monoamine oxidase A-deficient mouse embryos. | Serotonin homeostasis and serotonin receptors as actors of cortical construction: special attention to the 5-HT3A and 5-HT6 receptor subtypes. | Structure-activity relationship of 5-chloro-2-methyl-3-(1,2,3,6-tetrahydropyridin-4-yl)-1H-indole analogues as 5-HT(6) receptor agonists. | 5-HT depletion, but not 5-HT1A antagonist, prevents the anxiolytic-like effect of citalopram in rat contextual conditioned fear stress model. | Activation of 5-HT6 receptors modulates sleep-wake activity and hippocampal theta oscillation.",https://pubmed.ncbi.nlm.nih.gov/40991085/ | https://pubmed.ncbi.nlm.nih.gov/42316566/ | https://pubmed.ncbi.nlm.nih.gov/40885239/ | https://pubmed.ncbi.nlm.nih.gov/40023605/ | https://pubmed.ncbi.nlm.nih.gov/39408617/ | https://pubmed.ncbi.nlm.nih.gov/37270968/ | https://pubmed.ncbi.nlm.nih.gov/36989299/ | https://pubmed.ncbi.nlm.nih.gov/36830678/ | https://pubmed.ncbi.nlm.nih.gov/36770774/ | https://pubmed.ncbi.nlm.nih.gov/36609825/ | https://pubmed.ncbi.nlm.nih.gov/36012707/ | https://pubmed.ncbi.nlm.nih.gov/35022720/ | https://pubmed.ncbi.nlm.nih.gov/32553388/ | https://pubmed.ncbi.nlm.nih.gov/32533466/ | https://pubmed.ncbi.nlm.nih.gov/32279445/ | https://pubmed.ncbi.nlm.nih.gov/31587366/ | https://pubmed.ncbi.nlm.nih.gov/31586629/ | https://pubmed.ncbi.nlm.nih.gov/31233821/ | https://pubmed.ncbi.nlm.nih.gov/31162703/ | https://pubmed.ncbi.nlm.nih.gov/30883547/ | https://pubmed.ncbi.nlm.nih.gov/30609433/ | https://pubmed.ncbi.nlm.nih.gov/28931427/ | https://pubmed.ncbi.nlm.nih.gov/28681593/ | https://pubmed.ncbi.nlm.nih.gov/28628851/ | https://pubmed.ncbi.nlm.nih.gov/28188762/ | https://pubmed.ncbi.nlm.nih.gov/28117458/ | https://pubmed.ncbi.nlm.nih.gov/27616337/ | https://pubmed.ncbi.nlm.nih.gov/27581523/ | https://pubmed.ncbi.nlm.nih.gov/27157251/ | https://pubmed.ncbi.nlm.nih.gov/26560738/ | https://pubmed.ncbi.nlm.nih.gov/26449188/ | https://pubmed.ncbi.nlm.nih.gov/26099069/ | https://pubmed.ncbi.nlm.nih.gov/26027065/ | https://pubmed.ncbi.nlm.nih.gov/25934037/ | https://pubmed.ncbi.nlm.nih.gov/25932719/ | https://pubmed.ncbi.nlm.nih.gov/25863120/ | https://pubmed.ncbi.nlm.nih.gov/25837696/ | https://pubmed.ncbi.nlm.nih.gov/25429515/ | https://pubmed.ncbi.nlm.nih.gov/24867282/ | https://pubmed.ncbi.nlm.nih.gov/24614691/ | https://pubmed.ncbi.nlm.nih.gov/24497636/ | https://pubmed.ncbi.nlm.nih.gov/23801939/ | https://pubmed.ncbi.nlm.nih.gov/23542166/ | https://pubmed.ncbi.nlm.nih.gov/25287308/ | https://pubmed.ncbi.nlm.nih.gov/23336058/,5202,C1=CC2=C(C=C1O)C(=CN2)CCN,45,"serotonin has experimental receptor evidence involving 5-HT6 receptor, MT2 receptor and is being evaluated as a possible GPR62 candidate.",Review pharmacology and consider experimental testing
67,Phencyclidine,5-HT6 exploratory candidate,Chemical / small molecule,5-HT6 receptor,No,No,No,No,Yes,0.6290300488471985,Low,Direct receptor evidence,C,Dual 5-HT3 and 5-HT6 Receptor Antagonist FPPQ Normalizes Phencyclidine-Induced Disruption of Brain Oscillatory Activity in Rats.,6,0.25,0.48336953175067904,PubMed + PMC,2020; 2022,31734022; 35022720,PMC9154270,European journal of medicinal chemistry; The international journal of neuropsychopharmacology,10.1016/j.ejmech.2019.111857; 10.1093/ijnp/pyac003,Dual 5-HT3 and 5-HT6 Receptor Antagonist FPPQ Normalizes Phencyclidine-Induced Disruption of Brain Oscillatory Activity in Rats. | Virtual screening-driven discovery of dual 5-HT6/5-HT2A receptor ligands with pro-cognitive properties.,https://pubmed.ncbi.nlm.nih.gov/35022720/ | https://pubmed.ncbi.nlm.nih.gov/31734022/,6468,C1CCC(CC1)(C2=CC=CC=C2)N3CCCCC3,2,Phencyclidine has experimental receptor evidence involving 5-HT6 receptor and is being evaluated as a possible GPR62 candidate.,Review pharmacology and consider experimental testing
68,2-piperidinoethyl 4-amino-5-chloro-2-methoxybenzoate,5-HT6 exploratory candidate,Chemical / small molecule,5-HT6 receptor,No,No,No,No,Yes,0.6216388940811157,Low,Unvalidated,E,,6,0.25,0.47856528115272523,PubMed,2017; 2023,28628851; 37722878,,Biological & pharmaceutical bulletin; Pharmacological reports : PR,10.1016/j.pharep.2017.04.001; 10.1248/bpb.b23-00445,"Differential Contribution of 5-HT4, 5-HT5, and 5-HT6 Receptors to Acute Pruriceptive Processing Induced by Chloroquine and Histamine in Mice. | Spinal 5-HT4 and 5-HT6 receptors contribute to the maintenance of neuropathic pain in rats.",https://pubmed.ncbi.nlm.nih.gov/37722878/ | https://pubmed.ncbi.nlm.nih.gov/28628851/,5311299,COC1=CC(=C(C=C1C(=O)OCCN2CCCCC2)Cl)N,2,2-piperidinoethyl 4-amino-5-chloro-2-methoxybenzoate currently has an ML prediction but requires stronger receptor-specific literature validation.,Literature validation needed before experimental priority
69,SB-271046,5-HT6 exploratory candidate,Chemical / small molecule,5-HT6 receptor,No,No,No,No,Yes,0.4856181740760803,Low,Direct receptor evidence,C,The 5-HT6R agonist E-6837 and the antagonist SB-271046 reverse the psychotic-like behaviors induced by ketamine.,50,0.25,0.4781518131494522,PubMed + PMC,2014; 2015; 2017; 2018; 2019; 2020; 2021; 2022,23954911; 24905144; 25735994; 26077660; 26187692; 27373846; 28704275; 28931427; 29204799; 29805118; 31586629; 32425770; 33548271; 33613889; 35621169,PMC3889519; PMC5607612; PMC7212420; PMC7878042,"Alzheimer's research & therapy; Basic and clinical neuroscience; Behavioural brain research; Behavioural pharmacology; Brain research; Cognitive, affective & behavioral neuroscience; European journal of pharmacology; Frontiers in pharmacology; Journal of psychopharmacology (Oxford, England); Naunyn-Schmiedeberg's archives of pharmacology; Neuropharmacology; Pharmacological research; Psychopharmacology",10.1007/s00210-015-1141-2; 10.1007/s00213-013-3234-2; 10.1016/j.bbr.2015.07.020; 10.1016/j.brainres.2021.147313; 10.1016/j.ejphar.2019.172718; 10.1016/j.neuropharm.2014.05.036; 10.1016/j.neuropharm.2018.05.027; 10.1016/j.phrs.2016.06.009; 10.1097/FBP.0000000000000327; 10.1097/FBP.0000000000000669; 10.1177/0269881115573804; 10.1186/s13195-017-0304-4; 10.32598/bcn.9.10.410; 10.3389/fphar.2020.00475; 10.3758/s13415-017-0552-6,"The 5-HT6R agonist E-6837 and the antagonist SB-271046 reverse the psychotic-like behaviors induced by ketamine. | Role of Hippocampal 5-HT6 Receptors in Glucocorticoid-Induced Enhancement of Memory Consolidation in Rats. | Serotonin 6 receptor modulation reduces locomotor activity in C57BL/6J mice. | The Antagonism of 5-HT6 Receptor Attenuates Current-Induced Spikes and Improves Long-Term Potentiation via the Regulation of M-Currents in a Pilocarpine-Induced Epilepsy Model. | 5-HT6 receptor antagonism reduces defecation in rat: A potential treatment strategy for irritable bowel syndrome with diarrhea. | 5-HT6 receptor agonist and memory-enhancing properties of hypidone hydrochloride (YL-0919), a novel 5-HT1A receptor partial agonist and SSRI. | Dorsomedial prefrontal cortex 5-HT6 receptors regulate anxiety-like behavior. | Serotonin 5-HT6 receptors affect cognition in a mouse model of Alzheimer's disease by regulating cilia function. | Agonist E-6837 and antagonist SB-271046 of 5-HT6 receptors both reverse the depressive-like effect induced in mice by subchronic ketamine administration. | Time-dependent impact of glutamatergic modulators on the promnesiant effect of 5-HT6R blockade on mice recognition memory. | Chronic activation of 5-HT4 receptors or blockade of 5-HT6 receptors improve memory performances. | Antidepressant-like activity of EMD 386088, a 5-HT6 receptor partial agonist, following systemic acute and chronic administration to rats. | Effects of ST1936, a selective serotonin-6 agonist, on electrical activity of putative mesencephalic dopaminergic neurons in the rat brain. | Pharmacological evaluation of the anxiolytic-like effects of EMD 386088, a partial 5-HT6 receptor agonist, in the rat elevated plus-maze and Vogel conflict tests. | Co-administration of 5-HT6 receptor antagonists with clozapine, risperidone, and a 5-HT2A receptor antagonist: effects on prepulse inhibition in rats.",https://pubmed.ncbi.nlm.nih.gov/35621169/ | https://pubmed.ncbi.nlm.nih.gov/33613889/ | https://pubmed.ncbi.nlm.nih.gov/33548271/ | https://pubmed.ncbi.nlm.nih.gov/32425770/ | https://pubmed.ncbi.nlm.nih.gov/31586629/ | https://pubmed.ncbi.nlm.nih.gov/29805118/ | https://pubmed.ncbi.nlm.nih.gov/29204799/ | https://pubmed.ncbi.nlm.nih.gov/28931427/ | https://pubmed.ncbi.nlm.nih.gov/28704275/ | https://pubmed.ncbi.nlm.nih.gov/27373846/ | https://pubmed.ncbi.nlm.nih.gov/26187692/ | https://pubmed.ncbi.nlm.nih.gov/26077660/ | https://pubmed.ncbi.nlm.nih.gov/25735994/ | https://pubmed.ncbi.nlm.nih.gov/24905144/ | https://pubmed.ncbi.nlm.nih.gov/23954911/,5312149,CC1=C(SC2=C1C=C(C=C2)Cl)S(=O)(=O)NC3=CC(=C(C=C3)OC)N4CCNCC4,15,SB-271046 has experimental receptor evidence involving 5-HT6 receptor and is being evaluated as a possible GPR62 candidate.,Review pharmacology and consider experimental testing
70,GR 113808,5-HT6 exploratory candidate,Chemical / small molecule,5-HT6 receptor,No,No,No,No,Yes,0.6115068197250366,Low,Unvalidated,E,,9,0.25,0.4779794328212738,PubMed,2013; 2015; 2017,25287308; 25932719; 28628851,,Acta neuropsychiatrica; Behavioural pharmacology; Pharmacological reports : PR,10.1016/j.pharep.2017.04.001; 10.1097/FBP.0000000000000140; 10.1111/j.1601-5215.2012.00669.x,"Spinal 5-HT4 and 5-HT6 receptors contribute to the maintenance of neuropathic pain in rats. | Pharmacological profile of encounter-induced hyperactivity in isolation-reared mice. | 5-HT depletion, but not 5-HT1A antagonist, prevents the anxiolytic-like effect of citalopram in rat contextual conditioned fear stress model.",https://pubmed.ncbi.nlm.nih.gov/28628851/ | https://pubmed.ncbi.nlm.nih.gov/25932719/ | https://pubmed.ncbi.nlm.nih.gov/25287308/,119376,CN1C=C(C2=CC=CC=C21)C(=O)OCC3CCN(CC3)CCNS(=O)(=O)C,3,GR 113808 currently has an ML prediction but requires stronger receptor-specific literature validation.,Literature validation needed before experimental priority
71,RSL3,MT2-related exploratory candidate,Chemical / small molecule,MT2 receptor,No,No,No,Yes,No,0.5361976027488708,Low,Unvalidated,E,,1,0.5,0.47552844178676607,PubMed,2025,40945137,,Journal of trace elements in medicine and biology : organ of the Society for Minerals and Trace Elements (GMS),10.1016/j.jtemb.2025.127746,Metallothionein 2A alleviates ulcerative colitis by inhibiting ferroptosis in intestinal epithelial cells with Tfrc downregulation.,https://pubmed.ncbi.nlm.nih.gov/40945137/,89084603,COC(=O)C1CC2C(C(N1C(=O)CCl)C3=CC=C(C=C3)C(=O)OC)NC4=CC=CC=C24,1,RSL3 currently has an ML prediction but requires stronger receptor-specific literature validation.,Literature validation needed before experimental priority
72,GW117,MT2-related exploratory candidate,Chemical / small molecule,MT2 receptor,No,No,No,Yes,No,0.5114737749099731,Low,Indirect/context evidence,D,Mechanism of GW117 antidepressant action: melatonin receptor-mediated regulation of sleep rhythm.,9,0.5,0.4754579536914826,PubMed + PMC,2023; 2024; 2025,36915542; 38160931; 39613193,PMC10006472,"European journal of pharmacology; Heliyon; Pharmacology, biochemistry, and behavior",10.1016/j.ejphar.2023.176299; 10.1016/j.heliyon.2023.e14026; 10.1016/j.pbb.2024.173927,GW117 induces anxiolytic effects by improving hippocampal functions. | Mechanism of GW117 antidepressant action: melatonin receptor-mediated regulation of sleep rhythm. | Acute toxicity and genotoxicity studies on new melatonergic antidepressant GW117.,https://pubmed.ncbi.nlm.nih.gov/39613193/ | https://pubmed.ncbi.nlm.nih.gov/38160931/ | https://pubmed.ncbi.nlm.nih.gov/36915542/,177678473,CC(=O)NCCC1=CC=CC2=CC(=C(C=C21)OC)Cl,3,"GW117 appears in literature related to MT2 receptor, but direct receptor interaction has not been established.",Review full article for direct receptor evidence
73,4-phenyl-2-propionamidotetralin,MT2-related exploratory candidate,Chemical / small molecule,MT2 receptor,No,No,No,Yes,No,0.48708274960517883,Low,Unvalidated,E,,3,0.5,0.44760378724336625,PubMed,2024,38246330,,European journal of pharmacology,10.1016/j.ejphar.2024.176337,Melatonin ameliorates hepatic fibrosis via the melatonin receptor 2-mediated upregulation of BMAL1 and anti-oxidative enzymes.,https://pubmed.ncbi.nlm.nih.gov/38246330/,3976006,CCC(=O)NC1CC(C2=CC=CC=C2C1)C3=CC=CC=C3,1,4-phenyl-2-propionamidotetralin currently has an ML prediction but requires stronger receptor-specific literature validation.,Literature validation needed before experimental priority
74,4P-PDOT,MT2-related exploratory candidate,Chemical / small molecule,MT2 receptor,No,No,No,Yes,No,0.48708274960517883,Low,Unvalidated,E,,3,0.5,0.44760378724336625,PubMed + PMC,2024,38125360,PMC10731399,Experimental and therapeutic medicine,10.3892/etm.2023.12325,Melatonin exerts neuroprotective effects in mice with spinal cord injury by activating the Nrf2/Keap1 signaling pathway via the MT2 receptor.,https://pubmed.ncbi.nlm.nih.gov/38125360/,3976006,CCC(=O)NC1CC(C2=CC=CC=C2C1)C3=CC=CC=C3,1,4P-PDOT currently has an ML prediction but requires stronger receptor-specific literature validation.,Literature validation needed before experimental priority
75,sertindole,5-HT6 exploratory candidate,Chemical / small molecule,5-HT6 receptor,No,No,No,No,Yes,0.572147786617279,Low,Unvalidated,E,,3,0.25,0.4403960613012314,PubMed + PMC,2018,30361678,PMC6202417,Scientific reports,10.1038/s41598-018-33740-0,Antiproliferative activities of the second-generation antipsychotic drug sertindole against breast cancers with a potential application for treatment of breast-to-brain metastases.,https://pubmed.ncbi.nlm.nih.gov/30361678/,60149,C1CN(CCC1C2=CN(C3=C2C=C(C=C3)Cl)C4=CC=C(C=C4)F)CCN5CCNC5=O,1,sertindole currently has an ML prediction but requires stronger receptor-specific literature validation.,Literature validation needed before experimental priority
76,Fentanyl,MT2-related exploratory candidate,Chemical / small molecule,MT2 receptor,No,No,No,Yes,No,0.4669545292854309,Low,Unvalidated,E,,1,0.5,0.4305204440355301,PubMed,2022,36279602,,Virology,10.1016/j.virol.2022.10.004,Fentanyl enhances HIV infection in vitro.,https://pubmed.ncbi.nlm.nih.gov/36279602/,3345,CCC(=O)N(C1CCN(CC1)CCC2=CC=CC=C2)C3=CC=CC=C3,1,Fentanyl currently has an ML prediction but requires stronger receptor-specific literature validation.,Literature validation needed before experimental priority
77,TyG,MT2-related exploratory candidate,Chemical / small molecule,MT2 receptor,No,No,No,Yes,No,0.4464787542819977,Low,Unvalidated,E,,3,0.5,0.4212111902832985,PubMed + PMC,2024,38864120,PMC11167541,Beijing da xue xue bao. Yi xue ban = Journal of Peking University. Health sciences,10.19723/j.issn.1671-167X.2024.03.001,[A ssociations of short-term ambient particulate matter exposure and MTNR1B gene with triglyceride-glucose index: A family-based study].,https://pubmed.ncbi.nlm.nih.gov/38864120/,155818515,CC1=C2C(=CC=C1)C(=O)NC(=N2)CSC3=CC=NC=C3,1,TyG currently has an ML prediction but requires stronger receptor-specific literature validation.,Literature validation needed before experimental priority
78,tasimelteon,MT2-related exploratory candidate,Chemical / small molecule,MT2 receptor,No,No,No,Yes,No,0.43170544505119324,Low,Unvalidated,E,,7,0.5,0.41960853928327563,PubMed + PMC,2022; 2025; 2026,36632077; 41011705; 42334777,PMC12472680; PMC9810491,"Cellular oncology (Dordrecht, Netherlands); Molecules (Basel, Switzerland); Translational and clinical pharmacology",10.1007/s13402-026-01244-z; 10.12793/tcp.2022.30.e21; 10.3390/molecules30183814,"Tasimelteon inhibits glioma proliferation by inducing ferroptosis via the SP1/ACSL4 pathway. | The Efficacy of Melatonergic Receptor Agonists Used in Clinical Practice in Insomnia Treatment: Melatonin, Tasimelteon, Ramelteon, Agomelatine, and Selected Herbs. | Melatonin and melatonergic drugs in sleep disorders.",https://pubmed.ncbi.nlm.nih.gov/42334777/ | https://pubmed.ncbi.nlm.nih.gov/41011705/ | https://pubmed.ncbi.nlm.nih.gov/36632077/,10220503,CCC(=O)NCC1CC1C2=C3CCOC3=CC=C2,3,tasimelteon currently has an ML prediction but requires stronger receptor-specific literature validation.,Literature validation needed before experimental priority
79,2-Phenyl-1H-pyrrole-3-carboxamide,5-HT6 exploratory candidate,Chemical / small molecule,5-HT6 receptor,No,No,No,No,Yes,0.5277723670005798,Low,Direct receptor evidence,C,2-Phenyl-1H-pyrrole-3-carboxamide as a New Scaffold for Developing 5-HT6 Receptor Inverse Agonists with Cognition-Enhancing Activity.,7,0.25,0.4195520385503769,PubMed + PMC,2021,33705101,PMC8041276,ACS chemical neuroscience,10.1021/acschemneuro.1c00061,2-Phenyl-1H-pyrrole-3-carboxamide as a New Scaffold for Developing 5-HT6 Receptor Inverse Agonists with Cognition-Enhancing Activity.,https://pubmed.ncbi.nlm.nih.gov/33705101/,57029978,C1=CC=C(C=C1)C2=C(C=CN2)C(=O)N,1,2-Phenyl-1H-pyrrole-3-carboxamide has experimental receptor evidence involving 5-HT6 receptor and is being evaluated as a possible GPR62 candidate.,Review pharmacology and consider experimental testing
80,phenylsulfonylindole,5-HT6 exploratory candidate,Chemical / small molecule,5-HT6 receptor,No,No,No,No,Yes,0.5354917645454407,Low,Unvalidated,E,,3,0.25,0.41656964695453647,PubMed,2023,37003157,,Bioorganic & medicinal chemistry,10.1016/j.bmc.2023.117256,Novel thienocycloalkylpyridazinones as useful scaffolds for acetylcholinesterase inhibition and serotonin 5-HT6 receptor interaction.,https://pubmed.ncbi.nlm.nih.gov/37003157/,6422846,C1=CC=C(C=C1)S(=O)(=O)C2=CC3=CC=CC=C3N2,1,phenylsulfonylindole currently has an ML prediction but requires stronger receptor-specific literature validation.,Literature validation needed before experimental priority
81,Gabapentin,5-HT6 exploratory candidate,Chemical / small molecule,5-HT6 receptor,No,No,No,No,Yes,0.473403662443161,Low,Direct receptor evidence,C,5-HT6 receptor antagonist attenuates the memory deficits associated with neuropathic pain and improves the efficacy of gabapentinoids.,21,0.25,0.41221238058805465,PubMed,2015,26398388,,Pharmacological reports : PR,10.1016/j.pharep.2015.03.013,5-HT6 receptor antagonist attenuates the memory deficits associated with neuropathic pain and improves the efficacy of gabapentinoids.,https://pubmed.ncbi.nlm.nih.gov/26398388/,3446,C1CCC(CC1)(CC(=O)O)CN,1,Gabapentin has experimental receptor evidence involving 5-HT6 receptor and is being evaluated as a possible GPR62 candidate.,Review pharmacology and consider experimental testing
82,"1H-Pyrrolo[3,2-c]quinoline",5-HT6 exploratory candidate,Chemical / small molecule,5-HT6 receptor,No,No,No,No,Yes,0.5146197080612183,Low,Direct receptor evidence,C,"Novel 1H-Pyrrolo[3,2-c]quinoline Based 5-HT6 Receptor Antagonists with Potential Application for the Treatment of Cognitive Disorders Associated with Alzheimer's Disease.",7,0.25,0.4110028102397919,PubMed + PMC,2016; 2021,27100049; 33705101,PMC8041276,ACS chemical neuroscience,10.1021/acschemneuro.1c00061; 10.1021/acschemneuro.6b00090,"2-Phenyl-1H-pyrrole-3-carboxamide as a New Scaffold for Developing 5-HT6 Receptor Inverse Agonists with Cognition-Enhancing Activity. | Novel 1H-Pyrrolo[3,2-c]quinoline Based 5-HT6 Receptor Antagonists with Potential Application for the Treatment of Cognitive Disorders Associated with Alzheimer's Disease.",https://pubmed.ncbi.nlm.nih.gov/33705101/ | https://pubmed.ncbi.nlm.nih.gov/27100049/,21252340,C1=CC=C2C(=C1)C3=C(C=CN3)C=N2,2,"1H-Pyrrolo[3,2-c]quinoline has experimental receptor evidence involving 5-HT6 receptor and is being evaluated as a possible GPR62 candidate.",Review pharmacology and consider experimental testing
83,Risperidone,5-HT6 exploratory candidate,Chemical / small molecule,5-HT6 receptor,No,No,No,No,Yes,0.4690696895122528,Low,Indirect/context evidence,D,Effect of 5-HT6 Receptor Ligands Combined with Haloperidol or Risperidone on Antidepressant-/Anxiolytic-Like Behavior and BDNF Regulation in Hippocampus and Prefrontal Cortex of Rats.,21,0.25,0.40939529818296433,PubMed + PMC,2014; 2020; 2021; 2023,23954911; 31760336; 34211274; 37259305,PMC3889519; PMC8240864; PMC9967858,"Neuropsychiatric disease and treatment; Pharmaceuticals (Basel, Switzerland); Psychiatry research. Neuroimaging; Psychopharmacology",10.1007/s00213-013-3234-2; 10.1016/j.pscychresns.2019.111007; 10.2147/NDT.S309818; 10.3390/ph16020154,"Selective 5-HT6 Receptor Ligands (Agonist and Antagonist) Show Different Effects on Antipsychotic Drug-Induced Metabolic Dysfunctions in Rats. | Effect of 5-HT6 Receptor Ligands Combined with Haloperidol or Risperidone on Antidepressant-/Anxiolytic-Like Behavior and BDNF Regulation in Hippocampus and Prefrontal Cortex of Rats. | In vivo 5-HT6 and 5-HT2A receptor availability in antipsychotic treated schizophrenia patients vs. unmedicated healthy humans measured with [11C]GSK215083 PET. | Co-administration of 5-HT6 receptor antagonists with clozapine, risperidone, and a 5-HT2A receptor antagonist: effects on prepulse inhibition in rats.",https://pubmed.ncbi.nlm.nih.gov/37259305/ | https://pubmed.ncbi.nlm.nih.gov/34211274/ | https://pubmed.ncbi.nlm.nih.gov/31760336/ | https://pubmed.ncbi.nlm.nih.gov/23954911/,5073,CC1=C(C(=O)N2CCCCC2=N1)CCN3CCC(CC3)C4=NOC5=C4C=CC(=C5)F,4,"Risperidone appears in literature related to 5-HT6 receptor, but direct receptor interaction has not been established.",Review full article for direct receptor evidence
84,m6A,MT2-related exploratory candidate,Chemical / small molecule,MT2 receptor,No,No,No,Yes,No,0.4130800664424896,Low,Unvalidated,E,,1,0.5,0.3955020431876183,PubMed + PMC,2024,38725850,PMC11077364,International journal of biological sciences,10.7150/ijbs.95316,The Effect Mechanism of N6-adenosine Methylation (m6A) in Melatonin Regulated LPS-induced Colon Inflammation.,https://pubmed.ncbi.nlm.nih.gov/38725850/,102175,CNC1=C2C(=NC=N1)N(C=N2)C3C(C(C(O3)CO)O)O,1,m6A currently has an ML prediction but requires stronger receptor-specific literature validation.,Literature validation needed before experimental priority
85,Amitriptyline,5-HT6 exploratory candidate,Chemical / small molecule,5-HT6 receptor,No,No,No,No,Yes,0.5013073086738586,Low,Unvalidated,E,,3,0.25,0.39434975063800815,PubMed,2018,30292720,,Pharmacological reports : PR,10.1016/j.pharep.2018.05.009,"Chronic antidepressant-like effect of EMD386088, a partial 5-HT6 receptor agonist, in olfactory bulbectomy model may be connected with BDNF and/or CREB signalling pathway.",https://pubmed.ncbi.nlm.nih.gov/30292720/,2160,CN(C)CCC=C1C2=CC=CC=C2CCC3=CC=CC=C31,1,Amitriptyline currently has an ML prediction but requires stronger receptor-specific literature validation.,Literature validation needed before experimental priority
86,Cocaine,MT2-related exploratory candidate,Chemical / small molecule,5-HT6 receptor; MT2 receptor,No,No,No,Yes,Yes,0.373700886964798,Low,Indirect/context evidence,D,Striatal 5-HT6 Receptors Regulate Cocaine Reinforcement in a Pathway-Selective Manner.,9,0.5,0.3859055765271187,PubMed + PMC,2016; 2023,27032690; 36097970,PMC4946068,Neuropsychopharmacology : official publication of the American College of Neuropsychopharmacology; The world journal of biological psychiatry : the official journal of the World Federation of Societies of Biological Psychiatry,10.1038/npp.2016.45; 10.1080/15622975.2022.2123954,Agomelatine decreases cocaine-induced locomotor sensitisation and dopamine release in rats. | Striatal 5-HT6 Receptors Regulate Cocaine Reinforcement in a Pathway-Selective Manner.,https://pubmed.ncbi.nlm.nih.gov/36097970/ | https://pubmed.ncbi.nlm.nih.gov/27032690/,446220,CN1C2CCC1C(C(C2)OC(=O)C3=CC=CC=C3)C(=O)OC,2,"Cocaine appears in literature related to 5-HT6 receptor, MT2 receptor, but direct receptor interaction has not been established.",Review full article for direct receptor evidence
87,Nevirapine,5-HT6 exploratory candidate,Chemical / small molecule,5-HT6 receptor,No,No,No,No,Yes,0.4881773591041565,Low,Unvalidated,E,,1,0.25,0.3818152834177017,PubMed + PMC,2016,27157251,PMC4914440,Pharmacological research,10.1016/j.phrs.2016.04.028,Molecular mechanisms of serotonergic action of the HIV-1 antiretroviral efavirenz.,https://pubmed.ncbi.nlm.nih.gov/27157251/,4463,CC1=C2C(=NC=C1)N(C3=C(C=CC=N3)C(=O)N2)C4CC4,1,Nevirapine currently has an ML prediction but requires stronger receptor-specific literature validation.,Literature validation needed before experimental priority
88,N-benzylpiperazine,5-HT6 exploratory candidate,Chemical / small molecule,5-HT6 receptor,No,No,No,No,Yes,0.4597321152687073,Low,Unvalidated,E,,4,0.25,0.36932587492465974,PubMed,2023,37003157,,Bioorganic & medicinal chemistry,10.1016/j.bmc.2023.117256,Novel thienocycloalkylpyridazinones as useful scaffolds for acetylcholinesterase inhibition and serotonin 5-HT6 receptor interaction.,https://pubmed.ncbi.nlm.nih.gov/37003157/,75994,C1CN(CCN1)CC2=CC=CC=C2,1,N-benzylpiperazine currently has an ML prediction but requires stronger receptor-specific literature validation.,Literature validation needed before experimental priority
89,SB-258585,5-HT6 exploratory candidate,Chemical / small molecule,5-HT6 receptor,No,No,No,No,Yes,0.3041353225708008,Low,Direct receptor evidence,C,SB-258585 reduces food motivation while blocking 5-HT6 receptors in the non-human primate striatum.,95,0.25,0.36018795967102046,PubMed + PMC,2013; 2014; 2015; 2016; 2017; 2018; 2019; 2020; 2021; 2022; 2023; 2024; 2025,24880860; 25287308; 25331460; 25863121; 27068148; 27424103; 27581523; 27616337; 28628851; 28681593; 28694424; 28769801; 29491159; 29667108; 29778944; 30609433; 30735758; 31580911; 31586629; 32853642; 33439019; 34576341; 36671397; 37722878; 38354894; 38963532; 40757510,PMC5007490; PMC5504036; PMC5513908; PMC5547219; PMC5923087; PMC8467191; PMC9855333,Acta neuropsychiatrica; Behavioural brain research; Biological & pharmaceutical bulletin; Biomolecules; Brain research; Drug research; European journal of nuclear medicine and molecular imaging; European journal of pharmacology; Frontiers in pharmacology; International journal of molecular sciences; Journal of medicinal chemistry; Journal of neurochemistry; Journal of virology; Metabolic brain disease; Molecular neurobiology; Molecules and cells; Nature chemical biology; Neurochemistry international; Neuropharmacology; Pharmacological reports : PR; Progress in neuro-psychopharmacology & biological psychiatry; Scientific reports,10.1007/s00259-014-2936-y; 10.1007/s11011-018-0228-0; 10.1007/s12035-024-04314-1; 10.1016/j.bbr.2019.02.004; 10.1016/j.brainres.2016.09.009; 10.1016/j.brainres.2020.147072; 10.1016/j.ejphar.2016.04.010; 10.1016/j.ejphar.2019.172718; 10.1016/j.neuint.2019.104562; 10.1016/j.neuropharm.2015.03.031; 10.1016/j.neuropharm.2016.07.014; 10.1016/j.neuropharm.2018.05.016; 10.1016/j.pharep.2017.04.001; 10.1016/j.pnpbp.2024.110970; 10.1021/acs.jmedchem.0c02009; 10.1038/nchembio.1547; 10.1038/s41598-017-04144-3; 10.1038/srep30985; 10.1055/a-0817-5464; 10.1111/j.1601-5215.2012.00669.x; 10.1111/jnc.70179; 10.1128/JVI.01982-17; 10.1248/bpb.b23-00445; 10.14348/molcells.2017.0080; 10.3389/fphar.2017.00471; 10.3390/biom13010012; 10.3390/ijms221810178,"5-HT6 Receptor Inverse Agonists Modulate Diabetic Neuropathic Pain in Female Rats: Evidence for 5-HT6 Receptor Constitutive Activity. | Activation of 5-HT6 Receptors in the Ventrolateral Orbital Cortex Produces Anti-Anxiodepressive Effects in a Rat Model of Neuropathic Pain. | SB-258585 reduces food motivation while blocking 5-HT6 receptors in the non-human primate striatum. | Differential Contribution of 5-HT4, 5-HT5, and 5-HT6 Receptors to Acute Pruriceptive Processing Induced by Chloroquine and Histamine in Mice. | 1-(Arylsulfonyl-isoindol-2-yl)piperazines as 5-HT6R Antagonists: Mechanochemical Synthesis, In Vitro Pharmacological Properties and Glioprotective Activity. | Blockade of Serotonin 5-HT6 Receptor Constitutive Activity Alleviates Cognitive Deficits in a Preclinical Model of Neurofibromatosis Type 1. | Imidazopyridine-Based 5-HT6 Receptor Neutral Antagonists: Impact of N1-Benzyl and N1-Phenylsulfonyl Fragments on Different Receptor Conformational States. | Activation and blockade of 5-HT6 receptor in the medial septum-diagonal band recover working memory in the hemiparkinsonian rats. | 5-HT6 receptor antagonism reduces defecation in rat: A potential treatment strategy for irritable bowel syndrome with diarrhea. | The pronociceptive role of 5-HT6 receptors in ventrolateral orbital cortex in a rat formalin test model. | Serotonin type 6 receptor antagonist attenuates the impairment of long-term potentiation and memory induced by Abeta. | Spinal Serotonin and 5HT6 Receptor Levels During Development of Neuropathy and Influence of Blockade of these Receptors on Thermal Hyperalgesia in Diabetic Mice. | Activation and blockade of basolateral amygdala 5-HT6 receptor produce anxiolytic-like behaviors in an experimental model of Parkinson's disease. | 5-Hydroxytryptamine receptor 6 antagonist, SB258585 exerts neuroprotection in a rat model of Streptozotocin-induced Alzheimer's disease. | Identification of Piperazinylbenzenesulfonamides as New Inhibitors of Claudin-1 Trafficking and Hepatitis C Virus Entry. | Characterization and Reliability of [18F]2FNQ1P in Cynomolgus Monkeys as a PET Radiotracer for Serotonin 5-HT6 Receptors. | A tricyclic antidepressant, amoxapine, reduces amyloid-β generation through multiple serotonin receptor 6-mediated targets. | 5-Hydroxytryptamine 6 Receptor (5-HT6R)-Mediated Morphological Changes via RhoA-Dependent Pathways. | Spinal 5-HT4 and 5-HT6 receptors contribute to the maintenance of neuropathic pain in rats. | Activation and blockade of serotonin6 receptors in the dorsal hippocampus enhance T maze and hole-board performance in a unilateral 6-hydroxydopamine rat model of Parkinson's disease. | Peripheral serotonin-mediated system suppresses bone development and regeneration via serotonin 6 G-protein-coupled receptor. | Activation and blockade of prelimbic 5-HT6 receptors produce different effects on depressive-like behaviors in unilateral 6-hydroxydopamine-induced Parkinson's rats. | WAY208466 inhibits glutamate release at hippocampal nerve terminals. | Serotonin₆ receptors in the dorsal hippocampus regulate depressive-like behaviors in unilateral 6-hydroxydopamine-lesioned Parkinson's rats. | Preclinical evaluation of [18F]2FNQ1P as the first fluorinated serotonin 5-HT6 radioligand for PET imaging. | Cdk5 induces constitutive activation of 5-HT6 receptors to promote neurite growth. | 5-HT depletion, but not 5-HT1A antagonist, prevents the anxiolytic-like effect of citalopram in rat contextual conditioned fear stress model.",https://pubmed.ncbi.nlm.nih.gov/40757510/ | https://pubmed.ncbi.nlm.nih.gov/38963532/ | https://pubmed.ncbi.nlm.nih.gov/38354894/ | https://pubmed.ncbi.nlm.nih.gov/37722878/ | https://pubmed.ncbi.nlm.nih.gov/36671397/ | https://pubmed.ncbi.nlm.nih.gov/34576341/ | https://pubmed.ncbi.nlm.nih.gov/33439019/ | https://pubmed.ncbi.nlm.nih.gov/32853642/ | https://pubmed.ncbi.nlm.nih.gov/31586629/ | https://pubmed.ncbi.nlm.nih.gov/31580911/ | https://pubmed.ncbi.nlm.nih.gov/30735758/ | https://pubmed.ncbi.nlm.nih.gov/30609433/ | https://pubmed.ncbi.nlm.nih.gov/29778944/ | https://pubmed.ncbi.nlm.nih.gov/29667108/ | https://pubmed.ncbi.nlm.nih.gov/29491159/ | https://pubmed.ncbi.nlm.nih.gov/28769801/ | https://pubmed.ncbi.nlm.nih.gov/28694424/ | https://pubmed.ncbi.nlm.nih.gov/28681593/ | https://pubmed.ncbi.nlm.nih.gov/28628851/ | https://pubmed.ncbi.nlm.nih.gov/27616337/ | https://pubmed.ncbi.nlm.nih.gov/27581523/ | https://pubmed.ncbi.nlm.nih.gov/27424103/ | https://pubmed.ncbi.nlm.nih.gov/27068148/ | https://pubmed.ncbi.nlm.nih.gov/25863121/ | https://pubmed.ncbi.nlm.nih.gov/25331460/ | https://pubmed.ncbi.nlm.nih.gov/24880860/ | https://pubmed.ncbi.nlm.nih.gov/25287308/,3248571,CN1CCN(CC1)C2=C(C=CC(=C2)NS(=O)(=O)C3=CC=C(C=C3)I)OC,27,SB-258585 has experimental receptor evidence involving 5-HT6 receptor and is being evaluated as a possible GPR62 candidate.,Review pharmacology and consider experimental testing
90,Ketanserin,5-HT6 exploratory candidate,Chemical / small molecule,5-HT6 receptor,No,No,No,No,Yes,0.437661349773407,Low,Unvalidated,E,,3,0.25,0.3529798773527146,PubMed,2015,26383152,,"Journal of nuclear medicine : official publication, Society of Nuclear Medicine",10.2967/jnumed.115.162743,Human Kinetic Modeling of the 5HT6 PET Radioligand 11C-GSK215083 and Its Utility for Determining Occupancy at Both 5HT6 and 5HT2A Receptors by SB742457 as a Potential Therapeutic Mechanism of Action in Alzheimer Disease.,https://pubmed.ncbi.nlm.nih.gov/26383152/,3822,C1CN(CCC1C(=O)C2=CC=C(C=C2)F)CCN3C(=O)C4=CC=CC=C4NC3=O,1,Ketanserin currently has an ML prediction but requires stronger receptor-specific literature validation.,Literature validation needed before experimental priority
91,Benzenesulfonyl,5-HT6 exploratory candidate,Chemical / small molecule,5-HT6 receptor,No,No,No,No,Yes,0.43431273102760315,Low,Indirect/context evidence,D,Benzenesulfonyl and Benzenesulfonamide as Modulators of the 5-HT6 Receptor: Patent Highlight.,1,0.25,0.34680327516794207,PubMed + PMC,2012,24900400,PMC4025790,ACS medicinal chemistry letters,10.1021/ml300338u,Benzenesulfonyl and Benzenesulfonamide as Modulators of the 5-HT6 Receptor: Patent Highlight.,https://pubmed.ncbi.nlm.nih.gov/24900400/,3857574,C1=CC=C(C=C1)S(=O)[O-],1,"Benzenesulfonyl appears in literature related to 5-HT6 receptor, but direct receptor interaction has not been established.",Review full article for direct receptor evidence
92,Mirtazapine,5-HT6 exploratory candidate,Chemical / small molecule,5-HT6 receptor,No,No,No,No,Yes,0.4220776855945587,Low,Unvalidated,E,,4,0.25,0.3448504956364632,PubMed,2023,37722878,,Biological & pharmaceutical bulletin,10.1248/bpb.b23-00445,"Differential Contribution of 5-HT4, 5-HT5, and 5-HT6 Receptors to Acute Pruriceptive Processing Induced by Chloroquine and Histamine in Mice.",https://pubmed.ncbi.nlm.nih.gov/37722878/,4205,CN1CCN2C(C1)C3=CC=CC=C3CC4=C2N=CC=C4,1,Mirtazapine currently has an ML prediction but requires stronger receptor-specific literature validation.,Literature validation needed before experimental priority
93,SB-271046A,5-HT6 exploratory candidate,Chemical / small molecule,5-HT6 receptor,No,No,No,No,Yes,0.41106656193733215,Low,Unvalidated,E,,6,0.25,0.3416932652592659,PubMed,2019; 2024,31233821; 38408524,,Behavioural brain research,10.1016/j.bbr.2019.112055; 10.1016/j.bbr.2024.114922,"The 5-HT2A, 5-HT5A, and 5-HT6 serotonergic receptors in the medial prefrontal cortex behave differently in extinction learning: Does social support play a role? | The blockade of the serotoninergic receptors 5-HT5A, 5-HT6 and 5-HT7 in the basolateral amygdala, but not in the hippocampus facilitate the extinction of fear memory.",https://pubmed.ncbi.nlm.nih.gov/38408524/ | https://pubmed.ncbi.nlm.nih.gov/31233821/,6918455,CC1=C(SC2=C1C=C(C=C2)Cl)S(=O)(=O)NC3=CC(=C(C=C3)OC)N4CCNCC4.Cl,2,SB-271046A currently has an ML prediction but requires stronger receptor-specific literature validation.,Literature validation needed before experimental priority
94,Zidovudine,5-HT6 exploratory candidate,Chemical / small molecule,5-HT6 receptor,No,No,No,No,Yes,0.42012032866477966,Low,Unvalidated,E,,1,0.25,0.33757821363210677,PubMed + PMC,2016,27157251,PMC4914440,Pharmacological research,10.1016/j.phrs.2016.04.028,Molecular mechanisms of serotonergic action of the HIV-1 antiretroviral efavirenz.,https://pubmed.ncbi.nlm.nih.gov/27157251/,35370,CC1=CN(C(=O)NC1=O)C2CC(C(O2)CO)N=[N+]=[N-],1,Zidovudine currently has an ML prediction but requires stronger receptor-specific literature validation.,Literature validation needed before experimental priority
95,Cisplatin,MT2-related exploratory candidate,Chemical / small molecule,MT2 receptor,No,No,No,Yes,No,0.30550050735473633,Low,Direct receptor evidence,C,Activation of MT1/MT2 to Protect Testes and Leydig Cells against Cisplatin-Induced Oxidative Stress through the SIRT1/Nrf2 Signaling Pathway.,6,0.5,0.33557532978057864,PubMed + PMC,2022,35626727,PMC9139217,Cells,10.3390/cells11101690,Activation of MT1/MT2 to Protect Testes and Leydig Cells against Cisplatin-Induced Oxidative Stress through the SIRT1/Nrf2 Signaling Pathway.,https://pubmed.ncbi.nlm.nih.gov/35626727/,5702198,N.N.Cl[Pt]Cl,1,Cisplatin has experimental receptor evidence involving MT2 receptor and is being evaluated as a possible GPR62 candidate.,Review pharmacology and consider experimental testing
96,SAM-760,5-HT6 exploratory candidate,Chemical / small molecule,5-HT6 receptor,No,No,No,No,Yes,0.37913793325424194,Low,Unvalidated,E,,11,0.25,0.33093965661525726,PubMed,2023,36825693,,Biopharmaceutics & drug disposition,10.1002/bdd.2351,"Investigating CNS distribution of PF-05212377, a P-glycoprotein substrate, by translation of 5-HT6 receptor occupancy from non-human primates to humans.",https://pubmed.ncbi.nlm.nih.gov/36825693/,46203710,CC1=NC2=C(N1S(=O)(=O)C3=CC=CC=C3)C=CC=C2N4CCNCC4,1,SAM-760 currently has an ML prediction but requires stronger receptor-specific literature validation.,Literature validation needed before experimental priority
97,Homocysteine,MT2-related exploratory candidate,Chemical / small molecule,MT2 receptor,No,No,No,Yes,No,0.31294113397598267,Low,Unvalidated,E,,1,0.5,0.33041173708438876,PubMed + PMC,2023,36658621,PMC9854223,Clinical epigenetics,10.1186/s13148-023-01423-x,Hypomethylation in MTNR1B: a novel epigenetic marker for atherosclerosis profiling using stenosis radiophenotype and blood inflammatory cells.,https://pubmed.ncbi.nlm.nih.gov/36658621/,91552,C(CS)C(C(=O)O)N,1,Homocysteine currently has an ML prediction but requires stronger receptor-specific literature validation.,Literature validation needed before experimental priority
98,Milnacipran,5-HT6 exploratory candidate,Chemical / small molecule,5-HT6 receptor,No,No,No,No,Yes,0.39947760105133057,Low,Unvalidated,E,,4,0.25,0.33016044068336486,PubMed,2023,37722878,,Biological & pharmaceutical bulletin,10.1248/bpb.b23-00445,"Differential Contribution of 5-HT4, 5-HT5, and 5-HT6 Receptors to Acute Pruriceptive Processing Induced by Chloroquine and Histamine in Mice.",https://pubmed.ncbi.nlm.nih.gov/37722878/,65833,CCN(CC)C(=O)C1(CC1CN)C2=CC=CC=C2,1,Milnacipran currently has an ML prediction but requires stronger receptor-specific literature validation.,Literature validation needed before experimental priority
99,Progesterone,Close/related orphan GPCR candidate,Chemical / small molecule,GPR61; MT2 receptor,No,Yes,No,Yes,No,0.14186829328536987,Low,Unvalidated,E,,6,0.85,0.31671439063549045,PubMed,2017; 2023; 2024,28433506; 36592515; 37976799,,Animal reproduction science; Theriogenology,10.1016/j.anireprosci.2017.03.020; 10.1016/j.theriogenology.2022.12.036; 10.1016/j.theriogenology.2023.11.010,Heifers express G-protein coupled receptor 61 in anterior pituitary gonadotrophs in stage-dependent manner. | Melatonin promotes progesterone secretion in sheep luteal cells by regulating autophagy via the AMPK/mTOR pathway. | Effects of melatonin on development and hormone secretion of sheep theca cells in vitro.,https://pubmed.ncbi.nlm.nih.gov/28433506/ | https://pubmed.ncbi.nlm.nih.gov/37976799/ | https://pubmed.ncbi.nlm.nih.gov/36592515/,5994,CC(=O)C1CCC2C1(CCC3C2CCC4=CC(=O)CCC34C)C,3,Progesterone currently has an ML prediction but requires stronger receptor-specific literature validation.,Literature validation needed before experimental priority
100,amsonic acid,5-HT6 exploratory candidate,Chemical / small molecule,5-HT6 receptor,No,No,No,No,Yes,0.3753829598426819,Low,Unvalidated,E,,3,0.25,0.31249892389774325,PubMed + PMC,2016; 2017,27161524; 28196966,PMC4893163; PMC5322869,Medical science monitor : international medical journal of experimental and clinical research; Neuron,10.1016/j.neuron.2016.04.017; 10.12659/msm.899067,Effect of Selective 5-HT6R Agonist on Expression of 5-HT Receptor and Neurotransmitter in Vascular Dementia Rats. | DREADD Modulation of Transplanted DA Neurons Reveals a Novel Parkinsonian Dyskinesia Mechanism Mediated by the Serotonin 5-HT6 Receptor.,https://pubmed.ncbi.nlm.nih.gov/28196966/ | https://pubmed.ncbi.nlm.nih.gov/27161524/,6668,C1=CC(=C(C=C1N)S(=O)(=O)O)C=CC2=C(C=C(C=C2)N)S(=O)(=O)O,2,amsonic acid currently has an ML prediction but requires stronger receptor-specific literature validation.,Literature validation needed before experimental priority
101,Ethanolamine,Close/related orphan GPCR candidate,Chemical / small molecule,GPR61,No,Yes,No,No,No,0.11912622302770615,Low,Direct receptor evidence,B,Chemosynthetic ethanolamine plasmalogen stimulates gonadotropin secretion from bovine gonadotrophs by acting as a potential GPR61 agonist.,6,0.85,0.301932044968009,PubMed,2022,35580407,,Animal reproduction science,10.1016/j.anireprosci.2022.106992,Chemosynthetic ethanolamine plasmalogen stimulates gonadotropin secretion from bovine gonadotrophs by acting as a potential GPR61 agonist.,https://pubmed.ncbi.nlm.nih.gov/35580407/,700,C(CO)N,1,Ethanolamine has experimental receptor evidence involving GPR61 and is being evaluated as a possible GPR62 candidate.,Review pharmacology and consider experimental testing
102,Colforsin,Direct GPR62 literature,Chemical / small molecule,GPR61; GPR62; MT2 receptor,Yes,Yes,No,Yes,No,0.06674189865589142,Low,Unvalidated,E,,3,1.0,0.2993822341263294,PubMed + PMC,2015; 2019; 2024,26384023; 31352450; 38474167,PMC10931815; PMC4575141,International journal of molecular sciences; Pharmacology; PloS one,10.1159/000501926; 10.1371/journal.pone.0138463; 10.3390/ijms25052919,Constitutive Activity among Orphan Class-A G Protein Coupled Receptors. | Overexpression of Orphan Receptor GPR61 Increases cAMP Levels upon Forskolin Stimulation in HEK293 Cells: in vitro and in silico Validation of 5-(Nonyloxy)Tryptamine as a Low-Affinity Inverse Agonist. | Real-Time Determination of Intracellular cAMP Reveals Functional Coupling of Gs Protein to the Melatonin MT1 Receptor.,https://pubmed.ncbi.nlm.nih.gov/26384023/ | https://pubmed.ncbi.nlm.nih.gov/31352450/ | https://pubmed.ncbi.nlm.nih.gov/38474167/,47936,CC(=O)OC1C(C2C(CCC(C2(C3(C1(OC(CC3=O)(C)C=C)C)O)C)O)(C)C)O,3,Colforsin currently has an ML prediction but requires stronger receptor-specific literature validation.,Literature validation needed before experimental priority
103,Norepinephrine,Close/related orphan GPCR candidate,Chemical / small molecule,5-HT6 receptor; GPR135,No,No,Yes,No,Yes,0.1314825713634491,Low,Unvalidated,E,,11,0.75,0.2949636713862419,PubMed,2014; 2018; 2020; 2023,24503482; 29778944; 29848076; 32853642; 37270968,,Brain research; Expert opinion on investigational drugs; Molecular phylogenetics and evolution; Neuropharmacology; Phytomedicine : international journal of phytotherapy and phytopharmacology,10.1016/j.brainres.2020.147072; 10.1016/j.neuropharm.2018.05.016; 10.1016/j.phymed.2023.154871; 10.1016/j.ympev.2014.01.022; 10.1080/13543784.2018.1483334,Sequence-structure based phylogeny of GPCR Class A Rhodopsin receptors. | Antidepressant effects of p-coumaric acid isolated from Vaccinium bracteatum leaves extract on chronic restraint stress mouse model and antagonism of serotonin 6 receptor in vitro. | Activation and blockade of 5-HT6 receptor in the medial septum-diagonal band recover working memory in the hemiparkinsonian rats. | The role of 5 HT6-receptor antagonists in Alzheimer's disease: an update. | Activation and blockade of basolateral amygdala 5-HT6 receptor produce anxiolytic-like behaviors in an experimental model of Parkinson's disease.,https://pubmed.ncbi.nlm.nih.gov/24503482/ | https://pubmed.ncbi.nlm.nih.gov/37270968/ | https://pubmed.ncbi.nlm.nih.gov/32853642/ | https://pubmed.ncbi.nlm.nih.gov/29848076/ | https://pubmed.ncbi.nlm.nih.gov/29778944/,439260,C1=CC(=C(C=C1C(CN)O)O)O,5,Norepinephrine currently has an ML prediction but requires stronger receptor-specific literature validation.,Literature validation needed before experimental priority
104,Thulium,MT2-related exploratory candidate,Chemical / small molecule,MT2 receptor,No,No,No,Yes,No,0.2463664561510086,Low,Unvalidated,E,,1,0.5,0.28713819649815564,PubMed,2022,35988518,,Bioorganic chemistry,10.1016/j.bioorg.2022.106100,Novel melatonin-trientine conjugate as potential therapeutic agents for Alzheimer's disease.,https://pubmed.ncbi.nlm.nih.gov/35988518/,23961,[Tm],1,Thulium currently has an ML prediction but requires stronger receptor-specific literature validation.,Literature validation needed before experimental priority
105,Dizocilpine Maleate,MT2-related exploratory candidate,Chemical / small molecule,5-HT6 receptor; MT2 receptor,No,No,No,Yes,Yes,0.17765319347381592,Low,Unvalidated,E,,23,0.5,0.28647457575798035,PubMed + PMC,2014; 2017; 2019; 2026,23954911; 27373846; 31412259; 41571206,PMC3889519,Biochemical pharmacology; Brain research; Pharmacological research; Psychopharmacology,10.1007/s00213-013-3234-2; 10.1016/j.bcp.2026.117725; 10.1016/j.brainres.2019.146375; 10.1016/j.phrs.2016.06.009,"Neurophysiological and neuropharmacological effects of melatonin MT2 receptors activation in MK-801-induced schizophrenia-like dysfunctions. | 5-HT6 receptor agonist and antagonist improve memory impairments and hippocampal BDNF signaling alterations induced by MK-801. | Time-dependent impact of glutamatergic modulators on the promnesiant effect of 5-HT6R blockade on mice recognition memory. | Co-administration of 5-HT6 receptor antagonists with clozapine, risperidone, and a 5-HT2A receptor antagonist: effects on prepulse inhibition in rats.",https://pubmed.ncbi.nlm.nih.gov/41571206/ | https://pubmed.ncbi.nlm.nih.gov/31412259/ | https://pubmed.ncbi.nlm.nih.gov/27373846/ | https://pubmed.ncbi.nlm.nih.gov/23954911/,6420042,CC12C3=CC=CC=C3CC(N1)C4=CC=CC=C24.C(=CC(=O)O)C(=O)O,4,Dizocilpine Maleate currently has an ML prediction but requires stronger receptor-specific literature validation.,Literature validation needed before experimental priority
106,2-iodomelatonin,MT2-related exploratory candidate,Chemical / small molecule,MT2 receptor,No,No,No,Yes,No,0.20315669476985931,Low,Unvalidated,E,,13,0.5,0.2830518516004086,PubMed + PMC,2022; 2024,34932329; 35075127; 38606814,PMC8757440; PMC8786939,Journal of chemical information and modeling; Journal of pineal research; Nature communications,10.1021/acs.jcim.1c01183; 10.1038/s41467-022-28111-3; 10.1111/jpi.12941,Binding and unbinding of potent melatonin receptor ligands: Mechanistic simulations and experimental evidence. | Structural basis of the ligand binding and signaling mechanism of melatonin receptors. | Free-Energy Simulations Support a Lipophilic Binding Route for Melatonin Receptors.,https://pubmed.ncbi.nlm.nih.gov/38606814/ | https://pubmed.ncbi.nlm.nih.gov/35075127/ | https://pubmed.ncbi.nlm.nih.gov/34932329/,115348,CC(=O)NCCC1=C(NC2=C1C=C(C=C2)OC)I,3,2-iodomelatonin currently has an ML prediction but requires stronger receptor-specific literature validation.,Literature validation needed before experimental priority
107,Olanzapine,5-HT6 exploratory candidate,Chemical / small molecule,5-HT6 receptor,No,No,No,No,Yes,0.2826659381389618,Low,Unvalidated,E,,17,0.25,0.2802328597903252,PubMed + PMC,2013; 2015; 2020; 2023,24135200; 25863120; 26027065; 31760336; 37259305,PMC9967858,"European journal of pharmacology; Neuropharmacology; Nihon shinkei seishin yakurigaku zasshi = Japanese journal of psychopharmacology; Pharmaceuticals (Basel, Switzerland); Psychiatry research. Neuroimaging",10.1016/j.ejphar.2013.10.005; 10.1016/j.neuropharm.2015.03.032; 10.1016/j.pscychresns.2019.111007; 10.3390/ph16020154,Selective 5-HT6 Receptor Ligands (Agonist and Antagonist) Show Different Effects on Antipsychotic Drug-Induced Metabolic Dysfunctions in Rats. | In vivo 5-HT6 and 5-HT2A receptor availability in antipsychotic treated schizophrenia patients vs. unmedicated healthy humans measured with [11C]GSK215083 PET. | [Utility of organotypic raphe slice cultures to investigate the effects of psychotropic drugs on the function of serotoninergic neurons]. | Olanzapine augments the effect of selective serotonin reuptake inhibitors by suppressing GABAergic inhibition via antagonism of 5-HT₆ receptors in the dorsal raphe nucleus. | Effect of olanzapine on scopolamine induced deficits in differential reinforcement of low rate 72s (DRL-72s) schedule in rats: involvement of the serotonergic receptors in restoring the deficits.,https://pubmed.ncbi.nlm.nih.gov/37259305/ | https://pubmed.ncbi.nlm.nih.gov/31760336/ | https://pubmed.ncbi.nlm.nih.gov/26027065/ | https://pubmed.ncbi.nlm.nih.gov/25863120/ | https://pubmed.ncbi.nlm.nih.gov/24135200/,135398745,CC1=CC2=C(S1)NC3=CC=CC=C3N=C2N4CCN(CC4)C,5,Olanzapine currently has an ML prediction but requires stronger receptor-specific literature validation.,Literature validation needed before experimental priority
108,dl-p-chlorophenylalanine,5-HT6 exploratory candidate,Chemical / small molecule,5-HT6 receptor,No,No,No,No,Yes,0.32338035106658936,Low,Unvalidated,E,,3,0.25,0.27869722819328313,PubMed,2013,25287308,,Acta neuropsychiatrica,10.1111/j.1601-5215.2012.00669.x,"5-HT depletion, but not 5-HT1A antagonist, prevents the anxiolytic-like effect of citalopram in rat contextual conditioned fear stress model.",https://pubmed.ncbi.nlm.nih.gov/25287308/,4652,C1=CC(=CC=C1CC(C(=O)O)N)Cl,1,dl-p-chlorophenylalanine currently has an ML prediction but requires stronger receptor-specific literature validation.,Literature validation needed before experimental priority
109,phenothiazine,5-HT6 exploratory candidate,Chemical / small molecule,5-HT6 receptor,No,No,No,No,Yes,0.31162142753601074,Low,Direct receptor evidence,C,"In-silico Design, ADMET Screening, Prime MM-GBSA Binding Free Energy Calculation and MD Simulation of Some Novel Phenothiazines as 5HT6R Antagonists Targeting Alzheimer's Disease.",6,0.25,0.277053927898407,PubMed,2025,38204222,,Current computer-aided drug design,10.2174/0115734099282836231212064925,"In-silico Design, ADMET Screening, Prime MM-GBSA Binding Free Energy Calculation and MD Simulation of Some Novel Phenothiazines as 5HT6R Antagonists Targeting Alzheimer's Disease.",https://pubmed.ncbi.nlm.nih.gov/38204222/,7108,C1=CC=C2C(=C1)NC3=CC=CC=C3S2,1,phenothiazine has experimental receptor evidence involving 5-HT6 receptor and is being evaluated as a possible GPR62 candidate.,Review pharmacology and consider experimental testing
110,Boron,MT2-related exploratory candidate,Chemical / small molecule,MT2 receptor,No,No,No,Yes,No,0.2298387885093689,Low,Unvalidated,E,,1,0.5,0.2763952125310898,PubMed + PMC,2022,35328650,PMC8952423,International journal of molecular sciences,10.3390/ijms23063229,"Synthesis, In Silico, and Biological Evaluation of a Borinic Tryptophan-Derivative That Induces Melatonin-like Amelioration of Cognitive Deficit in Male Rat.",https://pubmed.ncbi.nlm.nih.gov/35328650/,5462311,[B],1,Boron currently has an ML prediction but requires stronger receptor-specific literature validation.,Literature validation needed before experimental priority
111,Epinephrine,Close/related orphan GPCR candidate,Chemical / small molecule,GPR135,No,No,Yes,No,No,0.12740598618984222,Low,Unvalidated,E,,3,0.75,0.27631389102339743,PubMed,2014,24503482,,Molecular phylogenetics and evolution,10.1016/j.ympev.2014.01.022,Sequence-structure based phylogeny of GPCR Class A Rhodopsin receptors.,https://pubmed.ncbi.nlm.nih.gov/24503482/,5816,CNCC(C1=CC(=C(C=C1)O)O)O,1,Epinephrine currently has an ML prediction but requires stronger receptor-specific literature validation.,Literature validation needed before experimental priority
112,AVN-492,5-HT6 exploratory candidate,Chemical / small molecule,5-HT6 receptor,No,No,No,No,Yes,0.284511923789978,Low,Direct receptor evidence,C,"AVN-492, A Novel Highly Selective 5-HT6R Antagonist: Preclinical Evaluation.",12,0.25,0.27143275046348575,PubMed,2017,28550249,,Journal of Alzheimer's disease : JAD,10.3233/JAD-161262,"AVN-492, A Novel Highly Selective 5-HT6R Antagonist: Preclinical Evaluation.",https://pubmed.ncbi.nlm.nih.gov/28550249/,56655571,CC1=C(C(=NC2=C(C(=NN12)NC)S(=O)(=O)C3=CC=CC=C3)C)N(C)C,1,AVN-492 has experimental receptor evidence involving 5-HT6 receptor and is being evaluated as a possible GPR62 candidate.,Review pharmacology and consider experimental testing
113,Bicuculline,5-HT6 exploratory candidate,Chemical / small molecule,5-HT6 receptor,No,No,No,No,Yes,0.305184543132782,Low,Unvalidated,E,,3,0.25,0.26686995303630834,PubMed,2015,25863120,,Neuropharmacology,10.1016/j.neuropharm.2015.03.032,Olanzapine augments the effect of selective serotonin reuptake inhibitors by suppressing GABAergic inhibition via antagonism of 5-HT₆ receptors in the dorsal raphe nucleus.,https://pubmed.ncbi.nlm.nih.gov/25863120/,10237,CN1CCC2=CC3=C(C=C2C1C4C5=C(C6=C(C=C5)OCO6)C(=O)O4)OCO3,1,Bicuculline currently has an ML prediction but requires stronger receptor-specific literature validation.,Literature validation needed before experimental priority
114,benzofuran,MT2-related exploratory candidate,Chemical / small molecule,MT2 receptor,No,No,No,Yes,No,0.20484234392642975,Low,Unvalidated,E,,3,0.5,0.26414752355217935,PubMed + PMC,2022,36325395,PMC9579922,RSC medicinal chemistry,10.1039/d2md00156j,Synthesis and biological evaluation of paeoveitol D derivatives as new melatonin receptor agonists with antidepressant activities.,https://pubmed.ncbi.nlm.nih.gov/36325395/,9223,C1=CC=C2C(=C1)C=CO2,1,benzofuran currently has an ML prediction but requires stronger receptor-specific literature validation.,Literature validation needed before experimental priority
115,2-[125I]iodomelatonin,MT2-related exploratory candidate,Chemical / small molecule,MT2 receptor,No,No,No,Yes,No,0.20315669476985931,Low,Unvalidated,E,,3,0.5,0.26305185160040856,PubMed,2024,38606814,,Journal of pineal research,10.1111/jpi.12941,Binding and unbinding of potent melatonin receptor ligands: Mechanistic simulations and experimental evidence.,https://pubmed.ncbi.nlm.nih.gov/38606814/,644212,CC(=O)NCCC1=C(NC2=C1C=C(C=C2)OC)I,1,2-[125I]iodomelatonin currently has an ML prediction but requires stronger receptor-specific literature validation.,Literature validation needed before experimental priority
116,Zinc Oxide,MT2-related exploratory candidate,Chemical / small molecule,MT2 receptor,No,No,No,Yes,No,0.19647784531116486,Low,Unvalidated,E,,2,0.5,0.25671059945225716,PubMed,2025,40945137,,Journal of trace elements in medicine and biology : organ of the Society for Minerals and Trace Elements (GMS),10.1016/j.jtemb.2025.127746,Metallothionein 2A alleviates ulcerative colitis by inhibiting ferroptosis in intestinal epithelial cells with Tfrc downregulation.,https://pubmed.ncbi.nlm.nih.gov/40945137/,3007857,[O-2].[Zn+2],1,Zinc Oxide currently has an ML prediction but requires stronger receptor-specific literature validation.,Literature validation needed before experimental priority
117,Niacinamide,MT2-related exploratory candidate,Chemical / small molecule,MT2 receptor,No,No,No,Yes,No,0.1927245706319809,Low,Unvalidated,E,,3,0.5,0.2562709709107876,PubMed + PMC,2022,35455066,PMC9029934,"Life (Basel, Switzerland)",10.3390/life12040574,Anti-Inflammatory Effects of Melatonin in Rats with Induced Type 2 Diabetes Mellitus.,https://pubmed.ncbi.nlm.nih.gov/35455066/,936,C1=CC(=CN=C1)C(=O)N,1,Niacinamide currently has an ML prediction but requires stronger receptor-specific literature validation.,Literature validation needed before experimental priority
118,N-(2-(4-(2-methoxyphenyl)-1-piperazinyl)ethyl)-N-(2-pyridinyl)cyclohexanecarboxamide,5-HT6 exploratory candidate,Chemical / small molecule,5-HT6 receptor,No,No,No,No,Yes,0.271332710981369,Low,Unvalidated,E,,6,0.25,0.2508662621378899,PubMed,2013; 2015,25287308; 25932719,,Acta neuropsychiatrica; Behavioural pharmacology,10.1097/FBP.0000000000000140; 10.1111/j.1601-5215.2012.00669.x,"Pharmacological profile of encounter-induced hyperactivity in isolation-reared mice. | 5-HT depletion, but not 5-HT1A antagonist, prevents the anxiolytic-like effect of citalopram in rat contextual conditioned fear stress model.",https://pubmed.ncbi.nlm.nih.gov/25932719/ | https://pubmed.ncbi.nlm.nih.gov/25287308/,5684,COC1=CC=CC=C1N2CCN(CC2)CCN(C3=CC=CC=N3)C(=O)C4CCCCC4,2,N-(2-(4-(2-methoxyphenyl)-1-piperazinyl)ethyl)-N-(2-pyridinyl)cyclohexanecarboxamide currently has an ML prediction but requires stronger receptor-specific literature validation.,Literature validation needed before experimental priority
119,benzothiazolone,5-HT6 exploratory candidate,Chemical / small molecule,5-HT6 receptor,No,No,No,No,Yes,0.2659669816493988,Low,Direct receptor evidence,C,6-Sulfonylbenzothiazolones as potential scaffolds for the design of 5-HT6 ligands.,6,0.25,0.24737853807210924,PubMed,2015,25637882,,European journal of medicinal chemistry,10.1016/j.ejmech.2015.01.052,6-Sulfonylbenzothiazolones as potential scaffolds for the design of 5-HT6 ligands.,https://pubmed.ncbi.nlm.nih.gov/25637882/,13625,C1=CC=C2C(=C1)NC(=O)S2,1,benzothiazolone has experimental receptor evidence involving 5-HT6 receptor and is being evaluated as a possible GPR62 candidate.,Review pharmacology and consider experimental testing
120,Metformin,MT2-related exploratory candidate,Chemical / small molecule,MT2 receptor,No,No,No,Yes,No,0.1762213259935379,Low,Unvalidated,E,,3,0.5,0.24554386189579963,PubMed + PMC,2025,40871079,PMC12389105,Pharmaceutics,10.3390/pharmaceutics17081057,Preclinical Assessment of a Metformin-Melatonin Combination: Antinociceptive Synergism.,https://pubmed.ncbi.nlm.nih.gov/40871079/,4091,CN(C)C(=N)N=C(N)N,1,Metformin currently has an ML prediction but requires stronger receptor-specific literature validation.,Literature validation needed before experimental priority
121,Strontium,MT2-related exploratory candidate,Chemical / small molecule,MT2 receptor,No,No,No,Yes,No,0.17730380594730377,Low,Unvalidated,E,,1,0.5,0.24224747386574746,PubMed,2023,37334912,,Food & function,10.1039/d3fo01452e,Modulatory effect of n-3 polyunsaturated fatty acids on depressive-like behaviors in rats with chronic sleep deprivation: potential involvement of melatonin receptor pathway and brain lipidome.,https://pubmed.ncbi.nlm.nih.gov/37334912/,5359327,[Sr],1,Strontium currently has an ML prediction but requires stronger receptor-specific literature validation.,Literature validation needed before experimental priority
122,dopamine,MT2-related exploratory candidate,Chemical / small molecule,5-HT6 receptor; MT2 receptor,No,No,No,Yes,Yes,0.06756026297807693,Low,Direct receptor evidence,C,Metabolic and Cardiovascular Benefits and Risks of EMD386088-A 5-HT6 Receptor Partial Agonist and Dopamine Transporter Inhibitor.,34,0.5,0.23691417093575,PubMed + PMC,2015; 2016; 2017; 2018; 2020; 2023; 2025,25735994; 25934037; 27032690; 27035065; 27424103; 27616337; 28228713; 29778944; 29848076; 31468338; 32279445; 32853642; 37270968; 40023605; 41158173,PMC12554533; PMC4457577; PMC4946068; PMC5296348; PMC7035192; PMC7442682,"Behavioural pharmacology; Brain research; Chemical biology & drug design; Expert opinion on investigational drugs; Frontiers in neuroscience; International journal of ophthalmology; Journal of psychopharmacology (Oxford, England); Molecular neurobiology; Neuropharmacology; Neuropsychopharmacology : official publication of the American College of Neuropsychopharmacology; Neuroscience; Phytomedicine : international journal of phytotherapy and phytopharmacology; The Journal of pharmacology and experimental therapeutics",10.1007/s12035-019-01739-x; 10.1016/j.brainres.2016.09.009; 10.1016/j.brainres.2020.147072; 10.1016/j.jpet.2024.100055; 10.1016/j.neuropharm.2016.07.014; 10.1016/j.neuropharm.2018.05.016; 10.1016/j.neuroscience.2015.04.046; 10.1016/j.phymed.2023.154871; 10.1038/npp.2016.45; 10.1080/13543784.2018.1483334; 10.1097/FBP.0000000000000235; 10.1111/cbdd.13691; 10.1177/0269881115573804; 10.18240/ijo.2025.11.04; 10.3389/fnins.2017.00050,"Different color lights on refractive status and secretion of neurotransmitters in the guinea pig model of myopia. | Simultaneous 5-HT1BR agonist/5-HT6R antagonist action as a potential treatment of Parkinson's disease and its comorbidities. | Antidepressant effects of p-coumaric acid isolated from Vaccinium bracteatum leaves extract on chronic restraint stress mouse model and antagonism of serotonin 6 receptor in vitro. | Activation and blockade of 5-HT6 receptor in the medial septum-diagonal band recover working memory in the hemiparkinsonian rats. | Synthesis, pharmacological evaluations, and molecular docking studies on a new 1,3,4,11b-tetrahydro-1H-fluoreno[9,1-cd]azepine framework: Rigidification of D1 receptor selective 1-phenylbenzazepines and discovery of a new 5-HT6 receptor scaffold. | Selective Regulation of 5-HT1B Serotonin Receptor Expression in the Striatum by Dopamine Depletion and Repeated L-DOPA Treatment: Relationship to L-DOPA-Induced Dyskinesias. | The role of 5 HT6-receptor antagonists in Alzheimer's disease: an update. | Activation and blockade of basolateral amygdala 5-HT6 receptor produce anxiolytic-like behaviors in an experimental model of Parkinson's disease. | Metabolic and Cardiovascular Benefits and Risks of EMD386088-A 5-HT6 Receptor Partial Agonist and Dopamine Transporter Inhibitor. | Activation and blockade of serotonin6 receptors in the dorsal hippocampus enhance T maze and hole-board performance in a unilateral 6-hydroxydopamine rat model of Parkinson's disease. | Activation and blockade of prelimbic 5-HT6 receptors produce different effects on depressive-like behaviors in unilateral 6-hydroxydopamine-induced Parkinson's rats. | Effect of ketamine administration, alone and in combination with E-6837, on climbing behavior. | Striatal 5-HT6 Receptors Regulate Cocaine Reinforcement in a Pathway-Selective Manner. | Deconstructing 5-HT6 receptor effects on striatal circuit function. | Effects of ST1936, a selective serotonin-6 agonist, on electrical activity of putative mesencephalic dopaminergic neurons in the rat brain.",https://pubmed.ncbi.nlm.nih.gov/41158173/ | https://pubmed.ncbi.nlm.nih.gov/40023605/ | https://pubmed.ncbi.nlm.nih.gov/37270968/ | https://pubmed.ncbi.nlm.nih.gov/32853642/ | https://pubmed.ncbi.nlm.nih.gov/32279445/ | https://pubmed.ncbi.nlm.nih.gov/31468338/ | https://pubmed.ncbi.nlm.nih.gov/29848076/ | https://pubmed.ncbi.nlm.nih.gov/29778944/ | https://pubmed.ncbi.nlm.nih.gov/28228713/ | https://pubmed.ncbi.nlm.nih.gov/27616337/ | https://pubmed.ncbi.nlm.nih.gov/27424103/ | https://pubmed.ncbi.nlm.nih.gov/27035065/ | https://pubmed.ncbi.nlm.nih.gov/27032690/ | https://pubmed.ncbi.nlm.nih.gov/25934037/ | https://pubmed.ncbi.nlm.nih.gov/25735994/,681,C1=CC(=C(C=C1CCN)O)O,15,"dopamine has experimental receptor evidence involving 5-HT6 receptor, MT2 receptor and is being evaluated as a possible GPR62 candidate.",Review pharmacology and consider experimental testing
123,Streptozocin,MT2-related exploratory candidate,Chemical / small molecule,5-HT6 receptor; MT2 receptor,No,No,No,Yes,Yes,0.13757288455963135,Low,Unvalidated,E,,11,0.5,0.23642237496376037,PubMed + PMC,2018; 2022; 2023; 2025,29502275; 35455066; 36830733; 40757510,PMC9029934; PMC9953062,"Biomolecules; Journal of neurochemistry; Life (Basel, Switzerland); Psychopharmacology",10.1007/s00213-018-4866-z; 10.1111/jnc.70179; 10.3390/biom13020364; 10.3390/life12040574,Anti-Inflammatory Effects of Melatonin in Rats with Induced Type 2 Diabetes Mellitus. | 5-HT6 Receptor Inverse Agonists Modulate Diabetic Neuropathic Pain in Female Rats: Evidence for 5-HT6 Receptor Constitutive Activity. | The Constitutive Activity of Spinal 5-HT6 Receptors Contributes to Diabetic Neuropathic Pain in Rats. | 5-HT6 receptor agonist and antagonist modulates ICV-STZ-induced memory impairment in rats.,https://pubmed.ncbi.nlm.nih.gov/35455066/ | https://pubmed.ncbi.nlm.nih.gov/40757510/ | https://pubmed.ncbi.nlm.nih.gov/36830733/ | https://pubmed.ncbi.nlm.nih.gov/29502275/,29327,CN(C(=O)NC1C(C(C(OC1O)CO)O)O)N=O,4,Streptozocin currently has an ML prediction but requires stronger receptor-specific literature validation.,Literature validation needed before experimental priority
124,indole,5-HT6 exploratory candidate,Chemical / small molecule,5-HT6 receptor,No,No,No,No,Yes,0.18069739639759064,Low,Direct receptor evidence,C,"Design and synthesis of novel series of 5-HT6 receptor ligands having indole, a central aromatic core and 1-amino-4 methyl piperazine as a positive ionizable group.",28,0.25,0.23595330765843392,PubMed + PMC,2013; 2019; 2020; 2021; 2025,23542166; 23810425; 31336820; 31817628; 32693296; 33705101; 40069248,PMC11897353; PMC6678253; PMC6943527; PMC8041276,"ACS chemical neuroscience; Bioorganic & medicinal chemistry; European journal of medicinal chemistry; International journal of molecular sciences; Molecules (Basel, Switzerland); Scientific reports",10.1016/j.bmc.2013.05.051; 10.1016/j.ejmech.2013.03.006; 10.1016/j.ejmech.2020.112529; 10.1021/acschemneuro.1c00061; 10.1038/s41598-025-92755-6; 10.3390/ijms20143420; 10.3390/molecules24244472,"Novel 5-HT6R modulators as mTOR-dependent neuronal autophagy inductors. | 2-Phenyl-1H-pyrrole-3-carboxamide as a New Scaffold for Developing 5-HT6 Receptor Inverse Agonists with Cognition-Enhancing Activity. | Chlorine substituents and linker topology as factors of 5-HT6R activity for novel highly active 1,3,5-triazine derivatives with procognitive properties in vivo. | Are the Hydantoin-1,3,5-triazine 5-HT6R Ligands a Hope to a Find New Procognitive and Anti-Obesity Drug? Considerations Based on Primary In Vivo Assays and ADME-Tox Profile In Vitro. | The 1,3,5-Triazine Derivatives as Innovative Chemical Family of 5-HT6 Serotonin Receptor Agents with Therapeutic Perspectives for Cognitive Impairment. | Design and synthesis of novel series of 5-HT6 receptor ligands having indole, a central aromatic core and 1-amino-4 methyl piperazine as a positive ionizable group. | Structure-activity relationship of 5-chloro-2-methyl-3-(1,2,3,6-tetrahydropyridin-4-yl)-1H-indole analogues as 5-HT(6) receptor agonists.",https://pubmed.ncbi.nlm.nih.gov/40069248/ | https://pubmed.ncbi.nlm.nih.gov/33705101/ | https://pubmed.ncbi.nlm.nih.gov/32693296/ | https://pubmed.ncbi.nlm.nih.gov/31817628/ | https://pubmed.ncbi.nlm.nih.gov/31336820/ | https://pubmed.ncbi.nlm.nih.gov/23810425/ | https://pubmed.ncbi.nlm.nih.gov/23542166/,798,C1=CC=C2C(=C1)C=CN2,7,indole has experimental receptor evidence involving 5-HT6 receptor and is being evaluated as a possible GPR62 candidate.,Review pharmacology and consider experimental testing
125,1-naphthaleneacetic acid,MT2-related exploratory candidate,Chemical / small molecule,MT2 receptor,No,No,No,Yes,No,0.16315309703350067,Low,Unvalidated,E,,1,0.5,0.23304951307177546,PubMed + PMC,2023,37324427,PMC10264656,Frontiers in bioengineering and biotechnology,10.3389/fbioe.2023.1188119,Conditional protein degradation in Yarrowia lipolytica using the auxin-inducible degron.,https://pubmed.ncbi.nlm.nih.gov/37324427/,6862,C1=CC=C2C(=C1)C=CC=C2CC(=O)O,1,1-naphthaleneacetic acid currently has an ML prediction but requires stronger receptor-specific literature validation.,Literature validation needed before experimental priority
126,benzenesulfonamide,5-HT6 exploratory candidate,Chemical / small molecule,5-HT6 receptor,No,No,No,No,Yes,0.254574179649353,Low,Indirect/context evidence,D,Benzenesulfonyl and Benzenesulfonamide as Modulators of the 5-HT6 Receptor: Patent Highlight.,1,0.25,0.22997321677207946,PubMed + PMC,2012,24900400,PMC4025790,ACS medicinal chemistry letters,10.1021/ml300338u,Benzenesulfonyl and Benzenesulfonamide as Modulators of the 5-HT6 Receptor: Patent Highlight.,https://pubmed.ncbi.nlm.nih.gov/24900400/,7370,C1=CC=C(C=C1)S(=O)(=O)N,1,"benzenesulfonamide appears in literature related to 5-HT6 receptor, but direct receptor interaction has not been established.",Review full article for direct receptor evidence
127,Zn2+,MT2-related exploratory candidate,Chemical / small molecule,MT2 receptor,No,No,No,Yes,No,0.15823692083358765,Low,Unvalidated,E,,1,0.5,0.22985399854183197,PubMed + PMC,2024,38593708,PMC11913417,Biomedicine & pharmacotherapy = Biomedecine & pharmacotherapie,10.1016/j.biopha.2024.116555,Intestinal inflammation marker calprotectin regulates epithelial intestinal zinc metabolism and proliferation in mouse jejunal organoids.,https://pubmed.ncbi.nlm.nih.gov/38593708/,32051,[Zn+2],1,Zn2+ currently has an ML prediction but requires stronger receptor-specific literature validation.,Literature validation needed before experimental priority
128,BGC,5-HT6 exploratory candidate,Chemical / small molecule,5-HT6 receptor,No,No,No,No,Yes,0.2442263513803482,Low,Unvalidated,E,,3,0.25,0.22724712839722636,PubMed,2021,33220385,,"Pharmacology, biochemistry, and behavior",10.1016/j.pbb.2020.173076,Serotonin 6 receptor blockade reduces repetitive behavior in the BTBR mouse model of autism spectrum disorder.,https://pubmed.ncbi.nlm.nih.gov/33220385/,64689,C(C1C(C(C(C(O1)O)O)O)O)O,1,BGC currently has an ML prediction but requires stronger receptor-specific literature validation.,Literature validation needed before experimental priority
129,Cadmium,MT2-related exploratory candidate,Chemical / small molecule,MT2 receptor,No,No,No,Yes,No,0.13735178112983704,Low,Indirect/context evidence,D,"Agonism of MT1 and MT2 Receptor Mitigates Oxidative Insult, Neuroinflammation, and Cerebral Injury in Cadmium Chloride Treated Animals.",5,0.5,0.2242786577343941,PubMed,2025,40493137; 40526280,,Molecular biology reports; Neurochemical research,10.1007/s11033-025-10713-x; 10.1007/s11064-025-04451-6,"Melatonin and necroptosis: therapeutic aspects based on cellular mechanisms. | Agonism of MT1 and MT2 Receptor Mitigates Oxidative Insult, Neuroinflammation, and Cerebral Injury in Cadmium Chloride Treated Animals.",https://pubmed.ncbi.nlm.nih.gov/40526280/ | https://pubmed.ncbi.nlm.nih.gov/40493137/,23973,[Cd],2,"Cadmium appears in literature related to MT2 receptor, but direct receptor interaction has not been established.",Review full article for direct receptor evidence
130,Fe2+,MT2-related exploratory candidate,Chemical / small molecule,MT2 receptor,No,No,No,Yes,No,0.14468339085578918,Low,Unvalidated,E,,1,0.5,0.22104420405626296,PubMed,2025,40945137,,Journal of trace elements in medicine and biology : organ of the Society for Minerals and Trace Elements (GMS),10.1016/j.jtemb.2025.127746,Metallothionein 2A alleviates ulcerative colitis by inhibiting ferroptosis in intestinal epithelial cells with Tfrc downregulation.,https://pubmed.ncbi.nlm.nih.gov/40945137/,27284,[Fe+2],1,Fe2+ currently has an ML prediction but requires stronger receptor-specific literature validation.,Literature validation needed before experimental priority
131,Acrylamide,MT2-related exploratory candidate,Chemical / small molecule,MT2 receptor,No,No,No,Yes,No,0.1431623250246048,Low,Unvalidated,E,,1,0.5,0.22005551126599313,PubMed + PMC,2025,40402233,PMC12552338,Naunyn-Schmiedeberg's archives of pharmacology,10.1007/s00210-025-04292-8,"The effects of melatonin on oxidative stress, inflammation, apoptosis and Nrf2/HO-1 in acrylamide-induced lung injury in rats.",https://pubmed.ncbi.nlm.nih.gov/40402233/,6579,C=CC(=O)N,1,Acrylamide currently has an ML prediction but requires stronger receptor-specific literature validation.,Literature validation needed before experimental priority
132,Copper,MT2-related exploratory candidate,Chemical / small molecule,MT2 receptor,No,No,No,Yes,No,0.14189766347408295,Low,Unvalidated,E,,1,0.5,0.21923348125815392,PubMed + PMC,2023,37324427,PMC10264656,Frontiers in bioengineering and biotechnology,10.3389/fbioe.2023.1188119,Conditional protein degradation in Yarrowia lipolytica using the auxin-inducible degron.,https://pubmed.ncbi.nlm.nih.gov/37324427/,23978,[Cu],1,Copper currently has an ML prediction but requires stronger receptor-specific literature validation.,Literature validation needed before experimental priority
133,Sodium,MT2-related exploratory candidate,Chemical / small molecule,MT2 receptor,No,No,No,Yes,No,0.13455082476139069,Low,Unvalidated,E,,1,0.5,0.21445803609490394,PubMed + PMC,2023,37002193,PMC10123881,Molecular pain,10.1177/17448069231170072,Melatonin attenuated chronic visceral pain by reducing Nav1.8 expression and nociceptive neuronal sensitization.,https://pubmed.ncbi.nlm.nih.gov/37002193/,5360545,[Na],1,Sodium currently has an ML prediction but requires stronger receptor-specific literature validation.,Literature validation needed before experimental priority
134,N-Methylaspartate,5-HT6 exploratory candidate,Chemical / small molecule,5-HT6 receptor,No,No,No,No,Yes,0.210951566696167,Low,Unvalidated,E,,7,0.25,0.21361851835250856,PubMed,2015; 2017,26548316; 27373846,,Expert opinion on investigational drugs; Pharmacological research,10.1016/j.phrs.2016.06.009; 10.1517/13543784.2015.1102884,Time-dependent impact of glutamatergic modulators on the promnesiant effect of 5-HT6R blockade on mice recognition memory. | Investigational drugs targeting 5-HT6 receptors for the treatment of Alzheimer's disease.,https://pubmed.ncbi.nlm.nih.gov/27373846/ | https://pubmed.ncbi.nlm.nih.gov/26548316/,22880,CNC(CC(=O)O)C(=O)O,2,N-Methylaspartate currently has an ML prediction but requires stronger receptor-specific literature validation.,Literature validation needed before experimental priority
135,Ca2+,MT2-related exploratory candidate,Chemical / small molecule,MT2 receptor,No,No,No,Yes,No,0.12520547211170197,Low,Unvalidated,E,,2,0.5,0.2103835568726063,PubMed + PMC,2023; 2025,37742475; 40697662,PMC12279780,Biochemical and biophysical research communications; Frontiers in pharmacology,10.1016/j.bbrc.2023.09.050; 10.3389/fphar.2025.1633326,MT2 receptor mediates melatonin-induced thermogenic program in human myoblasts: insights for circadian syndrome and diabesity treatment. | Effects of melatonin on dopaminergic neuron development via IP3-mediated mitochondrial Ca2+ regulation in autism spectrum disorder.,https://pubmed.ncbi.nlm.nih.gov/40697662/ | https://pubmed.ncbi.nlm.nih.gov/37742475/,271,[Ca+2],2,Ca2+ currently has an ML prediction but requires stronger receptor-specific literature validation.,Literature validation needed before experimental priority
136,Scopolamine,5-HT6 exploratory candidate,Chemical / small molecule,5-HT6 receptor,No,No,No,No,Yes,0.2069084495306015,Low,Unvalidated,E,,6,0.25,0.208990492194891,PubMed,2013,24135200,,European journal of pharmacology,10.1016/j.ejphar.2013.10.005,Effect of olanzapine on scopolamine induced deficits in differential reinforcement of low rate 72s (DRL-72s) schedule in rats: involvement of the serotonergic receptors in restoring the deficits.,https://pubmed.ncbi.nlm.nih.gov/24135200/,3000322,CN1C2CC(CC1C3C2O3)OC(=O)C(CO)C4=CC=CC=C4,1,Scopolamine currently has an ML prediction but requires stronger receptor-specific literature validation.,Literature validation needed before experimental priority
137,"6-fluoro-3-(piperidin-4-yl)-1,2-benzoxazole",5-HT6 exploratory candidate,Chemical / small molecule,5-HT6 receptor,No,No,No,No,Yes,0.22003638744354248,Low,Unvalidated,E,,1,0.25,0.20752365183830263,PubMed,2014,24805037,,Journal of medicinal chemistry,10.1021/jm401895u,Novel arylsulfonamide derivatives with 5-HT₆/5-HT₇ receptor antagonism targeting behavioral and psychological symptoms of dementia.,https://pubmed.ncbi.nlm.nih.gov/24805037/,849421,C1CNCCC1C2=NOC3=C2C=CC(=C3)F,1,"6-fluoro-3-(piperidin-4-yl)-1,2-benzoxazole currently has an ML prediction but requires stronger receptor-specific literature validation.",Literature validation needed before experimental priority
138,Cadmium Chloride,MT2-related exploratory candidate,Chemical / small molecule,MT2 receptor,No,No,No,Yes,No,0.11320284754037857,Low,Indirect/context evidence,D,"Agonism of MT1 and MT2 Receptor Mitigates Oxidative Insult, Neuroinflammation, and Cerebral Injury in Cadmium Chloride Treated Animals.",4,0.5,0.2065818509012461,PubMed,2025,40493137,,Neurochemical research,10.1007/s11064-025-04451-6,"Agonism of MT1 and MT2 Receptor Mitigates Oxidative Insult, Neuroinflammation, and Cerebral Injury in Cadmium Chloride Treated Animals.",https://pubmed.ncbi.nlm.nih.gov/40493137/,24947,Cl[Cd]Cl,1,"Cadmium Chloride appears in literature related to MT2 receptor, but direct receptor interaction has not been established.",Review full article for direct receptor evidence
139,Tyrosine,MT2-related exploratory candidate,Chemical / small molecule,MT2 receptor,No,No,No,Yes,No,0.11300835758447647,Low,Unvalidated,E,,3,0.5,0.2044554324299097,PubMed,2024,38606814,,Journal of pineal research,10.1111/jpi.12941,Binding and unbinding of potent melatonin receptor ligands: Mechanistic simulations and experimental evidence.,https://pubmed.ncbi.nlm.nih.gov/38606814/,6057,C1=CC(=CC=C1CC(C(=O)O)N)O,1,Tyrosine currently has an ML prediction but requires stronger receptor-specific literature validation.,Literature validation needed before experimental priority
140,melatonin sulfate,MT2-related exploratory candidate,Chemical / small molecule,MT2 receptor,No,No,No,Yes,No,0.11160489916801453,Low,Unvalidated,E,,3,0.5,0.20354318445920944,PubMed + PMC,2025,41295285,PMC12654617,Metabolites,10.3390/metabo15110699,Melatonin and Inflammatory Cytokines as Modulators of the Interaction Between Gestational Diabetes Mellitus and Pregnancy-Specific Urinary Incontinence.,https://pubmed.ncbi.nlm.nih.gov/41295285/,129629376,CC(=O)NCCC1=C2N(C3=C1C=C(C=C3)OC)OS(=O)(=O)O2,1,melatonin sulfate currently has an ML prediction but requires stronger receptor-specific literature validation.,Literature validation needed before experimental priority
141,Helium,MT2-related exploratory candidate,Chemical / small molecule,MT2 receptor,No,No,No,Yes,No,0.11473513394594193,Low,Unvalidated,E,,1,0.5,0.20157783706486226,PubMed,2026,42104152,,Journal of molecular histology,10.1007/s10735-026-10817-z,Immunohistochemical expression of pancreatic melatonin receptor (MTNR1B) under experimental sleep disturbance in rats.,https://pubmed.ncbi.nlm.nih.gov/42104152/,23987,[He],1,Helium currently has an ML prediction but requires stronger receptor-specific literature validation.,Literature validation needed before experimental priority
142,Chloroquine,5-HT6 exploratory candidate,Chemical / small molecule,5-HT6 receptor,No,No,No,No,Yes,0.20125119388103485,Low,Indirect/context evidence,D,"Differential Contribution of 5-HT4, 5-HT5, and 5-HT6 Receptors to Acute Pruriceptive Processing Induced by Chloroquine and Histamine in Mice.",4,0.25,0.20131327602267265,PubMed,2023,37722878,,Biological & pharmaceutical bulletin,10.1248/bpb.b23-00445,"Differential Contribution of 5-HT4, 5-HT5, and 5-HT6 Receptors to Acute Pruriceptive Processing Induced by Chloroquine and Histamine in Mice.",https://pubmed.ncbi.nlm.nih.gov/37722878/,2719,CCN(CC)CCCC(C)NC1=C2C=CC(=CC2=NC=C1)Cl,1,"Chloroquine appears in literature related to 5-HT6 receptor, but direct receptor interaction has not been established.",Review full article for direct receptor evidence
143,gamma-Aminobutyric Acid,MT2-related exploratory candidate,Chemical / small molecule,5-HT6 receptor; MT2 receptor,No,No,No,Yes,Yes,0.06152084469795227,Low,Unvalidated,E,,18,0.5,0.20098854905366897,PubMed + PMC,2015; 2017; 2018; 2023,26044973; 28711518; 29848076; 36603509; 37014731; 38176947,PMC10119930,ACS chemical neuroscience; Current pharmaceutical design; European journal of medicinal chemistry; Expert opinion on investigational drugs; Journal of integrative neuroscience; Neuropharmacology,10.1016/j.ejmech.2022.115071; 10.1016/j.neuropharm.2017.07.010; 10.1021/acschemneuro.3c00033; 10.1080/13543784.2018.1483334; 10.2174/1381612821666150605112105; 10.31083/j.jin2206154,Astrocyte-Ablation of Mtnr1b Increases Anxiety-Like Behavior in Adult Male Mice. | Dual Molecules Targeting 5-HT6 and GABA-A Receptors as a New Approach to Combat Depression Associated with Neuroinflammation. | Hybrid molecules combining GABA-A and serotonin 5-HT6 receptors activity designed to tackle neuroinflammation associated with depression. | The role of 5 HT6-receptor antagonists in Alzheimer's disease: an update. | Antagonism of the 5-HT6 receptor - Preclinical rationale for the treatment of Alzheimer's disease. | 5-HT6 Receptor Antagonists: Potential Efficacy for the Treatment of Cognitive Impairment in Schizophrenia.,https://pubmed.ncbi.nlm.nih.gov/38176947/ | https://pubmed.ncbi.nlm.nih.gov/37014731/ | https://pubmed.ncbi.nlm.nih.gov/36603509/ | https://pubmed.ncbi.nlm.nih.gov/29848076/ | https://pubmed.ncbi.nlm.nih.gov/28711518/ | https://pubmed.ncbi.nlm.nih.gov/26044973/,119,C(CC(=O)O)CN,6,gamma-Aminobutyric Acid currently has an ML prediction but requires stronger receptor-specific literature validation.,Literature validation needed before experimental priority
144,2-(4-morpholinyl)-8-phenyl-4H-1-benzopyran-4-one,MT2-related exploratory candidate,Chemical / small molecule,MT2 receptor,No,No,No,Yes,No,0.11335601657629013,Low,Unvalidated,E,,1,0.5,0.2006814107745886,PubMed,2023,36928143,,Lung,10.1007/s00408-023-00610-0,Melatonin Protects Against Hyperoxia-Induced Apoptosis in Alveolar Epithelial type II Cells by Activating the MT2/PI3K/AKT/ETS1 Signaling Pathway.,https://pubmed.ncbi.nlm.nih.gov/36928143/,3973,C1COCCN1C2=CC(=O)C3=C(O2)C(=CC=C3)C4=CC=CC=C4,1,2-(4-morpholinyl)-8-phenyl-4H-1-benzopyran-4-one currently has an ML prediction but requires stronger receptor-specific literature validation.,Literature validation needed before experimental priority
145,3-(2-acetamidoethyl)-6-fluoro-5-methoxy-N-methyl-1H-indole-2-carboxamide,MT2-related exploratory candidate,Chemical / small molecule,MT2 receptor,No,No,No,Yes,No,0.10669170320034027,Low,Unvalidated,E,,3,0.5,0.2003496070802212,PubMed,2026,41825710,,European journal of pharmacology,10.1016/j.ejphar.2026.178782,"Effect of ASP5633, a novel peripherally restricted MT1/MT2 receptor agonist, on urethral function in female rats.",https://pubmed.ncbi.nlm.nih.gov/41825710/,72948198,CC(=O)NCCC1=C(NC2=CC(=C(C=C21)OC)F)C(=O)NC,1,3-(2-acetamidoethyl)-6-fluoro-5-methoxy-N-methyl-1H-indole-2-carboxamide currently has an ML prediction but requires stronger receptor-specific literature validation.,Literature validation needed before experimental priority
146,Escitalopram,5-HT6 exploratory candidate,Chemical / small molecule,5-HT6 receptor,No,No,No,No,Yes,0.20217610895633698,Low,Unvalidated,E,,3,0.25,0.19991447082161903,PubMed,2019,30312638,,Behavioural brain research,10.1016/j.bbr.2018.10.004,Novel antagonists of 5-HT6 and/or 5-HT7 receptors affect the brain monoamines metabolism and enhance the anti-immobility activity of different antidepressants in rats.,https://pubmed.ncbi.nlm.nih.gov/30312638/,146570,CN(C)CCCC1(C2=C(CO1)C=C(C=C2)C#N)C3=CC=C(C=C3)F,1,Escitalopram currently has an ML prediction but requires stronger receptor-specific literature validation.,Literature validation needed before experimental priority
147,Citalopram,5-HT6 exploratory candidate,Chemical / small molecule,5-HT6 receptor,No,No,No,No,Yes,0.20217610895633698,Low,Unvalidated,E,,3,0.25,0.19991447082161903,PubMed,2013,25287308,,Acta neuropsychiatrica,10.1111/j.1601-5215.2012.00669.x,"5-HT depletion, but not 5-HT1A antagonist, prevents the anxiolytic-like effect of citalopram in rat contextual conditioned fear stress model.",https://pubmed.ncbi.nlm.nih.gov/25287308/,2771,CN(C)CCCC1(C2=C(CO1)C=C(C=C2)C#N)C3=CC=C(C=C3)F,1,Citalopram currently has an ML prediction but requires stronger receptor-specific literature validation.,Literature validation needed before experimental priority
148,6-chloro-5-methyl-1-((2-(2-methylpyrid-3-yloxy)pyrid-5-yl)carbamoyl)indoline,5-HT6 exploratory candidate,Chemical / small molecule,5-HT6 receptor,No,No,No,No,Yes,0.20004871487617493,Low,Unvalidated,E,,3,0.25,0.19853166466951372,PubMed,2013,25287308,,Acta neuropsychiatrica,10.1111/j.1601-5215.2012.00669.x,"5-HT depletion, but not 5-HT1A antagonist, prevents the anxiolytic-like effect of citalopram in rat contextual conditioned fear stress model.",https://pubmed.ncbi.nlm.nih.gov/25287308/,3644637,CC1=CC2=C(C=C1Cl)N(CC2)C(=O)NC3=CN=C(C=C3)OC4=C(N=CC=C4)C,1,6-chloro-5-methyl-1-((2-(2-methylpyrid-3-yloxy)pyrid-5-yl)carbamoyl)indoline currently has an ML prediction but requires stronger receptor-specific literature validation.,Literature validation needed before experimental priority
149,Cerlapirdine,5-HT6 exploratory candidate,Chemical / small molecule,5-HT6 receptor,No,No,No,No,Yes,0.18091480433940887,Low,Unvalidated,E,,6,0.25,0.1920946228206158,PubMed,2014,25217486,,Drug metabolism and disposition: the biological fate of chemicals,10.1124/dmd.114.059675,Disposition and metabolic profiling of [(14)C]cerlapirdine using accelerator mass spectrometry.,https://pubmed.ncbi.nlm.nih.gov/25217486/,16071605,CN(C)CCCOC1=CC2=C(NN=C2C=C1)S(=O)(=O)C3=CC=CC4=CC=CC=C43,1,Cerlapirdine currently has an ML prediction but requires stronger receptor-specific literature validation.,Literature validation needed before experimental priority
150,pyrroloquinoline,5-HT6 exploratory candidate,Chemical / small molecule,5-HT6 receptor,No,No,No,No,Yes,0.17800724506378174,Low,Direct receptor evidence,C,"Pyrroloquinoline scaffold-based 5-HT6R ligands: Synthesis, quantum chemical and molecular dynamic studies, and influence of nitrogen atom position in the scaffold on affinity.",6,0.25,0.19020470929145816,PubMed,2018,29853337,,Bioorganic & medicinal chemistry,10.1016/j.bmc.2018.05.033,"Pyrroloquinoline scaffold-based 5-HT6R ligands: Synthesis, quantum chemical and molecular dynamic studies, and influence of nitrogen atom position in the scaffold on affinity.",https://pubmed.ncbi.nlm.nih.gov/29853337/,5061455,C1=CC2=C(C3=C(C=C2)NC=C3)N=C1,1,pyrroloquinoline has experimental receptor evidence involving 5-HT6 receptor and is being evaluated as a possible GPR62 candidate.,Review pharmacology and consider experimental testing
151,Ro 4-6790,5-HT6 exploratory candidate,Chemical / small molecule,5-HT6 receptor,No,No,No,No,Yes,0.1742989420890808,Low,Unvalidated,E,,6,0.25,0.18779431235790256,PubMed + PMC,2014,25450117,PMC4258611,"Pharmacology, biochemistry, and behavior",10.1016/j.pbb.2014.10.006,Ro 04-6790-induced cognitive enhancement: no effect in trace conditioning and novel object recognition procedures in adult male Wistar rats.,https://pubmed.ncbi.nlm.nih.gov/25450117/,5312145,CNC1=CC(=NC(=N1)NC)NS(=O)(=O)C2=CC=C(C=C2)N,1,Ro 4-6790 currently has an ML prediction but requires stronger receptor-specific literature validation.,Literature validation needed before experimental priority
152,SAM-531,5-HT6 exploratory candidate,Chemical / small molecule,5-HT6 receptor,No,No,No,No,Yes,0.18091480433940887,Low,Unvalidated,E,,3,0.25,0.18609462282061578,PubMed,2014,25217486,,Drug metabolism and disposition: the biological fate of chemicals,10.1124/dmd.114.059675,Disposition and metabolic profiling of [(14)C]cerlapirdine using accelerator mass spectrometry.,https://pubmed.ncbi.nlm.nih.gov/25217486/,16071605,CN(C)CCCOC1=CC2=C(NN=C2C=C1)S(=O)(=O)C3=CC=CC4=CC=CC=C43,1,SAM-531 currently has an ML prediction but requires stronger receptor-specific literature validation.,Literature validation needed before experimental priority
153,PF-05212365,5-HT6 exploratory candidate,Chemical / small molecule,5-HT6 receptor,No,No,No,No,Yes,0.18091480433940887,Low,Unvalidated,E,,3,0.25,0.18609462282061578,PubMed,2014,25217486,,Drug metabolism and disposition: the biological fate of chemicals,10.1124/dmd.114.059675,Disposition and metabolic profiling of [(14)C]cerlapirdine using accelerator mass spectrometry.,https://pubmed.ncbi.nlm.nih.gov/25217486/,16071605,CN(C)CCCOC1=CC2=C(NN=C2C=C1)S(=O)(=O)C3=CC=CC4=CC=CC=C43,1,PF-05212365 currently has an ML prediction but requires stronger receptor-specific literature validation.,Literature validation needed before experimental priority
154,Carbon Tetrachloride,MT2-related exploratory candidate,Chemical / small molecule,MT2 receptor,No,No,No,Yes,No,0.08734878897666931,Low,Unvalidated,E,,1,0.5,0.18377671283483504,PubMed,2024,38246330,,European journal of pharmacology,10.1016/j.ejphar.2024.176337,Melatonin ameliorates hepatic fibrosis via the melatonin receptor 2-mediated upregulation of BMAL1 and anti-oxidative enzymes.,https://pubmed.ncbi.nlm.nih.gov/38246330/,5943,C(Cl)(Cl)(Cl)Cl,1,Carbon Tetrachloride currently has an ML prediction but requires stronger receptor-specific literature validation.,Literature validation needed before experimental priority
155,SC79,MT2-related exploratory candidate,Chemical / small molecule,MT2 receptor,No,No,No,Yes,No,0.07777196168899536,Low,Unvalidated,E,,4,0.5,0.18355177509784698,PubMed,2023; 2024,36928143; 37739092,,Biochimica et biophysica acta. Molecular basis of disease; Lung,10.1007/s00408-023-00610-0; 10.1016/j.bbadis.2023.166887,Melatonin inhibits fibroblast cell functions and hypertrophic scar formation by enhancing autophagy through the MT2 receptor-inhibited PI3K/Akt /mTOR signaling. | Melatonin Protects Against Hyperoxia-Induced Apoptosis in Alveolar Epithelial type II Cells by Activating the MT2/PI3K/AKT/ETS1 Signaling Pathway.,https://pubmed.ncbi.nlm.nih.gov/37739092/ | https://pubmed.ncbi.nlm.nih.gov/36928143/,2810830,CCOC(=O)C1=C(OC2=C(C1C(C#N)C(=O)OCC)C=C(C=C2)Cl)N,2,SC79 currently has an ML prediction but requires stronger receptor-specific literature validation.,Literature validation needed before experimental priority
156,Curcumin,MT2-related exploratory candidate,Chemical / small molecule,MT2 receptor,No,No,No,Yes,No,0.07023962587118149,Low,Direct receptor evidence,C,Curcumin monomer regulates ferroptosis via the melatonin receptor 2/cyclic adenosine monophosphate/protein kinase A/inositol-requiring enzyme 1 pathway to treat ischemic stroke.,6,0.5,0.18265575681626797,PubMed,2025,41569062,,Journal of physiology and pharmacology : an official journal of the Polish Physiological Society,10.26402/jpp.2025.6.10,Curcumin monomer regulates ferroptosis via the melatonin receptor 2/cyclic adenosine monophosphate/protein kinase A/inositol-requiring enzyme 1 pathway to treat ischemic stroke.,https://pubmed.ncbi.nlm.nih.gov/41569062/,969516,COC1=C(C=CC(=C1)C=CC(=O)CC(=O)C=CC2=CC(=C(C=C2)O)OC)O,1,Curcumin has experimental receptor evidence involving MT2 receptor and is being evaluated as a possible GPR62 candidate.,Review pharmacology and consider experimental testing
157,9-(tetrahydro-2-furyl)-adenine,5-HT6 exploratory candidate,Chemical / small molecule,5-HT6 receptor,No,No,No,No,Yes,0.16994865238666534,Low,Unvalidated,E,,3,0.25,0.17896662405133248,PubMed,2025,38963532,,Molecular neurobiology,10.1007/s12035-024-04314-1,Activation of 5-HT6 Receptors in the Ventrolateral Orbital Cortex Produces Anti-Anxiodepressive Effects in a Rat Model of Neuropathic Pain.,https://pubmed.ncbi.nlm.nih.gov/38963532/,22879197,C1CC(OC1)N2C=NC3=C(N=CN=C32)N,1,9-(tetrahydro-2-furyl)-adenine currently has an ML prediction but requires stronger receptor-specific literature validation.,Literature validation needed before experimental priority
158,Histamine,5-HT6 exploratory candidate,Chemical / small molecule,5-HT6 receptor,No,No,No,No,Yes,0.1518675535917282,Low,Indirect/context evidence,D,"Differential Contribution of 5-HT4, 5-HT5, and 5-HT6 Receptors to Acute Pruriceptive Processing Induced by Chloroquine and Histamine in Mice.",8,0.25,0.17721390983462337,PubMed,2023,37722878,,Biological & pharmaceutical bulletin,10.1248/bpb.b23-00445,"Differential Contribution of 5-HT4, 5-HT5, and 5-HT6 Receptors to Acute Pruriceptive Processing Induced by Chloroquine and Histamine in Mice.",https://pubmed.ncbi.nlm.nih.gov/37722878/,774,C1=C(NC=N1)CCN,1,"Histamine appears in literature related to 5-HT6 receptor, but direct receptor interaction has not been established.",Review full article for direct receptor evidence
159,2-phenylpyrrole,5-HT6 exploratory candidate,Chemical / small molecule,5-HT6 receptor,No,No,No,No,Yes,0.15618988871574402,Low,Direct receptor evidence,C,5-HT6 receptor neutral antagonists protect astrocytes: A lesson from 2-phenylpyrrole derivatives.,6,0.25,0.17602342766523363,PubMed,2024,38936149,,European journal of medicinal chemistry,10.1016/j.ejmech.2024.116615,5-HT6 receptor neutral antagonists protect astrocytes: A lesson from 2-phenylpyrrole derivatives.,https://pubmed.ncbi.nlm.nih.gov/38936149/,72898,C1=CC=C(C=C1)C2=CC=CN2,1,2-phenylpyrrole has experimental receptor evidence involving 5-HT6 receptor and is being evaluated as a possible GPR62 candidate.,Review pharmacology and consider experimental testing
160,piperidine,5-HT6 exploratory candidate,Chemical / small molecule,5-HT6 receptor,No,No,No,No,Yes,0.16186371445655823,Low,Unvalidated,E,,3,0.25,0.17371141439676285,PubMed,2013,23820387,,Bioorganic & medicinal chemistry letters,10.1016/j.bmcl.2013.05.100,"Synthesis and the 5-HT6 receptor antagonistic effect of 3-arylsulfonylamino-5,6-dihydro-6-substituted pyrazolo[3,4]pyridinones for neuropathic pain treatment.",https://pubmed.ncbi.nlm.nih.gov/23820387/,8082,C1CCNCC1,1,piperidine currently has an ML prediction but requires stronger receptor-specific literature validation.,Literature validation needed before experimental priority
161,8-methoxy-2-propionamidotetralin,MT2-related exploratory candidate,Chemical / small molecule,MT2 receptor,No,No,No,Yes,No,0.062083225697278976,Low,Unvalidated,E,,3,0.5,0.17135409670323135,PubMed + PMC,2022,35682961,PMC9181011,International journal of molecular sciences,10.3390/ijms23116284,Bos taurus and Cervus elaphus as Non-Seasonal/Seasonal Models for the Role of Melatonin Receptors in the Spermatozoon.,https://pubmed.ncbi.nlm.nih.gov/35682961/,5170952,CCC(=O)NC1CCC2=C(C1)C(=CC=C2)OC,1,8-methoxy-2-propionamidotetralin currently has an ML prediction but requires stronger receptor-specific literature validation.,Literature validation needed before experimental priority
162,Levodopa,5-HT6 exploratory candidate,Chemical / small molecule,5-HT6 receptor,No,No,No,No,Yes,0.15303640067577362,Low,Unvalidated,E,,4,0.25,0.16997366043925288,PubMed + PMC,2020; 2025,31468338; 40023605,PMC7035192,Molecular neurobiology; The Journal of pharmacology and experimental therapeutics,10.1007/s12035-019-01739-x; 10.1016/j.jpet.2024.100055,Simultaneous 5-HT1BR agonist/5-HT6R antagonist action as a potential treatment of Parkinson's disease and its comorbidities. | Selective Regulation of 5-HT1B Serotonin Receptor Expression in the Striatum by Dopamine Depletion and Repeated L-DOPA Treatment: Relationship to L-DOPA-Induced Dyskinesias.,https://pubmed.ncbi.nlm.nih.gov/40023605/ | https://pubmed.ncbi.nlm.nih.gov/31468338/,6047,C1=CC(=C(C=C1CC(C(=O)O)N)O)O,2,Levodopa currently has an ML prediction but requires stronger receptor-specific literature validation.,Literature validation needed before experimental priority
163,Caffeine,MT2-related exploratory candidate,Chemical / small molecule,MT2 receptor,No,No,No,Yes,No,0.06286896765232086,Low,Indirect/context evidence,D,"Chronic Caffeine Consumption, Alone or Combined with Agomelatine or Quetiapine, Reduces the Maximum EEG Peak, As Linked to Cortical Neurodegeneration, Ovarian Estrogen Receptor Alpha, and Melatonin Receptor 2.",1,0.5,0.16786482897400856,PubMed + PMC,2024,38842700,PMC11442587,Psychopharmacology,10.1007/s00213-024-06619-4,"Chronic Caffeine Consumption, Alone or Combined with Agomelatine or Quetiapine, Reduces the Maximum EEG Peak, As Linked to Cortical Neurodegeneration, Ovarian Estrogen Receptor Alpha, and Melatonin Receptor 2.",https://pubmed.ncbi.nlm.nih.gov/38842700/,2519,CN1C=NC2=C1C(=O)N(C(=O)N2C)C,1,"Caffeine appears in literature related to MT2 receptor, but direct receptor interaction has not been established.",Review full article for direct receptor evidence
164,naphthalene,MT2-related exploratory candidate,Chemical / small molecule,5-HT6 receptor; MT2 receptor,No,No,No,Yes,Yes,0.05009707808494568,Low,Unvalidated,E,,4,0.5,0.1655631007552147,PubMed + PMC,2017; 2023,28729057; 36760312,PMC9891099,Bioorganic & medicinal chemistry letters; RSC advances,10.1016/j.bmcl.2017.07.031; 10.1039/d2ra06693a,Molecular basis of ligand selectivity for melatonin receptors. | Neuropathic pain-alleviating effects of pyrazole-conjugated arylsulfonamides as 5-HT6 receptor antagonists.,https://pubmed.ncbi.nlm.nih.gov/36760312/ | https://pubmed.ncbi.nlm.nih.gov/28729057/,931,C1=CC=C2C=CC=CC2=C1,2,naphthalene currently has an ML prediction but requires stronger receptor-specific literature validation.,Literature validation needed before experimental priority
165,isoquinoline,MT2-related exploratory candidate,Chemical / small molecule,MT2 receptor,No,No,No,Yes,No,0.05196663737297058,Low,Direct receptor evidence,C,Synthesis and SAR Studies of Isoquinoline and Tetrahydroisoquinoline Derivatives as Melatonin Receptor Ligands.,3,0.5,0.1647783142924309,PubMed,2022,34797951,,ChemMedChem,10.1002/cmdc.202100658,Synthesis and SAR Studies of Isoquinoline and Tetrahydroisoquinoline Derivatives as Melatonin Receptor Ligands.,https://pubmed.ncbi.nlm.nih.gov/34797951/,8405,C1=CC=C2C=NC=CC2=C1,1,isoquinoline has experimental receptor evidence involving MT2 receptor and is being evaluated as a possible GPR62 candidate.,Review pharmacology and consider experimental testing
166,1H-tetrazole,5-HT6 exploratory candidate,Chemical / small molecule,5-HT6 receptor,No,No,No,No,Yes,0.1473826766014099,Low,Unvalidated,E,,3,0.25,0.16429873979091647,PubMed,2016,26996373,,Bioorganic & medicinal chemistry letters,10.1016/j.bmcl.2016.03.036,"Synthesis of azepino[4,5-b]indol-4-ones via MCR/free radical cyclization and in vitro-in silico studies as 5-Ht₆R ligands.",https://pubmed.ncbi.nlm.nih.gov/26996373/,67519,C1=NNN=N1,1,1H-tetrazole currently has an ML prediction but requires stronger receptor-specific literature validation.,Literature validation needed before experimental priority
167,Lead,5-HT6 exploratory candidate,Chemical / small molecule,5-HT6 receptor,No,No,No,No,Yes,0.15585173666477203,Low,Unvalidated,E,,0,0.25,0.1638036288321018,PubMed,2026,42166820,,European journal of medicinal chemistry,10.1016/j.ejmech.2026.118966,"New chalcogen-optimized 1,3,5-triazines as dual 5-HT6R/FAAH modulators: A versatile approach to neurodegenerative disorders.",https://pubmed.ncbi.nlm.nih.gov/42166820/,5352425,[Pb],1,Lead currently has an ML prediction but requires stronger receptor-specific literature validation.,Literature validation needed before experimental priority
168,Sulfur-35,5-HT6 exploratory candidate,Chemical / small molecule,5-HT6 receptor,No,No,No,No,Yes,0.14425905048847198,Low,Unvalidated,E,,3,0.25,0.1622683828175068,PubMed,2018,29805118,,Neuropharmacology,10.1016/j.neuropharm.2018.05.027,"5-HT6 receptor agonist and memory-enhancing properties of hypidone hydrochloride (YL-0919), a novel 5-HT1A receptor partial agonist and SSRI.",https://pubmed.ncbi.nlm.nih.gov/29805118/,91866193,[S],1,Sulfur-35 currently has an ML prediction but requires stronger receptor-specific literature validation.,Literature validation needed before experimental priority
169,IIK7,MT2-related exploratory candidate,Chemical / small molecule,MT2 receptor,No,No,No,Yes,No,0.028973238542675972,Low,Unvalidated,E,,9,0.5,0.16183260505273936,PubMed + PMC,2024,39457025; 39770480,PMC11508435; PMC11676719,"International journal of molecular sciences; Pharmaceuticals (Basel, Switzerland)",10.3390/ijms252011243; 10.3390/ph17121638,"The Melatonin Type 2 Receptor Agonist IIK7 Attenuates and Reverses Morphine Tolerance in Neuropathic Pain Rats Through the Suppression of Neuroinflammation in the Spinal Cord. | A Selective Melatonin 2 Receptor Agonist, IIK7, Relieves Blue Light-Induced Corneal Damage by Modulating the Process of Autophagy and Apoptosis.",https://pubmed.ncbi.nlm.nih.gov/39770480/ | https://pubmed.ncbi.nlm.nih.gov/39457025/,4172142,CCCC(=O)NCCC1=C2C3=CC=CC=C3CN2C4=C1C=C(C=C4)OC,2,IIK7 currently has an ML prediction but requires stronger receptor-specific literature validation.,Literature validation needed before experimental priority
170,UCM1014,MT2-related exploratory candidate,Chemical / small molecule,MT2 receptor,No,No,No,Yes,No,0.03716757893562317,Low,Unvalidated,E,,6,0.5,0.16115892630815506,PubMed,2024,38606814,,Journal of pineal research,10.1111/jpi.12941,Binding and unbinding of potent melatonin receptor ligands: Mechanistic simulations and experimental evidence.,https://pubmed.ncbi.nlm.nih.gov/38606814/,121231413,CCC(=O)NCC1CCC2=C(N1CC3=CC=CC=C3)C=CC=C2OC,1,UCM1014 currently has an ML prediction but requires stronger receptor-specific literature validation.,Literature validation needed before experimental priority
171,SB 207266,5-HT6 exploratory candidate,Chemical / small molecule,5-HT6 receptor,No,No,No,No,Yes,0.1409721076488495,Low,Unvalidated,E,,3,0.25,0.16013186997175216,PubMed,2023,37722878,,Biological & pharmaceutical bulletin,10.1248/bpb.b23-00445,"Differential Contribution of 5-HT4, 5-HT5, and 5-HT6 Receptors to Acute Pruriceptive Processing Induced by Chloroquine and Histamine in Mice.",https://pubmed.ncbi.nlm.nih.gov/37722878/,177336,CCCCN1CCC(CC1)CNC(=O)C2=C3N(CCCO3)C4=CC=CC=C42,1,SB 207266 currently has an ML prediction but requires stronger receptor-specific literature validation.,Literature validation needed before experimental priority
172,"1H-imidazo[4,5-c]pyridine",5-HT6 exploratory candidate,Chemical / small molecule,5-HT6 receptor,No,No,No,No,Yes,0.13883161544799805,Low,Unvalidated,E,,3,0.25,0.15874055004119875,PubMed,2018,29291439,,European journal of medicinal chemistry,10.1016/j.ejmech.2017.12.053,"Novel non-sulfonamide 5-HT6 receptor partial inverse agonist in a group of imidazo[4,5-b]pyridines with cognition enhancing properties.",https://pubmed.ncbi.nlm.nih.gov/29291439/,9227,C1=CN=CC2=C1N=CN2,1,"1H-imidazo[4,5-c]pyridine currently has an ML prediction but requires stronger receptor-specific literature validation.",Literature validation needed before experimental priority
173,Carbon-11,5-HT6 exploratory candidate,Chemical / small molecule,5-HT6 receptor,No,No,No,No,Yes,0.11383526027202606,Low,Direct receptor evidence,C,Synthesis of carbon-11-labeled 5-HT6R antagonists as new candidate PET radioligands for imaging of Alzheimer's disease.,11,0.25,0.15849291917681693,PubMed + PMC,2018,29626125; 29661535,PMC6126437,"Bioorganic & medicinal chemistry letters; Journal of nuclear medicine : official publication, Society of Nuclear Medicine",10.1016/j.bmcl.2018.04.014; 10.2967/jnumed.117.206516,Synthesis of carbon-11-labeled 5-HT6R antagonists as new candidate PET radioligands for imaging of Alzheimer's disease. | Age-Related Change in 5-HT6 Receptor Availability in Healthy Male Volunteers Measured with 11C-GSK215083 PET.,https://pubmed.ncbi.nlm.nih.gov/29661535/ | https://pubmed.ncbi.nlm.nih.gov/29626125/,91867649,[C],2,Carbon-11 has experimental receptor evidence involving 5-HT6 receptor and is being evaluated as a possible GPR62 candidate.,Review pharmacology and consider experimental testing
174,Ca(2+),5-HT6 exploratory candidate,Chemical / small molecule,5-HT6 receptor,No,No,No,No,Yes,0.12520547211170197,Low,Unvalidated,E,,7,0.25,0.1578835568726063,PubMed,2016,27068148,,European journal of pharmacology,10.1016/j.ejphar.2016.04.010,WAY208466 inhibits glutamate release at hippocampal nerve terminals.,https://pubmed.ncbi.nlm.nih.gov/27068148/,271,[Ca+2],1,Ca(2+) currently has an ML prediction but requires stronger receptor-specific literature validation.,Literature validation needed before experimental priority
175,Cyclopentanes,5-HT6 exploratory candidate,Chemical / small molecule,5-HT6 receptor,No,No,No,No,Yes,0.1326601803302765,Low,Unvalidated,E,,3,0.25,0.15472911721467975,PubMed,2023,37003157,,Bioorganic & medicinal chemistry,10.1016/j.bmc.2023.117256,Novel thienocycloalkylpyridazinones as useful scaffolds for acetylcholinesterase inhibition and serotonin 5-HT6 receptor interaction.,https://pubmed.ncbi.nlm.nih.gov/37003157/,9253,C1CCCC1,1,Cyclopentanes currently has an ML prediction but requires stronger receptor-specific literature validation.,Literature validation needed before experimental priority
176,ethylamide,MT2-related exploratory candidate,Chemical / small molecule,MT2 receptor,No,No,No,Yes,No,0.034332025796175,Low,Unvalidated,E,,3,0.5,0.15331581676751377,PubMed,2026,41389411,,European journal of medicinal chemistry,10.1016/j.ejmech.2025.118445,N-Acylaminoethyltetrahydroquinolines: A new class of melatonin receptor ligands with in vivo activity on glioblastoma.,https://pubmed.ncbi.nlm.nih.gov/41389411/,1520364,CNS(=O)(=O)C1=CC=C(S1)Br,1,ethylamide currently has an ML prediction but requires stronger receptor-specific literature validation.,Literature validation needed before experimental priority
177,ketamine,5-HT6 exploratory candidate,Chemical / small molecule,5-HT6 receptor,No,No,No,No,Yes,0.06399732083082199,Low,Direct receptor evidence,C,The 5-HT6R agonist E-6837 and the antagonist SB-271046 reverse the psychotic-like behaviors induced by ketamine.,24,0.25,0.15209825854003428,PubMed,2013; 2016; 2017; 2022,23479455; 27035065; 28704275; 35621169,,"Behavioural pharmacology; Journal of psychopharmacology (Oxford, England)",10.1097/FBP.0000000000000235; 10.1097/FBP.0000000000000327; 10.1097/FBP.0000000000000669; 10.1177/0269881113480991,"The 5-HT6R agonist E-6837 and the antagonist SB-271046 reverse the psychotic-like behaviors induced by ketamine. | Agonist E-6837 and antagonist SB-271046 of 5-HT6 receptors both reverse the depressive-like effect induced in mice by subchronic ketamine administration. | Effect of ketamine administration, alone and in combination with E-6837, on climbing behavior. | The 5-hydroxytryptamine (serotonin) receptor 6 agonist EMD 386088 ameliorates ketamine-induced deficits in attentional set shifting and novel object recognition, but not in the prepulse inhibition in rats.",https://pubmed.ncbi.nlm.nih.gov/35621169/ | https://pubmed.ncbi.nlm.nih.gov/28704275/ | https://pubmed.ncbi.nlm.nih.gov/27035065/ | https://pubmed.ncbi.nlm.nih.gov/23479455/,3821,CNC1(CCCCC1=O)C2=CC=CC=C2Cl,4,ketamine has experimental receptor evidence involving 5-HT6 receptor and is being evaluated as a possible GPR62 candidate.,Review pharmacology and consider experimental testing
178,Formaldehyde,5-HT6 exploratory candidate,Chemical / small molecule,5-HT6 receptor,No,No,No,No,Yes,0.10891252011060715,Low,Unvalidated,E,,9,0.25,0.15129313807189462,PubMed,2019,31580911,,Neurochemistry international,10.1016/j.neuint.2019.104562,The pronociceptive role of 5-HT6 receptors in ventrolateral orbital cortex in a rat formalin test model.,https://pubmed.ncbi.nlm.nih.gov/31580911/,712,C=O,1,Formaldehyde currently has an ML prediction but requires stronger receptor-specific literature validation.,Literature validation needed before experimental priority
179,Selenium,5-HT6 exploratory candidate,Chemical / small molecule,5-HT6 receptor,No,No,No,No,Yes,0.12591584026813507,Low,Unvalidated,E,,3,0.25,0.15034529617428782,PubMed,2019,31229876,,European journal of medicinal chemistry,10.1016/j.ejmech.2019.06.022,"Synthesis and computer-aided SAR studies for derivatives of phenoxyalkyl-1,3,5-triazine as the new potent ligands for serotonin receptors 5-HT6.",https://pubmed.ncbi.nlm.nih.gov/31229876/,6326970,[Se],1,Selenium currently has an ML prediction but requires stronger receptor-specific literature validation.,Literature validation needed before experimental priority
180,"1,3,5-triazine",5-HT6 exploratory candidate,Chemical / small molecule,5-HT6 receptor,No,No,No,No,Yes,0.06142664700746536,Low,Direct receptor evidence,C,"Synthesis and computer-aided SAR studies for derivatives of phenoxyalkyl-1,3,5-triazine as the new potent ligands for serotonin receptors 5-HT6.",23,0.25,0.1484273205548525,PubMed + PMC,2017; 2019; 2020; 2025; 2026,28441580; 31229876; 31336820; 32693296; 40774068; 42166820,PMC6678253,European journal of medicinal chemistry; International journal of molecular sciences,10.1016/j.ejmech.2017.04.033; 10.1016/j.ejmech.2019.06.022; 10.1016/j.ejmech.2020.112529; 10.1016/j.ejmech.2025.118026; 10.1016/j.ejmech.2026.118966; 10.3390/ijms20143420,"New chalcogen-optimized 1,3,5-triazines as dual 5-HT6R/FAAH modulators: A versatile approach to neurodegenerative disorders. | The first-in-class 1,3,5-triazine-derived dual 5-HT6R/FAAH modulators in search for potential drug against neurodegenerative diseases with cognitive impairment. | Chlorine substituents and linker topology as factors of 5-HT6R activity for novel highly active 1,3,5-triazine derivatives with procognitive properties in vivo. | The 1,3,5-Triazine Derivatives as Innovative Chemical Family of 5-HT6 Serotonin Receptor Agents with Therapeutic Perspectives for Cognitive Impairment. | Synthesis and computer-aided SAR studies for derivatives of phenoxyalkyl-1,3,5-triazine as the new potent ligands for serotonin receptors 5-HT6. | The computer-aided discovery of novel family of the 5-HT6 serotonin receptor ligands among derivatives of 4-benzyl-1,3,5-triazine.",https://pubmed.ncbi.nlm.nih.gov/42166820/ | https://pubmed.ncbi.nlm.nih.gov/40774068/ | https://pubmed.ncbi.nlm.nih.gov/32693296/ | https://pubmed.ncbi.nlm.nih.gov/31336820/ | https://pubmed.ncbi.nlm.nih.gov/31229876/ | https://pubmed.ncbi.nlm.nih.gov/28441580/,9262,C1=NC=NC=N1,6,"1,3,5-triazine has experimental receptor evidence involving 5-HT6 receptor and is being evaluated as a possible GPR62 candidate.",Review pharmacology and consider experimental testing
181,Creatinine,MT2-related exploratory candidate,Chemical / small molecule,MT2 receptor,No,No,No,Yes,No,0.03146181255578995,Low,Unvalidated,E,,1,0.5,0.14745017816126346,PubMed + PMC,2023,36658621,PMC9854223,Clinical epigenetics,10.1186/s13148-023-01423-x,Hypomethylation in MTNR1B: a novel epigenetic marker for atherosclerosis profiling using stenosis radiophenotype and blood inflammatory cells.,https://pubmed.ncbi.nlm.nih.gov/36658621/,588,CN1CC(=O)N=C1N,1,Creatinine currently has an ML prediction but requires stronger receptor-specific literature validation.,Literature validation needed before experimental priority
182,6-methyladenine,MT2-related exploratory candidate,Chemical / small molecule,MT2 receptor,No,No,No,Yes,No,0.022505832836031914,Low,Unvalidated,E,,2,0.5,0.14362879134342074,PubMed + PMC,2024,38255808,PMC10815701,International journal of molecular sciences,10.3390/ijms25020733,Melatonin Alleviates Lipopolysaccharide-Induced Abnormal Pregnancy through MTNR1B Regulation of m6A.,https://pubmed.ncbi.nlm.nih.gov/38255808/,67955,CNC1=NC=NC2=C1NC=N2,1,6-methyladenine currently has an ML prediction but requires stronger receptor-specific literature validation.,Literature validation needed before experimental priority
183,Praseodymium,5-HT6 exploratory candidate,Chemical / small molecule,5-HT6 receptor,No,No,No,No,Yes,0.10212530195713043,Low,Unvalidated,E,,7,0.25,0.14288144627213478,PubMed + PMC,2024,39408617,PMC11477289,International journal of molecular sciences,10.3390/ijms251910287,Low-Basicity 5-HT6 Receptor Ligands from the Group of Cyclic Arylguanidine Derivatives and Their Antiproliferative Activity Evaluation.,https://pubmed.ncbi.nlm.nih.gov/39408617/,23942,[Pr],1,Praseodymium currently has an ML prediction but requires stronger receptor-specific literature validation.,Literature validation needed before experimental priority
184,Fluorine-18,5-HT6 exploratory candidate,Chemical / small molecule,5-HT6 receptor,No,No,No,No,Yes,0.10033348947763443,Low,Unvalidated,E,,7,0.25,0.14171676816046241,PubMed,2015,25331460,,European journal of nuclear medicine and molecular imaging,10.1007/s00259-014-2936-y,Preclinical evaluation of [18F]2FNQ1P as the first fluorinated serotonin 5-HT6 radioligand for PET imaging.,https://pubmed.ncbi.nlm.nih.gov/25331460/,131704324,[F],1,Fluorine-18 currently has an ML prediction but requires stronger receptor-specific literature validation.,Literature validation needed before experimental priority
185,3-methyladenine,MT2-related exploratory candidate,Chemical / small molecule,MT2 receptor,No,No,No,Yes,No,0.01598503813147545,Low,Unvalidated,E,,3,0.5,0.14139027478545904,PubMed,2024,37739092,,Biochimica et biophysica acta. Molecular basis of disease,10.1016/j.bbadis.2023.166887,Melatonin inhibits fibroblast cell functions and hypertrophic scar formation by enhancing autophagy through the MT2 receptor-inhibited PI3K/Akt /mTOR signaling.,https://pubmed.ncbi.nlm.nih.gov/37739092/,135398661,CN1C=NC(=N)C2=C1N=CN2,1,3-methyladenine currently has an ML prediction but requires stronger receptor-specific literature validation.,Literature validation needed before experimental priority
186,3-MA,MT2-related exploratory candidate,Chemical / small molecule,MT2 receptor,No,No,No,Yes,No,0.01598503813147545,Low,Unvalidated,E,,3,0.5,0.14139027478545904,PubMed,2024,37739092,,Biochimica et biophysica acta. Molecular basis of disease,10.1016/j.bbadis.2023.166887,Melatonin inhibits fibroblast cell functions and hypertrophic scar formation by enhancing autophagy through the MT2 receptor-inhibited PI3K/Akt /mTOR signaling.,https://pubmed.ncbi.nlm.nih.gov/37739092/,135398661,CN1C=NC(=N)C2=C1N=CN2,1,3-MA currently has an ML prediction but requires stronger receptor-specific literature validation.,Literature validation needed before experimental priority
187,Antimony,5-HT6 exploratory candidate,Chemical / small molecule,5-HT6 receptor,No,No,No,No,Yes,0.10812331736087799,Low,Unvalidated,E,,3,0.25,0.1387801562845707,PubMed,2017,28535499,,"Cellular physiology and biochemistry : international journal of experimental cellular physiology, biochemistry, and pharmacology",10.1159/000477322,The Role of 5-HTR6 in Mossy Fiber Sprouting: Activating Fyn and p-ERK1/2 in Pilocarpine-Induced Chronic Epileptic Rats.,https://pubmed.ncbi.nlm.nih.gov/28535499/,5354495,[Sb],1,Antimony currently has an ML prediction but requires stronger receptor-specific literature validation.,Literature validation needed before experimental priority
188,2-phenylmelatonin,MT2-related exploratory candidate,Chemical / small molecule,MT2 receptor,No,No,No,Yes,No,0.010979587212204933,Low,Unvalidated,E,,3,0.5,0.13813673168793322,PubMed,2022,36150258,,European journal of medicinal chemistry,10.1016/j.ejmech.2022.114762,2-Arylmelatonin analogues: Probing the 2-phenyl binding pocket of melatonin MT1 and MT2 receptors.,https://pubmed.ncbi.nlm.nih.gov/36150258/,4018512,CC(=O)NCCC1=C(NC2=C1C=C(C=C2)OC)C3=CC=CC=C3,1,2-phenylmelatonin currently has an ML prediction but requires stronger receptor-specific literature validation.,Literature validation needed before experimental priority
189,Hydrocortisone,MT2-related exploratory candidate,Chemical / small molecule,MT2 receptor,No,No,No,Yes,No,0.0019614084158092737,Low,Unvalidated,E,,5,0.5,0.13627491547027604,PubMed,2026,41983375,,American journal of human biology : the official journal of the Human Biology Council,10.1002/ajhb.70261,Population-Specific Circadian Drivers and MTNR1B Predict Arctic Morning Cortisol.,https://pubmed.ncbi.nlm.nih.gov/41983375/,5754,CC12CCC(=O)C=C1CCC3C2C(CC4(C3CCC4(C(=O)CO)O)C)O,1,Hydrocortisone currently has an ML prediction but requires stronger receptor-specific literature validation.,Literature validation needed before experimental priority
190,1-amino-4-methylpiperazine,5-HT6 exploratory candidate,Chemical / small molecule,5-HT6 receptor,No,No,No,No,Yes,0.10345988720655441,Low,Unvalidated,E,,3,0.25,0.13574892668426036,PubMed,2013,23810425,,Bioorganic & medicinal chemistry,10.1016/j.bmc.2013.05.051,"Design and synthesis of novel series of 5-HT6 receptor ligands having indole, a central aromatic core and 1-amino-4 methyl piperazine as a positive ionizable group.",https://pubmed.ncbi.nlm.nih.gov/23810425/,81349,CN1CCN(CC1)N,1,1-amino-4-methylpiperazine currently has an ML prediction but requires stronger receptor-specific literature validation.,Literature validation needed before experimental priority
191,Flumazenil,5-HT6 exploratory candidate,Chemical / small molecule,5-HT6 receptor,No,No,No,No,Yes,0.10152677446603775,Low,Unvalidated,E,,3,0.25,0.13449240340292457,PubMed,2014,24905144,,Neuropharmacology,10.1016/j.neuropharm.2014.05.036,"Pharmacological evaluation of the anxiolytic-like effects of EMD 386088, a partial 5-HT6 receptor agonist, in the rat elevated plus-maze and Vogel conflict tests.",https://pubmed.ncbi.nlm.nih.gov/24905144/,3373,CCOC(=O)C1=C2CN(C(=O)C3=C(N2C=N1)C=CC(=C3)F)C,1,Flumazenil currently has an ML prediction but requires stronger receptor-specific literature validation.,Literature validation needed before experimental priority
192,Oxaliplatin,5-HT6 exploratory candidate,Chemical / small molecule,5-HT6 receptor,No,No,No,No,Yes,0.08400486409664154,Low,Unvalidated,E,,7,0.25,0.13110316166281702,PubMed + PMC,2020; 2023; 2025,32512114; 36830733; 40757510,PMC9953062,Biomolecules; Journal of neurochemistry; Progress in neurobiology,10.1016/j.pneurobio.2020.101846; 10.1111/jnc.70179; 10.3390/biom13020364,5-HT6 Receptor Inverse Agonists Modulate Diabetic Neuropathic Pain in Female Rats: Evidence for 5-HT6 Receptor Constitutive Activity. | The Constitutive Activity of Spinal 5-HT6 Receptors Contributes to Diabetic Neuropathic Pain in Rats. | mTOR activation by constitutively active serotonin6 receptors as new paradigm in neuropathic pain and its treatment.,https://pubmed.ncbi.nlm.nih.gov/40757510/ | https://pubmed.ncbi.nlm.nih.gov/36830733/ | https://pubmed.ncbi.nlm.nih.gov/32512114/,9887053,C1CCC(C(C1)[NH-])[NH-].C(=O)(C(=O)O)O.[Pt+2],3,Oxaliplatin currently has an ML prediction but requires stronger receptor-specific literature validation.,Literature validation needed before experimental priority
193,dehydroacetic acid,MT2-related exploratory candidate,Chemical / small molecule,MT2 receptor,No,No,No,Yes,No,0.006209161132574081,Low,Unvalidated,E,,1,0.5,0.13103595473617316,PubMed,2023,37334912,,Food & function,10.1039/d3fo01452e,Modulatory effect of n-3 polyunsaturated fatty acids on depressive-like behaviors in rats with chronic sleep deprivation: potential involvement of melatonin receptor pathway and brain lipidome.,https://pubmed.ncbi.nlm.nih.gov/37334912/,122903,CC1=CC(=O)C(C(=O)O1)C(=O)C,1,dehydroacetic acid currently has an ML prediction but requires stronger receptor-specific literature validation.,Literature validation needed before experimental priority
194,Dimethyl Sulfoxide,5-HT6 exploratory candidate,Chemical / small molecule,5-HT6 receptor,No,No,No,No,Yes,0.09143885225057602,Low,Unvalidated,E,,3,0.25,0.12793525396287442,PubMed,2017,28535499,,"Cellular physiology and biochemistry : international journal of experimental cellular physiology, biochemistry, and pharmacology",10.1159/000477322,The Role of 5-HTR6 in Mossy Fiber Sprouting: Activating Fyn and p-ERK1/2 in Pilocarpine-Induced Chronic Epileptic Rats.,https://pubmed.ncbi.nlm.nih.gov/28535499/,679,CS(=O)C,1,Dimethyl Sulfoxide currently has an ML prediction but requires stronger receptor-specific literature validation.,Literature validation needed before experimental priority
195,PCPA,5-HT6 exploratory candidate,Chemical / small molecule,5-HT6 receptor,No,No,No,No,Yes,0.08701536804437637,Low,Unvalidated,E,,3,0.25,0.12505998922884465,PubMed,2013,25287308,,Acta neuropsychiatrica,10.1111/j.1601-5215.2012.00669.x,"5-HT depletion, but not 5-HT1A antagonist, prevents the anxiolytic-like effect of citalopram in rat contextual conditioned fear stress model.",https://pubmed.ncbi.nlm.nih.gov/25287308/,26229,C1=CC(=CC=C1OCC(=O)O)Cl,1,PCPA currently has an ML prediction but requires stronger receptor-specific literature validation.,Literature validation needed before experimental priority
196,azasetron,5-HT6 exploratory candidate,Chemical / small molecule,5-HT6 receptor,No,No,No,No,Yes,0.08650144189596176,Low,Unvalidated,E,,3,0.25,0.12472593723237516,PubMed,2015,25932719,,Behavioural pharmacology,10.1097/FBP.0000000000000140,Pharmacological profile of encounter-induced hyperactivity in isolation-reared mice.,https://pubmed.ncbi.nlm.nih.gov/25932719/,2264,CN1C(=O)COC2=C(C=C(C=C21)Cl)C(=O)NC3CN4CCC3CC4,1,azasetron currently has an ML prediction but requires stronger receptor-specific literature validation.,Literature validation needed before experimental priority
197,Oxidopamine,5-HT6 exploratory candidate,Chemical / small molecule,5-HT6 receptor,No,No,No,No,Yes,0.017821574583649635,Low,Unvalidated,E,,25,0.25,0.12408402347937227,PubMed,2016; 2018; 2020; 2021,27424103; 27616337; 29778944; 32853642; 33439019,,Brain research; Journal of medicinal chemistry; Neuropharmacology,10.1016/j.brainres.2016.09.009; 10.1016/j.brainres.2020.147072; 10.1016/j.neuropharm.2016.07.014; 10.1016/j.neuropharm.2018.05.016; 10.1021/acs.jmedchem.0c02009,Imidazopyridine-Based 5-HT6 Receptor Neutral Antagonists: Impact of N1-Benzyl and N1-Phenylsulfonyl Fragments on Different Receptor Conformational States. | Activation and blockade of 5-HT6 receptor in the medial septum-diagonal band recover working memory in the hemiparkinsonian rats. | Activation and blockade of basolateral amygdala 5-HT6 receptor produce anxiolytic-like behaviors in an experimental model of Parkinson's disease. | Activation and blockade of serotonin6 receptors in the dorsal hippocampus enhance T maze and hole-board performance in a unilateral 6-hydroxydopamine rat model of Parkinson's disease. | Activation and blockade of prelimbic 5-HT6 receptors produce different effects on depressive-like behaviors in unilateral 6-hydroxydopamine-induced Parkinson's rats.,https://pubmed.ncbi.nlm.nih.gov/33439019/ | https://pubmed.ncbi.nlm.nih.gov/32853642/ | https://pubmed.ncbi.nlm.nih.gov/29778944/ | https://pubmed.ncbi.nlm.nih.gov/27616337/ | https://pubmed.ncbi.nlm.nih.gov/27424103/,4624,C1=C(C(=CC(=C1O)O)O)CCN,5,Oxidopamine currently has an ML prediction but requires stronger receptor-specific literature validation.,Literature validation needed before experimental priority
198,AVN-322,5-HT6 exploratory candidate,Chemical / small molecule,5-HT6 receptor,No,No,No,No,Yes,0.08132769912481308,Low,Direct receptor evidence,C,AVN-322 is a Safe Orally Bio-Available Potent and Highly Selective Antagonist of 5-HT6R with Demonstrated Ability to Improve Impaired Memory in Animal Models.,3,0.25,0.12136300443112852,PubMed,2017,27829340,,Current Alzheimer research,10.2174/1567205013666161108105005,AVN-322 is a Safe Orally Bio-Available Potent and Highly Selective Antagonist of 5-HT6R with Demonstrated Ability to Improve Impaired Memory in Animal Models.,https://pubmed.ncbi.nlm.nih.gov/27829340/,135905417,CNC1=NN2C3=C(CN(CC3)C)C=NC2=C1S(=O)(=O)C4=CC=CC=C4.Cl,1,AVN-322 has experimental receptor evidence involving 5-HT6 receptor and is being evaluated as a possible GPR62 candidate.,Review pharmacology and consider experimental testing
199,Sulfur Dioxide,5-HT6 exploratory candidate,Chemical / small molecule,5-HT6 receptor,No,No,No,No,Yes,0.08026039600372314,Low,Unvalidated,E,,3,0.25,0.12066925740242004,PubMed,2019,31229876,,European journal of medicinal chemistry,10.1016/j.ejmech.2019.06.022,"Synthesis and computer-aided SAR studies for derivatives of phenoxyalkyl-1,3,5-triazine as the new potent ligands for serotonin receptors 5-HT6.",https://pubmed.ncbi.nlm.nih.gov/31229876/,1119,O=S=O,1,Sulfur Dioxide currently has an ML prediction but requires stronger receptor-specific literature validation.,Literature validation needed before experimental priority
200,coumarin,5-HT6 exploratory candidate,Chemical / small molecule,5-HT6 receptor,No,No,No,No,Yes,0.07415731996297836,Low,Unvalidated,E,,3,0.25,0.11670225797593595,PubMed,2025,38204222,,Current computer-aided drug design,10.2174/0115734099282836231212064925,"In-silico Design, ADMET Screening, Prime MM-GBSA Binding Free Energy Calculation and MD Simulation of Some Novel Phenothiazines as 5HT6R Antagonists Targeting Alzheimer's Disease.",https://pubmed.ncbi.nlm.nih.gov/38204222/,323,C1=CC=C2C(=C1)C=CC(=O)O2,1,coumarin currently has an ML prediction but requires stronger receptor-specific literature validation.,Literature validation needed before experimental priority
201,Tropisetron,5-HT6 exploratory candidate,Chemical / small molecule,5-HT6 receptor,No,No,No,No,Yes,0.07190857082605362,Low,Unvalidated,E,,3,0.25,0.11524057103693486,PubMed,2013,25287308,,Acta neuropsychiatrica,10.1111/j.1601-5215.2012.00669.x,"5-HT depletion, but not 5-HT1A antagonist, prevents the anxiolytic-like effect of citalopram in rat contextual conditioned fear stress model.",https://pubmed.ncbi.nlm.nih.gov/25287308/,656665,CN1C2CCC1CC(C2)OC(=O)C3=CNC4=CC=CC=C43,1,Tropisetron currently has an ML prediction but requires stronger receptor-specific literature validation.,Literature validation needed before experimental priority
202,Glycerol,5-HT6 exploratory candidate,Chemical / small molecule,5-HT6 receptor,No,No,No,No,Yes,0.06869403272867203,Low,Unvalidated,E,,3,0.25,0.11315112127363683,PubMed + PMC,2017,28228713,PMC5296348,Frontiers in neuroscience,10.3389/fnins.2017.00050,Metabolic and Cardiovascular Benefits and Risks of EMD386088-A 5-HT6 Receptor Partial Agonist and Dopamine Transporter Inhibitor.,https://pubmed.ncbi.nlm.nih.gov/28228713/,753,C(C(CO)O)O,1,Glycerol currently has an ML prediction but requires stronger receptor-specific literature validation.,Literature validation needed before experimental priority
203,Ondansetron,5-HT6 exploratory candidate,Chemical / small molecule,5-HT6 receptor,No,No,No,No,Yes,0.05891041457653046,Low,Unvalidated,E,,6,0.25,0.1127917694747448,PubMed + PMC,2021; 2022,34467765; 35022720,PMC8474115; PMC9154270,Journal of medicinal chemistry; The international journal of neuropsychopharmacology,10.1021/acs.jmedchem.1c00224; 10.1093/ijnp/pyac003,"Dual 5-HT3 and 5-HT6 Receptor Antagonist FPPQ Normalizes Phencyclidine-Induced Disruption of Brain Oscillatory Activity in Rats. | Structure-Based Design and Optimization of FPPQ, a Dual-Acting 5-HT3 and 5-HT6 Receptor Antagonist with Antipsychotic and Procognitive Properties.",https://pubmed.ncbi.nlm.nih.gov/35022720/ | https://pubmed.ncbi.nlm.nih.gov/34467765/,4595,CC1=NC=CN1CC2CCC3=C(C2=O)C4=CC=CC=C4N3C,2,Ondansetron currently has an ML prediction but requires stronger receptor-specific literature validation.,Literature validation needed before experimental priority
204,dopamine D2,5-HT6 exploratory candidate,Chemical / small molecule,5-HT6 receptor,No,No,No,No,Yes,0.06756026297807693,Low,Unvalidated,E,,3,0.25,0.11241417093575001,PubMed + PMC,2023,36770774,PMC9919591,"Molecules (Basel, Switzerland)",10.3390/molecules28031108,New Triazine Derivatives as Serotonin 5-HT6 Receptor Ligands.,https://pubmed.ncbi.nlm.nih.gov/36770774/,18598488,C1=CC(=C(C=C1CCN)O)O,1,dopamine D2 currently has an ML prediction but requires stronger receptor-specific literature validation.,Literature validation needed before experimental priority
205,Thymol,5-HT6 exploratory candidate,Chemical / small molecule,5-HT6 receptor,No,No,No,No,Yes,0.05689239501953125,Low,Unvalidated,E,,3,0.25,0.10548005676269531,PubMed + PMC,2019,31336820,PMC6678253,International journal of molecular sciences,10.3390/ijms20143420,"The 1,3,5-Triazine Derivatives as Innovative Chemical Family of 5-HT6 Serotonin Receptor Agents with Therapeutic Perspectives for Cognitive Impairment.",https://pubmed.ncbi.nlm.nih.gov/31336820/,6989,CC1=CC(=C(C=C1)C(C)C)O,1,Thymol currently has an ML prediction but requires stronger receptor-specific literature validation.,Literature validation needed before experimental priority
206,acetylcholine,5-HT6 exploratory candidate,Chemical / small molecule,5-HT6 receptor,No,No,No,No,Yes,0.004161999095231295,Low,Direct receptor evidence,C,"Effects of the 5-HT6 receptor antagonist idalopirdine on extracellular levels of monoamines, glutamate and acetylcholine in the rat medial prefrontal cortex.",20,0.25,0.10520529941190035,PubMed + PMC,2015; 2016; 2017; 2018,26022777; 26044973; 27039041; 28188762; 28196966; 29848076,PMC5322869,Current pharmaceutical design; European journal of pharmacology; Expert opinion on investigational drugs; Medical science monitor : international medical journal of experimental and clinical research; Neuropharmacology,10.1016/j.ejphar.2017.02.010; 10.1016/j.neuropharm.2016.03.043; 10.1080/13543784.2018.1483334; 10.12659/msm.899067; 10.1517/13543784.2015.1052402; 10.2174/1381612821666150605112105,"The role of 5 HT6-receptor antagonists in Alzheimer's disease: an update. | Effect of Selective 5-HT6R Agonist on Expression of 5-HT Receptor and Neurotransmitter in Vascular Dementia Rats. | Effects of the 5-HT6 receptor antagonist idalopirdine on extracellular levels of monoamines, glutamate and acetylcholine in the rat medial prefrontal cortex. | The 5-HT6 receptor antagonist idalopirdine potentiates the effects of acetylcholinesterase inhibition on neuronal network oscillations and extracellular acetylcholine levels in the rat dorsal hippocampus. | 5-HT6 Receptor Antagonists: Potential Efficacy for the Treatment of Cognitive Impairment in Schizophrenia. | Idalopirdine as a treatment for Alzheimer's disease.",https://pubmed.ncbi.nlm.nih.gov/29848076/ | https://pubmed.ncbi.nlm.nih.gov/28196966/ | https://pubmed.ncbi.nlm.nih.gov/28188762/ | https://pubmed.ncbi.nlm.nih.gov/27039041/ | https://pubmed.ncbi.nlm.nih.gov/26044973/ | https://pubmed.ncbi.nlm.nih.gov/26022777/,187,CC(=O)OCC[N+](C)(C)C,6,acetylcholine has experimental receptor evidence involving 5-HT6 receptor and is being evaluated as a possible GPR62 candidate.,Review pharmacology and consider experimental testing
207,GABA,5-HT6 exploratory candidate,Chemical / small molecule,5-HT6 receptor,No,No,No,No,Yes,0.06152084469795227,Low,Unvalidated,E,,0,0.25,0.10248854905366897,PubMed + PMC,2017,28196966,PMC5322869,Medical science monitor : international medical journal of experimental and clinical research,10.12659/msm.899067,Effect of Selective 5-HT6R Agonist on Expression of 5-HT Receptor and Neurotransmitter in Vascular Dementia Rats.,https://pubmed.ncbi.nlm.nih.gov/28196966/,119,C(CC(=O)O)CN,1,GABA currently has an ML prediction but requires stronger receptor-specific literature validation.,Literature validation needed before experimental priority
208,N-phenylsulfonylindole,5-HT6 exploratory candidate,Chemical / small molecule,5-HT6 receptor,No,No,No,No,Yes,0.0418897420167923,Low,Direct receptor evidence,C,Rationally designed N-phenylsulfonylindoles as a tool for the analysis of the non-basic 5-HT6R ligands binding mode.,6,0.25,0.10172833231091499,PubMed,2021,33328102,,European journal of medicinal chemistry,10.1016/j.ejmech.2020.112916,Rationally designed N-phenylsulfonylindoles as a tool for the analysis of the non-basic 5-HT6R ligands binding mode.,https://pubmed.ncbi.nlm.nih.gov/33328102/,315017,C1=CC=C(C=C1)S(=O)(=O)N2C=CC3=CC=CC=C32,1,N-phenylsulfonylindole has experimental receptor evidence involving 5-HT6 receptor and is being evaluated as a possible GPR62 candidate.,Review pharmacology and consider experimental testing
209,Oxazolidinones,5-HT6 exploratory candidate,Chemical / small molecule,5-HT6 receptor,No,No,No,No,Yes,0.05021544173359871,Low,Unvalidated,E,,3,0.25,0.10114003712683917,PubMed,2014,24704027,,Bioorganic & medicinal chemistry letters,10.1016/j.bmcl.2014.03.049,Lactam and oxazolidinone derived potent 5-hydroxytryptamine 6 receptor antagonists.,https://pubmed.ncbi.nlm.nih.gov/24704027/,73949,C1COC(=O)N1,1,Oxazolidinones currently has an ML prediction but requires stronger receptor-specific literature validation.,Literature validation needed before experimental priority
210,pyrazole,5-HT6 exploratory candidate,Chemical / small molecule,5-HT6 receptor,No,No,No,No,Yes,0.04027549549937248,Low,Direct receptor evidence,C,Neuropathic pain-alleviating effects of pyrazole-conjugated arylsulfonamides as 5-HT6 receptor antagonists.,6,0.25,0.1006790720745921,PubMed,2017,28729057,,Bioorganic & medicinal chemistry letters,10.1016/j.bmcl.2017.07.031,Neuropathic pain-alleviating effects of pyrazole-conjugated arylsulfonamides as 5-HT6 receptor antagonists.,https://pubmed.ncbi.nlm.nih.gov/28729057/,1048,C1=CNN=C1,1,pyrazole has experimental receptor evidence involving 5-HT6 receptor and is being evaluated as a possible GPR62 candidate.,Review pharmacology and consider experimental testing
211,Ethanol,5-HT6 exploratory candidate,Chemical / small molecule,5-HT6 receptor,No,No,No,No,Yes,0.03753688558936119,Low,Direct receptor evidence,C,Chronic treatment with a selective 5-HT6 receptor antagonist alters the behavioral and neurochemical effects of ethanol in young adult rats.,6,0.25,0.09889897563308477,PubMed,2016,25932717,,Behavioural pharmacology,10.1097/FBP.0000000000000141,Chronic treatment with a selective 5-HT6 receptor antagonist alters the behavioral and neurochemical effects of ethanol in young adult rats.,https://pubmed.ncbi.nlm.nih.gov/25932717/,702,CCO,1,Ethanol has experimental receptor evidence involving 5-HT6 receptor and is being evaluated as a possible GPR62 candidate.,Review pharmacology and consider experimental testing
212,emtricitabine,5-HT6 exploratory candidate,Chemical / small molecule,5-HT6 receptor,No,No,No,No,Yes,0.05273628607392311,Low,Unvalidated,E,,1,0.25,0.09877858594805003,PubMed + PMC,2016,27157251,PMC4914440,Pharmacological research,10.1016/j.phrs.2016.04.028,Molecular mechanisms of serotonergic action of the HIV-1 antiretroviral efavirenz.,https://pubmed.ncbi.nlm.nih.gov/27157251/,60877,C1C(OC(S1)CO)N2C=C(C(=NC2=O)N)F,1,emtricitabine currently has an ML prediction but requires stronger receptor-specific literature validation.,Literature validation needed before experimental priority
213,lorcaserin,5-HT6 exploratory candidate,Chemical / small molecule,5-HT6 receptor,No,No,No,No,Yes,0.0370190255343914,Low,Unvalidated,E,,6,0.25,0.09856236659735441,PubMed + PMC,2016,26507195,PMC4710672,Psychopharmacology,10.1007/s00213-015-4112-x,"The 5-HT₂C receptor agonist, lorcaserin, and the 5-HT₆ receptor antagonist, SB-742457, promote satiety; a microstructural analysis of feeding behaviour.",https://pubmed.ncbi.nlm.nih.gov/26507195/,11658860,CC1CNCCC2=C1C=C(C=C2)Cl,1,lorcaserin currently has an ML prediction but requires stronger receptor-specific literature validation.,Literature validation needed before experimental priority
214,4-Aminopyridine,5-HT6 exploratory candidate,Chemical / small molecule,5-HT6 receptor,No,No,No,No,Yes,0.04263344034552574,Low,Unvalidated,E,,4,0.25,0.09821173622459173,PubMed,2016,27068148,,European journal of pharmacology,10.1016/j.ejphar.2016.04.010,WAY208466 inhibits glutamate release at hippocampal nerve terminals.,https://pubmed.ncbi.nlm.nih.gov/27068148/,1727,C1=CN=CC=C1N,1,4-Aminopyridine currently has an ML prediction but requires stronger receptor-specific literature validation.,Literature validation needed before experimental priority
215,Pyrrolidines,5-HT6 exploratory candidate,Chemical / small molecule,5-HT6 receptor,No,No,No,No,Yes,0.04426712915301323,Low,Unvalidated,E,,3,0.25,0.09727363394945861,PubMed,2018,29853337,,Bioorganic & medicinal chemistry,10.1016/j.bmc.2018.05.033,"Pyrroloquinoline scaffold-based 5-HT6R ligands: Synthesis, quantum chemical and molecular dynamic studies, and influence of nitrogen atom position in the scaffold on affinity.",https://pubmed.ncbi.nlm.nih.gov/29853337/,10176084,C1CC=CNC1,1,Pyrrolidines currently has an ML prediction but requires stronger receptor-specific literature validation.,Literature validation needed before experimental priority
216,Quinolones,5-HT6 exploratory candidate,Chemical / small molecule,5-HT6 receptor,No,No,No,No,Yes,0.04229481890797615,Low,Unvalidated,E,,3,0.25,0.09599163229018451,PubMed,2015,25331460,,European journal of nuclear medicine and molecular imaging,10.1007/s00259-014-2936-y,Preclinical evaluation of [18F]2FNQ1P as the first fluorinated serotonin 5-HT6 radioligand for PET imaging.,https://pubmed.ncbi.nlm.nih.gov/25331460/,6038,C1=CC=C2C(=C1)C=CC(=O)N2,1,Quinolones currently has an ML prediction but requires stronger receptor-specific literature validation.,Literature validation needed before experimental priority
217,1-(phenylsulfonyl)-1H-indole,5-HT6 exploratory candidate,Chemical / small molecule,5-HT6 receptor,No,No,No,No,Yes,0.0418897420167923,Low,Direct receptor evidence,C,Discovery of 1-(phenylsulfonyl)-1H-indole-based multifunctional ligands targeting cholinesterases and 5-HT6 receptor with anti-aggregation properties against amyloid-beta and tau.,3,0.25,0.095728332310915,PubMed,2021,34461507,,European journal of medicinal chemistry,10.1016/j.ejmech.2021.113783,Discovery of 1-(phenylsulfonyl)-1H-indole-based multifunctional ligands targeting cholinesterases and 5-HT6 receptor with anti-aggregation properties against amyloid-beta and tau.,https://pubmed.ncbi.nlm.nih.gov/34461507/,315017,C1=CC=C(C=C1)S(=O)(=O)N2C=CC3=CC=CC=C32,1,1-(phenylsulfonyl)-1H-indole has experimental receptor evidence involving 5-HT6 receptor and is being evaluated as a possible GPR62 candidate.,Review pharmacology and consider experimental testing
218,2-aminoimidazole,5-HT6 exploratory candidate,Chemical / small molecule,5-HT6 receptor,No,No,No,No,Yes,0.031709786504507065,Low,Direct receptor evidence,C,2-Aminoimidazole-based antagonists of the 5-HT6 receptor - A new concept in aminergic GPCR ligand design.,6,0.25,0.09511136122792958,PubMed,2019,31229883,,European journal of medicinal chemistry,10.1016/j.ejmech.2019.06.001,2-Aminoimidazole-based antagonists of the 5-HT6 receptor - A new concept in aminergic GPCR ligand design.,https://pubmed.ncbi.nlm.nih.gov/31229883/,82140,C1=CN=C(N1)N,1,2-aminoimidazole has experimental receptor evidence involving 5-HT6 receptor and is being evaluated as a possible GPR62 candidate.,Review pharmacology and consider experimental testing
219,2-propoxybenzamide,5-HT6 exploratory candidate,Chemical / small molecule,5-HT6 receptor,No,No,No,No,Yes,0.03924715146422386,Low,Unvalidated,E,,3,0.25,0.09401064845174552,PubMed,2015,25557493,,European journal of medicinal chemistry,10.1016/j.ejmech.2014.12.045,Novel 5-HT6 receptor antagonists/D2 receptor partial agonists targeting behavioral and psychological symptoms of dementia.,https://pubmed.ncbi.nlm.nih.gov/25557493/,43051,CCCOC1=CC=CC=C1C(=O)N,1,2-propoxybenzamide currently has an ML prediction but requires stronger receptor-specific literature validation.,Literature validation needed before experimental priority
220,Corticosterone,5-HT6 exploratory candidate,Chemical / small molecule,5-HT6 receptor,No,No,No,No,Yes,0.0452628992497921,Low,Unvalidated,E,,0,0.25,0.09192088451236487,PubMed,2016,27331439,,Journal of medicinal food,10.1089/jmf.2016.3660,Antistress Effects of Rosa rugosa Thunb. on Total Sleep Deprivation-Induced Anxiety-Like Behavior and Cognitive Dysfunction in Rat: Possible Mechanism of Action of 5-HT6 Receptor Antagonist.,https://pubmed.ncbi.nlm.nih.gov/27331439/,5753,CC12CCC(=O)C=C1CCC3C2C(CC4(C3CCC4C(=O)CO)C)O,1,Corticosterone currently has an ML prediction but requires stronger receptor-specific literature validation.,Literature validation needed before experimental priority
221,Pyrroles,5-HT6 exploratory candidate,Chemical / small molecule,5-HT6 receptor,No,No,No,No,Yes,0.03251950815320015,Low,Unvalidated,E,,3,0.25,0.08963768029958011,PubMed,2018,29853337,,Bioorganic & medicinal chemistry,10.1016/j.bmc.2018.05.033,"Pyrroloquinoline scaffold-based 5-HT6R ligands: Synthesis, quantum chemical and molecular dynamic studies, and influence of nitrogen atom position in the scaffold on affinity.",https://pubmed.ncbi.nlm.nih.gov/29853337/,8027,C1=CNC=C1,1,Pyrroles currently has an ML prediction but requires stronger receptor-specific literature validation.,Literature validation needed before experimental priority
222,"1H-pyrrolo[2,3-f]quinoline",5-HT6 exploratory candidate,Chemical / small molecule,5-HT6 receptor,No,No,No,No,Yes,0.022131912410259247,Low,Unvalidated,E,,6,0.25,0.08888574306666851,PubMed,2018,29853337,,Bioorganic & medicinal chemistry,10.1016/j.bmc.2018.05.033,"Pyrroloquinoline scaffold-based 5-HT6R ligands: Synthesis, quantum chemical and molecular dynamic studies, and influence of nitrogen atom position in the scaffold on affinity.",https://pubmed.ncbi.nlm.nih.gov/29853337/,135645806,C1=CNC2=CC=C3C=CN=C3C2=C1,1,"1H-pyrrolo[2,3-f]quinoline currently has an ML prediction but requires stronger receptor-specific literature validation.",Literature validation needed before experimental priority
223,quinoline,5-HT6 exploratory candidate,Chemical / small molecule,5-HT6 receptor,No,No,No,No,Yes,0.009761938825249672,Low,Direct receptor evidence,C,"Pyrroloquinoline scaffold-based 5-HT6R ligands: Synthesis, quantum chemical and molecular dynamic studies, and influence of nitrogen atom position in the scaffold on affinity.",9,0.25,0.08684526023641229,PubMed,2018,29853337,,Bioorganic & medicinal chemistry,10.1016/j.bmc.2018.05.033,"Pyrroloquinoline scaffold-based 5-HT6R ligands: Synthesis, quantum chemical and molecular dynamic studies, and influence of nitrogen atom position in the scaffold on affinity.",https://pubmed.ncbi.nlm.nih.gov/29853337/,7047,C1=CC=C2C(=C1)C=CC=N2,1,quinoline has experimental receptor evidence involving 5-HT6 receptor and is being evaluated as a possible GPR62 candidate.,Review pharmacology and consider experimental testing
224,Sulfides,5-HT6 exploratory candidate,Chemical / small molecule,5-HT6 receptor,No,No,No,No,Yes,0.027985097840428352,Low,Unvalidated,E,,3,0.25,0.08669031359627843,PubMed + PMC,2025,40020084,PMC11926880,ACS chemical neuroscience,10.1021/acschemneuro.4c00873,Procognitive Potential of Neuroprotective Triazine 5-HT6 Receptor Antagonists Tested on Chronic Activity In Vivo in Rats: Computer-Aided Insight into the Role of Chalcogen-Differences on the Pharmacological Profile.,https://pubmed.ncbi.nlm.nih.gov/40020084/,402,S,1,Sulfides currently has an ML prediction but requires stronger receptor-specific literature validation.,Literature validation needed before experimental priority
225,Indazoles,5-HT6 exploratory candidate,Chemical / small molecule,5-HT6 receptor,No,No,No,No,Yes,0.024643946439027786,Low,Unvalidated,E,,3,0.25,0.08451856518536807,PubMed + PMC,2025,40069248,PMC11897353,Scientific reports,10.1038/s41598-025-92755-6,Novel 5-HT6R modulators as mTOR-dependent neuronal autophagy inductors.,https://pubmed.ncbi.nlm.nih.gov/40069248/,9221,C1=CC=C2C(=C1)C=NN2,1,Indazoles currently has an ML prediction but requires stronger receptor-specific literature validation.,Literature validation needed before experimental priority
226,Pilocarpine,5-HT6 exploratory candidate,Chemical / small molecule,5-HT6 receptor,No,No,No,No,Yes,0.003173094242811203,Low,Indirect/context evidence,D,The Antagonism of 5-HT6 Receptor Attenuates Current-Induced Spikes and Improves Long-Term Potentiation via the Regulation of M-Currents in a Pilocarpine-Induced Epilepsy Model.,9,0.25,0.08256251125782728,PubMed + PMC,2015; 2017; 2019; 2020,25034463; 28535499; 30694481; 32425770,PMC7212420,"Cellular physiology and biochemistry : international journal of experimental cellular physiology, biochemistry, and pharmacology; Frontiers in pharmacology; Journal of molecular neuroscience : MN; Molecular neurobiology",10.1007/s12031-018-1238-4; 10.1007/s12035-014-8806-6; 10.1159/000477322; 10.3389/fphar.2020.00475,The Antagonism of 5-HT6 Receptor Attenuates Current-Induced Spikes and Improves Long-Term Potentiation via the Regulation of M-Currents in a Pilocarpine-Induced Epilepsy Model. | Over-expression of 5-HT6 Receptor and Activated Jab-1/p-c-Jun Play Important Roles in Pilocarpine-Induced Seizures and Learning-Memory Impairment. | The Role of 5-HTR6 in Mossy Fiber Sprouting: Activating Fyn and p-ERK1/2 in Pilocarpine-Induced Chronic Epileptic Rats. | 5-HT6 Receptor Recruitment of mTOR Modulates Seizure Activity in Epilepsy.,https://pubmed.ncbi.nlm.nih.gov/32425770/ | https://pubmed.ncbi.nlm.nih.gov/30694481/ | https://pubmed.ncbi.nlm.nih.gov/28535499/ | https://pubmed.ncbi.nlm.nih.gov/25034463/,5910,CCC1C(COC1=O)CC2=CN=CN2C,4,"Pilocarpine appears in literature related to 5-HT6 receptor, but direct receptor interaction has not been established.",Review full article for direct receptor evidence
227,4-(piperazin-1-yl)-1H-indole,5-HT6 exploratory candidate,Chemical / small molecule,5-HT6 receptor,No,No,No,No,Yes,0.014681798405945301,Low,Unvalidated,E,,3,0.25,0.07804316896386446,PubMed,2015,25557493,,European journal of medicinal chemistry,10.1016/j.ejmech.2014.12.045,Novel 5-HT6 receptor antagonists/D2 receptor partial agonists targeting behavioral and psychological symptoms of dementia.,https://pubmed.ncbi.nlm.nih.gov/25557493/,594590,C1CN(CCN1)C2=CC=CC3=C2C=CN3,1,4-(piperazin-1-yl)-1H-indole currently has an ML prediction but requires stronger receptor-specific literature validation.,Literature validation needed before experimental priority
228,"3H-imidazo[4,5-b]pyridine",5-HT6 exploratory candidate,Chemical / small molecule,5-HT6 receptor,No,No,No,No,Yes,0.00476484140381217,Low,Unvalidated,E,,6,0.25,0.0775971469124779,PubMed,2018,29291439,,European journal of medicinal chemistry,10.1016/j.ejmech.2017.12.053,"Novel non-sulfonamide 5-HT6 receptor partial inverse agonist in a group of imidazo[4,5-b]pyridines with cognition enhancing properties.",https://pubmed.ncbi.nlm.nih.gov/29291439/,67504,C1=CC2=C(N=C1)N=CN2,1,"3H-imidazo[4,5-b]pyridine currently has an ML prediction but requires stronger receptor-specific literature validation.",Literature validation needed before experimental priority
229,quinolin,5-HT6 exploratory candidate,Chemical / small molecule,5-HT6 receptor,No,No,No,No,Yes,0.009761938825249672,Low,Unvalidated,E,,3,0.25,0.07484526023641229,PubMed,2017,28729057,,Bioorganic & medicinal chemistry letters,10.1016/j.bmcl.2017.07.031,Neuropathic pain-alleviating effects of pyrazole-conjugated arylsulfonamides as 5-HT6 receptor antagonists.,https://pubmed.ncbi.nlm.nih.gov/28729057/,7047,C1=CC=C2C(=C1)C=CC=N2,1,quinolin currently has an ML prediction but requires stronger receptor-specific literature validation.,Literature validation needed before experimental priority
230,indoline,5-HT6 exploratory candidate,Chemical / small molecule,5-HT6 receptor,No,No,No,No,Yes,0.014022205024957657,Low,Indirect/context evidence,D,"Spiro[pyrrolidine-3,3'-oxindoles] and Their Indoline Analogues as New 5-HT6 Receptor Chemotypes.",1,0.25,0.07361443326622248,PubMed + PMC,2017,29240714,PMC6149751,"Molecules (Basel, Switzerland)",10.3390/molecules22122221,"Spiro[pyrrolidine-3,3'-oxindoles] and Their Indoline Analogues as New 5-HT6 Receptor Chemotypes.",https://pubmed.ncbi.nlm.nih.gov/29240714/,10328,C1CNC2=CC=CC=C21,1,"indoline appears in literature related to 5-HT6 receptor, but direct receptor interaction has not been established.",Review full article for direct receptor evidence
231,benzimidazole,5-HT6 exploratory candidate,Chemical / small molecule,5-HT6 receptor,No,No,No,No,Yes,0.013041622936725616,Low,Unvalidated,E,,1,0.25,0.07297705490887166,PubMed + PMC,2017,28117458,PMC5259792,Scientific reports,10.1038/srep41293,A new serotonin 5-HT6 receptor antagonist with procognitive activity - Importance of a halogen bond interaction to stabilize the binding.,https://pubmed.ncbi.nlm.nih.gov/28117458/,5798,C1=CC=C2C(=C1)NC=N2,1,benzimidazole currently has an ML prediction but requires stronger receptor-specific literature validation.,Literature validation needed before experimental priority
232,imidazopyridine,5-HT6 exploratory candidate,Chemical / small molecule,5-HT6 receptor,No,No,No,No,Yes,0.00476484140381217,Low,Direct receptor evidence,C,Imidazopyridine-Based 5-HT6 Receptor Neutral Antagonists: Impact of N1-Benzyl and N1-Phenylsulfonyl Fragments on Different Receptor Conformational States.,3,0.25,0.07159714691247791,PubMed,2021,33439019,,Journal of medicinal chemistry,10.1021/acs.jmedchem.0c02009,Imidazopyridine-Based 5-HT6 Receptor Neutral Antagonists: Impact of N1-Benzyl and N1-Phenylsulfonyl Fragments on Different Receptor Conformational States.,https://pubmed.ncbi.nlm.nih.gov/33439019/,67504,C1=CC2=C(N=C1)N=CN2,1,imidazopyridine has experimental receptor evidence involving 5-HT6 receptor and is being evaluated as a possible GPR62 candidate.,Review pharmacology and consider experimental testing
